Id,ProductId,UserId,ProfileName,HelpfulnessNumerator,HelpfulnessDenominator,Score,Time,Summary,Text
1,B0011576,A379925,User_0,8,31,5,1045245219,Loved it!,This product is absolutely amazing! Best purchase I have ever made. This is the best food product I have tried in years. So delicious!
2,B0072805,A480708,User_1,1,3,5,1424004902,Good!,Incredible product at a very reasonable price. Highly recommended! I love this product so much. It exceeded all my expectations.
3,B0030458,A750588,User_2,12,34,4,1396959874,Perfect!,Best snack I have ever had. My kids absolutely love it too. Perfectly packaged and freshly delivered. Very happy with this order.
2087,B0051594,A313741,User_2086,48,58,5,1412537192,Amazing!,Best snack I have ever had. My kids absolutely love it too. Superb quality and flavor. This is now a staple in my household.
5,B0030524,A208588,User_4,21,29,1,1226249435,Waste of money,Terrible product. Arrived broken and smelled awful. Never again. Not worth a single penny. Quality is shockingly bad.
6,B0010232,A796855,User_5,6,17,4,1361496926,Excellent!,Really good product. I order this every month for my family. Fantastic taste and great value for money. Highly recommend!
7,B0093665,A985260,User_6,34,37,1,1100380409,Poor quality,Very bad experience. Product did not match the description at all. Product was stale and expired. Very unhappy with this purchase.
8,B0082610,A889495,User_7,23,41,3,1095173969,Passable,Neither impressive nor disappointing. Just a regular purchase. Average product. Neither good nor bad. Just acceptable.
9,B0024714,A776965,User_8,5,32,5,1018036946,Amazing!,I love this product so much. It exceeded all my expectations. Great quality and fast shipping. Will definitely buy again.
10,B0098241,A481719,User_9,40,66,5,1447338708,Wonderful!,Fantastic taste and great value for money. Highly recommend! Absolutely delicious and healthy. I cannot imagine my life without it.
11,B0097656,A479492,User_10,44,73,5,1497217084,Amazing!,Superb quality and flavor. This is now a staple in my household. Superb quality and flavor. This is now a staple in my household.
12,B0048061,A815154,User_11,34,57,2,1379137249,Not recommended,Very disappointed. The taste was nothing like described. Very bad experience. Product did not match the description at all.
13,B0068645,A565495,User_12,14,35,5,1210236656,Perfect!,Top notch quality. I am very satisfied with my purchase. Absolutely delicious and healthy. I cannot imagine my life without it.
14,B0030229,A748085,User_13,25,33,4,1459762785,5 stars!,Great quality and fast shipping. Will definitely buy again. Outstanding product. Five stars without any hesitation.
15,B0092873,A304964,User_14,25,53,5,1350815409,Wonderful!,The taste is divine and it keeps me energized throughout the day. Really good product. I order this every month for my family.
16,B0035317,A264580,User_15,15,38,3,1387429963,Decent,It is fine. I have had better but also much worse. Decent enough for the price. Not amazing but not terrible either.
17,B0070044,A905537,User_16,25,36,5,1361300480,Fantastic!,This is the best food product I have tried in years. So delicious! The taste is divine and it keeps me energized throughout the day.
18,B0037627,A612641,User_17,48,49,5,1174591797,Great product!,Perfect in every way. My family loves it and we keep buying more. Best snack I have ever had. My kids absolutely love it too.
19,B0056098,A589585,User_18,4,16,3,1321070279,Passable,Decent enough for the price. Not amazing but not terrible either. Decent enough for the price. Not amazing but not terrible either.
20,B0065046,A107458,User_19,0,21,5,1047696990,Perfect!,Top notch quality. I am very satisfied with my purchase. Best snack I have ever had. My kids absolutely love it too.
21,B0047056,A224303,User_20,49,69,2,1024619910,Awful,Tasted terrible. Threw it straight in the bin. Complete waste. Disappointed and frustrated. This product ruined my meal.
22,B0012325,A221248,User_21,0,30,5,1002069787,Wonderful!,"Wonderful taste, great packaging, and arrived on time. Love it! Great purchase. The product tastes exactly as described."
23,B0071093,A814384,User_22,32,61,2,1385012371,Not recommended,I regret buying this. The smell is awful and taste is worse. Product was stale and expired. Very unhappy with this purchase.
24,B0077602,A451947,User_23,23,47,5,1148233350,Highly recommend,"Wonderful taste, great packaging, and arrived on time. Love it! Best snack I have ever had. My kids absolutely love it too."
25,B0039265,A423228,User_24,1,4,5,1447836367,Wonderful!,Best snack I have ever had. My kids absolutely love it too. This product is absolutely amazing! Best purchase I have ever made.
26,B0013772,A810755,User_25,36,66,3,1134984834,Fine,"Average taste. Expected better but it is passable. It does what it says. Nothing more, nothing less."
27,B0079922,A748624,User_26,42,57,5,1101785225,Highly recommend,Loved the flavor and texture. Will be ordering more very soon. I love this product so much. It exceeded all my expectations.
28,B0039090,A200532,User_27,34,58,3,1211459514,Fine,Decent enough for the price. Not amazing but not terrible either. Average taste. Expected better but it is passable.
29,B0016516,A974026,User_28,42,62,1,1134854229,Waste of money,Worst purchase I have ever made. Do not waste your money. I regret buying this. The smell is awful and taste is worse.
30,B0062473,A589207,User_29,14,16,4,1470595452,Loved it!,Best snack I have ever had. My kids absolutely love it too. Top notch quality. I am very satisfied with my purchase.
31,B0089122,A808761,User_30,14,14,5,1115744302,Fantastic!,The taste is divine and it keeps me energized throughout the day. Incredible product at a very reasonable price. Highly recommended!
32,B0068123,A623383,User_31,21,23,4,1210612301,Good!,Great quality and fast shipping. Will definitely buy again. Outstanding product. Five stars without any hesitation.
33,B0078213,A315589,User_32,8,31,5,1143369052,Perfect!,This is the best food product I have tried in years. So delicious! Loved the flavor and texture. Will be ordering more very soon.
34,B0088435,A755727,User_33,50,65,3,1155747001,Fine,Middling product. Not excited to reorder but might anyway. Middling product. Not excited to reorder but might anyway.
35,B0086544,A947642,User_34,22,35,1,1134743900,Waste of money,Worst purchase I have ever made. Do not waste your money. Very disappointed. The taste was nothing like described.
36,B0092419,A291771,User_35,46,56,4,1112885322,Excellent!,Great quality and fast shipping. Will definitely buy again. Fantastic taste and great value for money. Highly recommend!
4527,B0090812,A165035,User_4526,19,24,4,1148100825,Perfect!,Absolutely delicious and healthy. I cannot imagine my life without it. Great quality and fast shipping. Will definitely buy again.
38,B0058657,A977336,User_37,4,18,5,1086096959,Loved it!,Excellent product! The quality is outstanding and it tastes wonderful. This is the best food product I have tried in years. So delicious!
39,B0023531,A991339,User_38,41,58,1,1401981399,Terrible,Horrible product. Returned it immediately. Do not buy this. Extremely bitter and unpleasant. Could not eat it at all.
40,B0094088,A533805,User_39,26,41,1,1417759251,Not recommended,Very disappointed. The taste was nothing like described. Disappointed and frustrated. This product ruined my meal.
41,B0043463,A104825,User_40,0,12,5,1302487640,Excellent!,Absolutely delicious and healthy. I cannot imagine my life without it. Great quality and fast shipping. Will definitely buy again.
42,B0055439,A956850,User_41,42,64,5,1433987063,Perfect!,"Top notch quality. I am very satisfied with my purchase. Wonderful taste, great packaging, and arrived on time. Love it!"
43,B0047231,A714715,User_42,37,60,5,1426480648,Good!,"Very happy with this purchase. Arrived quickly and well packaged. Wonderful taste, great packaging, and arrived on time. Love it!"
44,B0089634,A544607,User_43,30,46,4,1224628442,Fantastic!,Really good product. I order this every month for my family. Great quality and fast shipping. Will definitely buy again.
45,B0081909,A632651,User_44,5,32,3,1315808664,Alright,Meets basic expectations. Nothing stands out about it. Decent enough for the price. Not amazing but not terrible either.
46,B0036793,A456863,User_45,7,37,5,1049877838,Excellent!,Perfectly packaged and freshly delivered. Very happy with this order. I love this product so much. It exceeded all my expectations.
47,B0063956,A526037,User_46,5,18,3,1135765307,Passable,"It does what it says. Nothing more, nothing less. Middling product. Not excited to reorder but might anyway."
48,B0070483,A633081,User_47,13,34,1,1079110175,Awful,Very bad experience. Product did not match the description at all. Extremely bitter and unpleasant. Could not eat it at all.
49,B0020411,A678630,User_48,42,62,1,1083918359,Not recommended,Worst purchase I have ever made. Do not waste your money. Product was stale and expired. Very unhappy with this purchase.
50,B0044106,A821273,User_49,39,57,4,1370450666,Wonderful!,Really good product. I order this every month for my family. I love this product so much. It exceeded all my expectations.
51,B0060794,A662079,User_50,16,20,3,1408101028,Alright,Average product. Neither good nor bad. Just acceptable. Meets basic expectations. Nothing stands out about it.
52,B0073020,A771980,User_51,10,24,3,1495678130,Acceptable,"Average product. Neither good nor bad. Just acceptable. It does what it says. Nothing more, nothing less."
53,B0044529,A820022,User_52,0,21,2,1379859566,Don't buy,I regret buying this. The smell is awful and taste is worse. Product was stale and expired. Very unhappy with this purchase.
54,B0083963,A677028,User_53,8,16,2,1004002643,Very bad,Product was stale and expired. Very unhappy with this purchase. Disappointed and frustrated. This product ruined my meal.
55,B0014629,A540507,User_54,18,37,5,1339055778,Amazing!,Fantastic taste and great value for money. Highly recommend! Incredible product at a very reasonable price. Highly recommended!
56,B0066987,A890966,User_55,31,39,5,1030265772,Perfect!,Really good product. I order this every month for my family. Very happy with this purchase. Arrived quickly and well packaged.
57,B0059665,A165888,User_56,2,2,3,1248779831,Acceptable,It is okay. Nothing special but does the job. Average product. Neither good nor bad. Just acceptable.
58,B0079055,A136630,User_57,35,57,5,1337826740,Wonderful!,Perfect in every way. My family loves it and we keep buying more. This is the best food product I have tried in years. So delicious!
59,B0077515,A892920,User_58,34,35,4,1080662754,Highly recommend,This product is absolutely amazing! Best purchase I have ever made. Fantastic taste and great value for money. Highly recommend!
60,B0064769,A649186,User_59,8,9,1,1088664229,Waste of money,Very bad experience. Product did not match the description at all. Extremely bitter and unpleasant. Could not eat it at all.
61,B0068909,A459685,User_60,42,45,5,1493839841,Loved it!,Great quality and fast shipping. Will definitely buy again. Superb quality and flavor. This is now a staple in my household.
62,B0058834,A806268,User_61,10,35,5,1477380703,Loved it!,Incredible product at a very reasonable price. Highly recommended! Great purchase. The product tastes exactly as described.
63,B0018962,A734336,User_62,47,76,1,1236994524,Not recommended,Disappointed and frustrated. This product ruined my meal. Nothing as advertised. Feels like a scam. Very unhappy.
64,B0083555,A597321,User_63,50,72,5,1213660373,Highly recommend,Great purchase. The product tastes exactly as described. Outstanding product. Five stars without any hesitation.
65,B0054253,A310204,User_64,29,40,5,1385367618,Loved it!,Great quality and fast shipping. Will definitely buy again. Loved the flavor and texture. Will be ordering more very soon.
66,B0074411,A463613,User_65,25,35,4,1268556724,Loved it!,Outstanding product. Five stars without any hesitation. Outstanding product. Five stars without any hesitation.
67,B0023235,A625288,User_66,25,46,5,1128299532,Perfect!,I love this product so much. It exceeded all my expectations. This is the best food product I have tried in years. So delicious!
68,B0021010,A496888,User_67,16,21,3,1171337044,Average,Meets basic expectations. Nothing stands out about it. Okay product. Will consider alternatives next time.
69,B0065703,A602109,User_68,27,38,4,1084401779,Fantastic!,This is the best food product I have tried in years. So delicious! Great quality and fast shipping. Will definitely buy again.
70,B0049888,A970269,User_69,7,19,2,1247935348,Don't buy,The flavor is disgusting and the texture is completely off. Nothing as advertised. Feels like a scam. Very unhappy.
71,B0056441,A957586,User_70,0,16,3,1273059176,So so,"It does what it says. Nothing more, nothing less. Average taste. Expected better but it is passable."
72,B0066506,A970939,User_71,4,34,3,1025210016,So so,"Meets basic expectations. Nothing stands out about it. It does what it says. Nothing more, nothing less."
73,B0015955,A719877,User_72,46,74,1,1454825494,Very bad,The flavor is disgusting and the texture is completely off. Very bad experience. Product did not match the description at all.
74,B0056018,A407592,User_73,44,53,5,1336725370,Excellent!,"Wonderful taste, great packaging, and arrived on time. Love it! Great purchase. The product tastes exactly as described."
75,B0097665,A969560,User_74,39,57,5,1272339004,Highly recommend,Very happy with this purchase. Arrived quickly and well packaged. Great purchase. The product tastes exactly as described.
76,B0089641,A322862,User_75,13,26,5,1484504086,Amazing!,Incredible product at a very reasonable price. Highly recommended! This product is absolutely amazing! Best purchase I have ever made.
77,B0057899,A830711,User_76,28,42,1,1473789466,Poor quality,Very bad experience. Product did not match the description at all. Tasted terrible. Threw it straight in the bin. Complete waste.
78,B0062713,A303997,User_77,42,44,2,1493966556,Not recommended,Extremely bitter and unpleasant. Could not eat it at all. Packaging was horrible and the product leaked everywhere.
79,B0037161,A996945,User_78,43,52,4,1239464483,Loved it!,Perfectly packaged and freshly delivered. Very happy with this order. Really good product. I order this every month for my family.
80,B0049802,A530673,User_79,15,30,4,1494855777,Good!,Very happy with this purchase. Arrived quickly and well packaged. Perfect in every way. My family loves it and we keep buying more.
81,B0042629,A387107,User_80,12,34,5,1292791730,Fantastic!,I love this product so much. It exceeded all my expectations. Top notch quality. I am very satisfied with my purchase.
82,B0021718,A384732,User_81,41,63,1,1171588054,Not recommended,Packaging was horrible and the product leaked everywhere. Nothing as advertised. Feels like a scam. Very unhappy.
83,B0076031,A620286,User_82,44,60,5,1358981020,Highly recommend,Fantastic taste and great value for money. Highly recommend! Great purchase. The product tastes exactly as described.
84,B0016398,A153540,User_83,8,33,4,1258988552,Wonderful!,Incredible product at a very reasonable price. Highly recommended! Outstanding product. Five stars without any hesitation.
85,B0092027,A276387,User_84,39,65,5,1057135722,Wonderful!,Best snack I have ever had. My kids absolutely love it too. Incredible product at a very reasonable price. Highly recommended!
86,B0095959,A501267,User_85,10,33,2,1030267820,Poor quality,Extremely bitter and unpleasant. Could not eat it at all. Nothing as advertised. Feels like a scam. Very unhappy.
87,B0067526,A310516,User_86,49,73,3,1322973383,Acceptable,It is fine. I have had better but also much worse. Average taste. Expected better but it is passable.
88,B0037460,A257685,User_87,45,54,5,1491774714,Great product!,Outstanding product. Five stars without any hesitation. This is the best food product I have tried in years. So delicious!
89,B0087145,A613804,User_88,9,16,4,1117198542,Highly recommend,Really good product. I order this every month for my family. Really good product. I order this every month for my family.
90,B0029208,A514830,User_89,26,36,4,1101122329,Excellent!,Perfect in every way. My family loves it and we keep buying more. Very happy with this purchase. Arrived quickly and well packaged.
91,B0012130,A980444,User_90,24,52,5,1290128810,Excellent!,Great purchase. The product tastes exactly as described. Great quality and fast shipping. Will definitely buy again.
92,B0014243,A616732,User_91,30,30,2,1402980595,Waste of money,I regret buying this. The smell is awful and taste is worse. Terrible product. Arrived broken and smelled awful. Never again.
93,B0027655,A789808,User_92,47,70,3,1199787381,Alright,Average taste. Expected better but it is passable. Neither impressive nor disappointing. Just a regular purchase.
94,B0055808,A544907,User_93,17,30,5,1117063274,Loved it!,Perfectly packaged and freshly delivered. Very happy with this order. Outstanding product. Five stars without any hesitation.
95,B0079370,A940876,User_94,29,58,5,1021202260,Highly recommend,Absolutely delicious and healthy. I cannot imagine my life without it. Really good product. I order this every month for my family.
96,B0055364,A902386,User_95,37,55,4,1007658323,Excellent!,Perfectly packaged and freshly delivered. Very happy with this order. Incredible product at a very reasonable price. Highly recommended!
97,B0066167,A467683,User_96,29,34,1,1023406464,Not recommended,Very disappointed. The taste was nothing like described. Tasted terrible. Threw it straight in the bin. Complete waste.
98,B0053421,A723407,User_97,20,30,5,1315680944,Wonderful!,
99,B0038039,A512832,User_98,5,20,1,1023293466,Awful,Nothing as advertised. Feels like a scam. Very unhappy. Product was stale and expired. Very unhappy with this purchase.
100,B0041486,A947747,User_99,41,43,5,1482922039,Loved it!,Incredible product at a very reasonable price. Highly recommended! Great quality and fast shipping. Will definitely buy again.
101,B0071567,A937283,User_100,12,38,1,1032210686,Disappointed,Tasted terrible. Threw it straight in the bin. Complete waste. Terrible product. Arrived broken and smelled awful. Never again.
102,B0072497,A376653,User_101,42,45,5,1357342078,Wonderful!,Perfect in every way. My family loves it and we keep buying more. Outstanding product. Five stars without any hesitation.
103,B0073191,A871072,User_102,10,29,5,1227094040,5 stars!,Very happy with this purchase. Arrived quickly and well packaged. Top notch quality. I am very satisfied with my purchase.
104,B0041713,A451040,User_103,37,37,5,1113659007,Great product!,Fantastic taste and great value for money. Highly recommend! Excellent product! The quality is outstanding and it tastes wonderful.
105,B0012415,A643416,User_104,4,22,3,1340449320,Fine,Middling product. Not excited to reorder but might anyway. Neither impressive nor disappointing. Just a regular purchase.
106,B0098736,A566039,User_105,43,62,1,1075436072,Awful,Tasted terrible. Threw it straight in the bin. Complete waste. Worst purchase I have ever made. Do not waste your money.
107,B0036222,A787679,User_106,34,47,1,1183667023,Horrible,Not worth a single penny. Quality is shockingly bad. Very bad experience. Product did not match the description at all.
108,B0023031,A877431,User_107,0,27,2,1276208790,Horrible,Very disappointed. The taste was nothing like described. Extremely bitter and unpleasant. Could not eat it at all.
109,B0059614,A506056,User_108,40,68,5,1392390511,5 stars!,Loved the flavor and texture. Will be ordering more very soon. Fantastic taste and great value for money. Highly recommend!
110,B0074897,A503713,User_109,46,62,1,1461959595,Not recommended,I regret buying this. The smell is awful and taste is worse. Poor quality packaging. Items were damaged when received.
111,B0083034,A749090,User_110,27,53,3,1227702295,Not bad,Average taste. Expected better but it is passable. Middling product. Not excited to reorder but might anyway.
112,B0073049,A371877,User_111,17,45,1,1346490435,Very bad,Product was stale and expired. Very unhappy with this purchase. The flavor is disgusting and the texture is completely off.
113,B0024190,A959061,User_112,1,16,5,1255466984,5 stars!,Top notch quality. I am very satisfied with my purchase. The taste is divine and it keeps me energized throughout the day.
114,B0087581,A711705,User_113,16,26,3,1239414581,Normal,Decent enough for the price. Not amazing but not terrible either. It is fine. I have had better but also much worse.
115,B0031087,A763762,User_114,12,14,4,1474974418,Perfect!,Perfectly packaged and freshly delivered. Very happy with this order. This is the best food product I have tried in years. So delicious!
116,B0064484,A377954,User_115,41,63,5,1177546220,Wonderful!,Great purchase. The product tastes exactly as described. Loved the flavor and texture. Will be ordering more very soon.
117,B0024120,A564119,User_116,25,47,5,1152302919,Loved it!,This product is absolutely amazing! Best purchase I have ever made. I love this product so much. It exceeded all my expectations.
118,B0058650,A880750,User_117,33,44,5,1216083685,Perfect!,The taste is divine and it keeps me energized throughout the day. Superb quality and flavor. This is now a staple in my household.
119,B0047115,A182110,User_118,17,26,5,1198468357,Wonderful!,Incredible product at a very reasonable price. Highly recommended! Really good product. I order this every month for my family.
120,B0081762,A465817,User_119,47,64,5,1296099793,Great product!,Fantastic taste and great value for money. Highly recommend! Very happy with this purchase. Arrived quickly and well packaged.
121,B0072978,A470758,User_120,17,40,3,1221828552,Not bad,"Decent enough for the price. Not amazing but not terrible either. It does what it says. Nothing more, nothing less."
122,B0098250,A982858,User_121,12,21,5,1064744231,Great product!,Best snack I have ever had. My kids absolutely love it too. Perfectly packaged and freshly delivered. Very happy with this order.
123,B0030145,A758880,User_122,8,16,4,1257394279,Perfect!,"Excellent product! The quality is outstanding and it tastes wonderful. Wonderful taste, great packaging, and arrived on time. Love it!"
124,B0011653,A948453,User_123,40,67,5,1088958707,Highly recommend,Great quality and fast shipping. Will definitely buy again. Incredible product at a very reasonable price. Highly recommended!
125,B0023565,A874139,User_124,18,33,1,1296750018,Disgusting,Very disappointed. The taste was nothing like described. Horrible product. Returned it immediately. Do not buy this.
126,B0028818,A350204,User_125,30,33,4,1353298676,Amazing!,Really good product. I order this every month for my family. Excellent product! The quality is outstanding and it tastes wonderful.
127,B0044422,A388438,User_126,40,61,1,1165928644,Disgusting,Nothing as advertised. Feels like a scam. Very unhappy. Packaging was horrible and the product leaked everywhere.
128,B0097134,A995136,User_127,15,18,5,1248314140,Great product!,Perfect in every way. My family loves it and we keep buying more. The taste is divine and it keeps me energized throughout the day.
129,B0017546,A564888,User_128,24,38,5,1351233041,Perfect!,Great purchase. The product tastes exactly as described. Perfectly packaged and freshly delivered. Very happy with this order.
130,B0028152,A365018,User_129,36,55,3,1014930365,Acceptable,Average taste. Expected better but it is passable. Middling product. Not excited to reorder but might anyway.
131,B0059145,A435246,User_130,42,44,5,1129562643,Amazing!,Fantastic taste and great value for money. Highly recommend! Very happy with this purchase. Arrived quickly and well packaged.
132,B0048020,A779240,User_131,0,13,4,1155314024,Highly recommend,
133,B0054173,A137831,User_132,14,23,5,1147219501,Good!,Perfectly packaged and freshly delivered. Very happy with this order. Loved the flavor and texture. Will be ordering more very soon.
134,B0052106,A851725,User_133,43,50,1,1431335701,Very bad,I regret buying this. The smell is awful and taste is worse. Horrible product. Returned it immediately. Do not buy this.
135,B0013116,A769543,User_134,34,41,3,1226107144,Average,"Middling product. Not excited to reorder but might anyway. It does what it says. Nothing more, nothing less."
136,B0096269,A236009,User_135,10,35,4,1342374591,Good!,This is the best food product I have tried in years. So delicious! Perfect in every way. My family loves it and we keep buying more.
137,B0017576,A365486,User_136,29,51,5,1116285233,Great product!,"The taste is divine and it keeps me energized throughout the day. Wonderful taste, great packaging, and arrived on time. Love it!"
138,B0054839,A124660,User_137,5,24,5,1118229351,Wonderful!,Absolutely delicious and healthy. I cannot imagine my life without it. This is the best food product I have tried in years. So delicious!
139,B0048769,A912282,User_138,5,12,5,1098682509,Good!,Great purchase. The product tastes exactly as described. Really good product. I order this every month for my family.
140,B0087313,A482252,User_139,36,37,3,1382111357,Acceptable,Middling product. Not excited to reorder but might anyway. Middling product. Not excited to reorder but might anyway.
141,B0014109,A353060,User_140,17,22,2,1154104529,Poor quality,Poor quality packaging. Items were damaged when received. Packaging was horrible and the product leaked everywhere.
142,B0076490,A564187,User_141,22,35,3,1440258519,Not bad,Neither impressive nor disappointing. Just a regular purchase. It is fine. I have had better but also much worse.
143,B0014781,A619207,User_142,44,59,5,1203227689,Excellent!,Fantastic taste and great value for money. Highly recommend! Excellent product! The quality is outstanding and it tastes wonderful.
144,B0097268,A277894,User_143,5,15,4,1189895029,Wonderful!,Absolutely delicious and healthy. I cannot imagine my life without it. Incredible product at a very reasonable price. Highly recommended!
145,B0083870,A729686,User_144,29,42,4,1348164665,Perfect!,Fantastic taste and great value for money. Highly recommend! Absolutely delicious and healthy. I cannot imagine my life without it.
146,B0086827,A778904,User_145,48,49,5,1423565643,Wonderful!,Best snack I have ever had. My kids absolutely love it too. Superb quality and flavor. This is now a staple in my household.
147,B0082163,A105830,User_146,44,59,5,1408406607,Wonderful!,Incredible product at a very reasonable price. Highly recommended! Perfect in every way. My family loves it and we keep buying more.
148,B0037365,A686319,User_147,35,35,5,1359785547,Amazing!,Perfectly packaged and freshly delivered. Very happy with this order. Outstanding product. Five stars without any hesitation.
149,B0084452,A860191,User_148,7,27,4,1221786286,Wonderful!,I love this product so much. It exceeded all my expectations. Outstanding product. Five stars without any hesitation.
150,B0075008,A386149,User_149,32,54,2,1459384699,Awful,Packaging was horrible and the product leaked everywhere. Disappointed and frustrated. This product ruined my meal.
151,B0062620,A812220,User_150,35,39,5,1463783036,Wonderful!,Loved the flavor and texture. Will be ordering more very soon. Loved the flavor and texture. Will be ordering more very soon.
152,B0092719,A972152,User_151,17,41,5,1283662153,Great product!,Perfectly packaged and freshly delivered. Very happy with this order. Best snack I have ever had. My kids absolutely love it too.
153,B0070063,A884373,User_152,0,9,2,1153032737,Awful,Nothing as advertised. Feels like a scam. Very unhappy. The flavor is disgusting and the texture is completely off.
154,B0041051,A649682,User_153,9,23,2,1441476038,Poor quality,Horrible product. Returned it immediately. Do not buy this. Very bad experience. Product did not match the description at all.
155,B0078213,A740828,User_154,20,47,5,1414048066,Wonderful!,Superb quality and flavor. This is now a staple in my household. Really good product. I order this every month for my family.
156,B0076846,A517714,User_155,49,62,5,1034927721,Loved it!,Outstanding product. Five stars without any hesitation. The taste is divine and it keeps me energized throughout the day.
157,B0072693,A430113,User_156,31,61,5,1179414081,Highly recommend,Loved the flavor and texture. Will be ordering more very soon. Absolutely delicious and healthy. I cannot imagine my life without it.
158,B0027708,A338016,User_157,28,31,5,1159282248,Great product!,Best snack I have ever had. My kids absolutely love it too. The taste is divine and it keeps me energized throughout the day.
159,B0050613,A772853,User_158,41,45,5,1401882496,Excellent!,Top notch quality. I am very satisfied with my purchase. This product is absolutely amazing! Best purchase I have ever made.
160,B0059480,A754042,User_159,21,48,5,1220556529,Great product!,This is the best food product I have tried in years. So delicious! Really good product. I order this every month for my family.
161,B0022765,A371264,User_160,34,35,1,1394517948,Poor quality,Extremely bitter and unpleasant. Could not eat it at all. Nothing as advertised. Feels like a scam. Very unhappy.
162,B0061344,A448930,User_161,27,30,5,1107747855,Great product!,"Outstanding product. Five stars without any hesitation. Wonderful taste, great packaging, and arrived on time. Love it!"
163,B0038122,A128296,User_162,10,32,1,1178722674,Poor quality,I regret buying this. The smell is awful and taste is worse. Horrible product. Returned it immediately. Do not buy this.
164,B0011728,A348537,User_163,18,29,5,1065008327,Good!,This product is absolutely amazing! Best purchase I have ever made. Great quality and fast shipping. Will definitely buy again.
165,B0036502,A562344,User_164,43,68,5,1249934558,Fantastic!,Perfect in every way. My family loves it and we keep buying more. Outstanding product. Five stars without any hesitation.
166,B0046975,A943820,User_165,43,50,5,1167830494,Fantastic!,Excellent product! The quality is outstanding and it tastes wonderful. I love this product so much. It exceeded all my expectations.
167,B0042601,A954318,User_166,40,48,5,1265794237,Wonderful!,The taste is divine and it keeps me energized throughout the day. Perfect in every way. My family loves it and we keep buying more.
168,B0078963,A466369,User_167,10,12,5,1109528640,Perfect!,This product is absolutely amazing! Best purchase I have ever made. Top notch quality. I am very satisfied with my purchase.
169,B0038804,A393242,User_168,44,52,5,1168353143,Excellent!,Superb quality and flavor. This is now a staple in my household. The taste is divine and it keeps me energized throughout the day.
170,B0097982,A680875,User_169,6,13,5,1406034156,Wonderful!,"Wonderful taste, great packaging, and arrived on time. Love it! Very happy with this purchase. Arrived quickly and well packaged."
171,B0017790,A134118,User_170,1,27,5,1036499187,Amazing!,Superb quality and flavor. This is now a staple in my household. The taste is divine and it keeps me energized throughout the day.
172,B0013604,A910394,User_171,38,61,2,1438959484,Terrible,Product was stale and expired. Very unhappy with this purchase. Terrible product. Arrived broken and smelled awful. Never again.
173,B0013920,A605454,User_172,40,46,5,1276313245,Loved it!,"Wonderful taste, great packaging, and arrived on time. Love it! Outstanding product. Five stars without any hesitation."
174,B0086056,A650478,User_173,50,64,4,1196736831,Amazing!,Perfect in every way. My family loves it and we keep buying more. Fantastic taste and great value for money. Highly recommend!
175,B0020416,A107645,User_174,20,43,4,1058103005,Amazing!,Superb quality and flavor. This is now a staple in my household. Perfect in every way. My family loves it and we keep buying more.
176,B0048148,A492793,User_175,32,61,5,1422843833,Perfect!,Very happy with this purchase. Arrived quickly and well packaged. Perfect in every way. My family loves it and we keep buying more.
177,B0039281,A340723,User_176,47,74,5,1391426456,Amazing!,Excellent product! The quality is outstanding and it tastes wonderful. This is the best food product I have tried in years. So delicious!
178,B0051008,A657942,User_177,48,78,4,1452651784,Highly recommend,Fantastic taste and great value for money. Highly recommend! Top notch quality. I am very satisfied with my purchase.
179,B0030629,A326400,User_178,50,62,5,1268273068,Great product!,Absolutely delicious and healthy. I cannot imagine my life without it. Incredible product at a very reasonable price. Highly recommended!
180,B0090620,A308374,User_179,43,66,5,1212538231,5 stars!,Incredible product at a very reasonable price. Highly recommended! Fantastic taste and great value for money. Highly recommend!
791,B0073005,A447009,User_790,5,17,2,1469586420,Poor quality,Packaging was horrible and the product leaked everywhere. Not worth a single penny. Quality is shockingly bad.
182,B0091062,A659601,User_181,14,34,5,1362183445,Fantastic!,This product is absolutely amazing! Best purchase I have ever made. Perfectly packaged and freshly delivered. Very happy with this order.
183,B0039625,A489937,User_182,8,9,5,1207556866,Great product!,"Top notch quality. I am very satisfied with my purchase. Wonderful taste, great packaging, and arrived on time. Love it!"
184,B0012327,A522485,User_183,15,43,3,1192723452,Average,Average taste. Expected better but it is passable. It is fine. I have had better but also much worse.
185,B0074450,A708536,User_184,26,44,5,1377761509,Perfect!,Absolutely delicious and healthy. I cannot imagine my life without it. Top notch quality. I am very satisfied with my purchase.
186,B0046435,A297644,User_185,31,50,1,1438630406,Very bad,Poor quality packaging. Items were damaged when received. Disappointed and frustrated. This product ruined my meal.
187,B0023940,A295590,User_186,28,42,5,1304040633,Loved it!,This is the best food product I have tried in years. So delicious! Great quality and fast shipping. Will definitely buy again.
188,B0067367,A856668,User_187,41,52,3,1193773191,Alright,Okay product. Will consider alternatives next time. Average product. Neither good nor bad. Just acceptable.
189,B0084467,A736656,User_188,5,26,4,1490227098,Wonderful!,This is the best food product I have tried in years. So delicious! Very happy with this purchase. Arrived quickly and well packaged.
190,B0084238,A226736,User_189,15,19,4,1311339939,5 stars!,Perfectly packaged and freshly delivered. Very happy with this order. This product is absolutely amazing! Best purchase I have ever made.
191,B0094386,A359705,User_190,37,43,2,1219251692,Disappointed,Worst purchase I have ever made. Do not waste your money. Very disappointed. The taste was nothing like described.
192,B0064103,A526856,User_191,0,8,1,1175668942,Disgusting,Worst purchase I have ever made. Do not waste your money. The flavor is disgusting and the texture is completely off.
193,B0051168,A730021,User_192,7,28,3,1423628277,Decent,Decent enough for the price. Not amazing but not terrible either. Decent enough for the price. Not amazing but not terrible either.
194,B0045582,A498222,User_193,37,47,3,1221105484,Fine,Decent enough for the price. Not amazing but not terrible either. It is okay. Nothing special but does the job.
195,B0064173,A417659,User_194,33,36,5,1006768360,Excellent!,This is the best food product I have tried in years. So delicious! Great quality and fast shipping. Will definitely buy again.
196,B0060788,A876295,User_195,37,40,1,1022427794,Don't buy,Packaging was horrible and the product leaked everywhere. Packaging was horrible and the product leaked everywhere.
197,B0030002,A650357,User_196,19,33,4,1421787829,Perfect!,Outstanding product. Five stars without any hesitation. Perfectly packaged and freshly delivered. Very happy with this order.
198,B0077106,A144983,User_197,27,48,5,1498543649,Excellent!,This product is absolutely amazing! Best purchase I have ever made. Great quality and fast shipping. Will definitely buy again.
199,B0091159,A830466,User_198,38,42,4,1343901055,5 stars!,Top notch quality. I am very satisfied with my purchase. I love this product so much. It exceeded all my expectations.
200,B0075081,A390137,User_199,38,54,5,1494752253,Excellent!,This is the best food product I have tried in years. So delicious! Perfectly packaged and freshly delivered. Very happy with this order.
201,B0035513,A950838,User_200,50,72,5,1412923644,Great product!,Best snack I have ever had. My kids absolutely love it too. Perfectly packaged and freshly delivered. Very happy with this order.
202,B0057084,A918731,User_201,14,27,5,1493050125,Wonderful!,Incredible product at a very reasonable price. Highly recommended! Very happy with this purchase. Arrived quickly and well packaged.
203,B0023077,A130592,User_202,20,33,5,1498398940,Great product!,Top notch quality. I am very satisfied with my purchase. Absolutely delicious and healthy. I cannot imagine my life without it.
204,B0078402,A597778,User_203,4,6,5,1122764191,Wonderful!,This is the best food product I have tried in years. So delicious! Superb quality and flavor. This is now a staple in my household.
205,B0089381,A332166,User_204,8,25,1,1378676048,Horrible,Very disappointed. The taste was nothing like described. Nothing as advertised. Feels like a scam. Very unhappy.
206,B0059491,A580874,User_205,26,37,5,1117536025,Great product!,Incredible product at a very reasonable price. Highly recommended! Incredible product at a very reasonable price. Highly recommended!
207,B0030547,A319185,User_206,19,30,3,1240358884,Passable,
208,B0029041,A158051,User_207,14,41,5,1399408030,Wonderful!,Best snack I have ever had. My kids absolutely love it too. Very happy with this purchase. Arrived quickly and well packaged.
209,B0054148,A941934,User_208,36,43,4,1168994468,Amazing!,Incredible product at a very reasonable price. Highly recommended! Superb quality and flavor. This is now a staple in my household.
210,B0030342,A388186,User_209,43,63,2,1082380810,Disgusting,Horrible product. Returned it immediately. Do not buy this. Extremely bitter and unpleasant. Could not eat it at all.
211,B0069289,A191604,User_210,17,39,4,1097892135,Highly recommend,Perfectly packaged and freshly delivered. Very happy with this order. This is the best food product I have tried in years. So delicious!
212,B0052900,A468834,User_211,11,38,1,1305677599,Terrible,Disappointed and frustrated. This product ruined my meal. The flavor is disgusting and the texture is completely off.
213,B0092816,A101371,User_212,5,28,5,1452586224,Good!,Absolutely delicious and healthy. I cannot imagine my life without it. I love this product so much. It exceeded all my expectations.
214,B0062981,A856768,User_213,10,21,5,1212150732,5 stars!,Absolutely delicious and healthy. I cannot imagine my life without it. Great purchase. The product tastes exactly as described.
215,B0017298,A505089,User_214,9,14,4,1395546868,Good!,Really good product. I order this every month for my family. The taste is divine and it keeps me energized throughout the day.
216,B0010547,A329033,User_215,28,49,1,1146054311,Awful,Terrible product. Arrived broken and smelled awful. Never again. Tasted terrible. Threw it straight in the bin. Complete waste.
217,B0031749,A285260,User_216,13,37,5,1276937927,Amazing!,Perfectly packaged and freshly delivered. Very happy with this order. Top notch quality. I am very satisfied with my purchase.
218,B0026697,A950183,User_217,43,64,4,1137593086,Amazing!,Superb quality and flavor. This is now a staple in my household. Great purchase. The product tastes exactly as described.
219,B0042743,A840843,User_218,25,44,4,1342216350,Loved it!,"Best snack I have ever had. My kids absolutely love it too. Wonderful taste, great packaging, and arrived on time. Love it!"
220,B0014896,A370079,User_219,48,56,5,1074985704,Highly recommend,"Very happy with this purchase. Arrived quickly and well packaged. Wonderful taste, great packaging, and arrived on time. Love it!"
221,B0026992,A979158,User_220,11,15,5,1047392659,Excellent!,Fantastic taste and great value for money. Highly recommend! This product is absolutely amazing! Best purchase I have ever made.
222,B0039419,A130738,User_221,25,52,5,1004673319,Great product!,Outstanding product. Five stars without any hesitation. Best snack I have ever had. My kids absolutely love it too.
223,B0047613,A429489,User_222,20,38,1,1302770312,Very bad,Nothing as advertised. Feels like a scam. Very unhappy. Terrible product. Arrived broken and smelled awful. Never again.
224,B0015105,A208380,User_223,25,25,5,1085768272,Great product!,Absolutely delicious and healthy. I cannot imagine my life without it. Great purchase. The product tastes exactly as described.
225,B0058795,A148118,User_224,5,18,3,1098790467,Normal,Decent enough for the price. Not amazing but not terrible either. Middling product. Not excited to reorder but might anyway.
226,B0060101,A941131,User_225,33,35,2,1476366493,Waste of money,Worst purchase I have ever made. Do not waste your money. Nothing as advertised. Feels like a scam. Very unhappy.
227,B0071354,A873948,User_226,49,54,5,1068656143,5 stars!,"Wonderful taste, great packaging, and arrived on time. Love it! Really good product. I order this every month for my family."
228,B0069193,A248008,User_227,22,45,5,1175056261,5 stars!,Fantastic taste and great value for money. Highly recommend! Best snack I have ever had. My kids absolutely love it too.
229,B0023380,A527411,User_228,16,22,3,1049704148,Decent,"Decent enough for the price. Not amazing but not terrible either. It does what it says. Nothing more, nothing less."
230,B0034176,A478498,User_229,29,53,5,1393178857,Wonderful!,Perfect in every way. My family loves it and we keep buying more. I love this product so much. It exceeded all my expectations.
231,B0057110,A641616,User_230,9,23,5,1142574246,5 stars!,The taste is divine and it keeps me energized throughout the day. Top notch quality. I am very satisfied with my purchase.
232,B0020330,A341655,User_231,3,14,5,1181736963,Fantastic!,"Top notch quality. I am very satisfied with my purchase. Wonderful taste, great packaging, and arrived on time. Love it!"
233,B0096415,A658852,User_232,3,14,5,1189583375,Good!,"Wonderful taste, great packaging, and arrived on time. Love it! Top notch quality. I am very satisfied with my purchase."
234,B0058360,A573909,User_233,38,54,1,1257675032,Disgusting,Very disappointed. The taste was nothing like described. Tasted terrible. Threw it straight in the bin. Complete waste.
235,B0077981,A762322,User_234,36,56,4,1492744991,Wonderful!,The taste is divine and it keeps me energized throughout the day. Incredible product at a very reasonable price. Highly recommended!
236,B0083906,A709669,User_235,28,31,5,1315612161,Good!,Perfectly packaged and freshly delivered. Very happy with this order. Loved the flavor and texture. Will be ordering more very soon.
237,B0015698,A552860,User_236,32,52,2,1340321168,Very bad,Horrible product. Returned it immediately. Do not buy this. The flavor is disgusting and the texture is completely off.
238,B0044392,A315980,User_237,33,52,5,1197711373,Perfect!,Outstanding product. Five stars without any hesitation. Top notch quality. I am very satisfied with my purchase.
239,B0023407,A311907,User_238,49,59,5,1450530826,Excellent!,"Superb quality and flavor. This is now a staple in my household. Wonderful taste, great packaging, and arrived on time. Love it!"
240,B0077709,A405504,User_239,4,14,2,1386730800,Horrible,Terrible product. Arrived broken and smelled awful. Never again. Not worth a single penny. Quality is shockingly bad.
241,B0092448,A513734,User_240,9,19,5,1106279026,Fantastic!,"Absolutely delicious and healthy. I cannot imagine my life without it. Wonderful taste, great packaging, and arrived on time. Love it!"
242,B0031758,A589977,User_241,8,27,5,1243287960,Excellent!,Perfect in every way. My family loves it and we keep buying more. Superb quality and flavor. This is now a staple in my household.
243,B0076432,A394788,User_242,41,66,2,1344227690,Waste of money,Very disappointed. The taste was nothing like described. Product was stale and expired. Very unhappy with this purchase.
244,B0011569,A779182,User_243,32,43,4,1070041121,Excellent!,Perfect in every way. My family loves it and we keep buying more. Best snack I have ever had. My kids absolutely love it too.
245,B0054146,A547785,User_244,49,64,5,1123400958,5 stars!,"Wonderful taste, great packaging, and arrived on time. Love it! Excellent product! The quality is outstanding and it tastes wonderful."
246,B0019102,A379422,User_245,50,53,4,1260206783,Amazing!,Perfect in every way. My family loves it and we keep buying more. Perfect in every way. My family loves it and we keep buying more.
247,B0064108,A825254,User_246,49,68,4,1212868695,5 stars!,Incredible product at a very reasonable price. Highly recommended! Best snack I have ever had. My kids absolutely love it too.
248,B0062762,A926993,User_247,44,68,5,1221841887,Highly recommend,Absolutely delicious and healthy. I cannot imagine my life without it. Perfect in every way. My family loves it and we keep buying more.
249,B0066538,A513239,User_248,23,44,4,1024198840,Excellent!,Excellent product! The quality is outstanding and it tastes wonderful. Top notch quality. I am very satisfied with my purchase.
250,B0015694,A552862,User_249,14,31,1,1146574242,Poor quality,Packaging was horrible and the product leaked everywhere. Very bad experience. Product did not match the description at all.
251,B0081075,A881783,User_250,28,42,5,1037627509,Fantastic!,Loved the flavor and texture. Will be ordering more very soon. Very happy with this purchase. Arrived quickly and well packaged.
252,B0025041,A139156,User_251,26,56,2,1152868724,Don't buy,Not worth a single penny. Quality is shockingly bad. Nothing as advertised. Feels like a scam. Very unhappy.
253,B0033552,A359669,User_252,3,23,5,1077267439,Amazing!,Very happy with this purchase. Arrived quickly and well packaged. Perfectly packaged and freshly delivered. Very happy with this order.
254,B0038509,A329020,User_253,7,16,4,1230663214,Perfect!,Superb quality and flavor. This is now a staple in my household. Incredible product at a very reasonable price. Highly recommended!
255,B0085905,A992091,User_254,9,35,5,1164757601,Perfect!,Excellent product! The quality is outstanding and it tastes wonderful. This is the best food product I have tried in years. So delicious!
256,B0026657,A998746,User_255,26,27,5,1114892402,Good!,Outstanding product. Five stars without any hesitation. Top notch quality. I am very satisfied with my purchase.
257,B0073936,A243120,User_256,23,30,5,1030825865,Great product!,Superb quality and flavor. This is now a staple in my household. Outstanding product. Five stars without any hesitation.
258,B0079101,A609285,User_257,2,11,5,1099259636,Highly recommend,Fantastic taste and great value for money. Highly recommend! Really good product. I order this every month for my family.
259,B0082525,A306114,User_258,39,39,3,1332230531,Not bad,It is fine. I have had better but also much worse. Decent enough for the price. Not amazing but not terrible either.
260,B0048523,A962177,User_259,35,65,3,1454329167,Decent,It is okay. Nothing special but does the job. Average taste. Expected better but it is passable.
261,B0046098,A921863,User_260,15,24,1,1253330095,Awful,Extremely bitter and unpleasant. Could not eat it at all. Nothing as advertised. Feels like a scam. Very unhappy.
262,B0073689,A698082,User_261,7,33,5,1024824088,Great product!,Outstanding product. Five stars without any hesitation. Great purchase. The product tastes exactly as described.
263,B0093215,A749415,User_262,36,43,3,1292660830,Alright,Middling product. Not excited to reorder but might anyway. Meets basic expectations. Nothing stands out about it.
264,B0090505,A597588,User_263,22,29,1,1041595905,Disgusting,Product was stale and expired. Very unhappy with this purchase. Nothing as advertised. Feels like a scam. Very unhappy.
265,B0014409,A377302,User_264,33,50,5,1118476261,Great product!,Excellent product! The quality is outstanding and it tastes wonderful. I love this product so much. It exceeded all my expectations.
266,B0086507,A216873,User_265,30,31,4,1424168400,Excellent!,Best snack I have ever had. My kids absolutely love it too. Incredible product at a very reasonable price. Highly recommended!
267,B0082990,A451980,User_266,50,52,4,1261289591,5 stars!,Superb quality and flavor. This is now a staple in my household. This is the best food product I have tried in years. So delicious!
268,B0060019,A723520,User_267,2,13,5,1083352194,Highly recommend,Fantastic taste and great value for money. Highly recommend! The taste is divine and it keeps me energized throughout the day.
269,B0035388,A253759,User_268,8,10,5,1096066526,Highly recommend,Excellent product! The quality is outstanding and it tastes wonderful. Top notch quality. I am very satisfied with my purchase.
270,B0064563,A920573,User_269,2,27,1,1316935023,Disappointed,Packaging was horrible and the product leaked everywhere. Terrible product. Arrived broken and smelled awful. Never again.
271,B0020865,A156293,User_270,25,51,5,1300414032,Perfect!,Great quality and fast shipping. Will definitely buy again. Really good product. I order this every month for my family.
272,B0052779,A843138,User_271,22,49,5,1076634849,Amazing!,This is the best food product I have tried in years. So delicious! Great quality and fast shipping. Will definitely buy again.
273,B0028420,A894721,User_272,7,32,1,1065422956,Awful,Horrible product. Returned it immediately. Do not buy this. Tasted terrible. Threw it straight in the bin. Complete waste.
274,B0072080,A703524,User_273,11,26,5,1008665622,5 stars!,
275,B0061237,A397457,User_274,5,28,2,1332824339,Awful,The flavor is disgusting and the texture is completely off. Disappointed and frustrated. This product ruined my meal.
276,B0090150,A957904,User_275,18,28,5,1418310069,Perfect!,Great purchase. The product tastes exactly as described. Perfectly packaged and freshly delivered. Very happy with this order.
277,B0052330,A955340,User_276,38,60,5,1107543876,Wonderful!,"Really good product. I order this every month for my family. Wonderful taste, great packaging, and arrived on time. Love it!"
278,B0082306,A173207,User_277,46,73,5,1194188160,Good!,Top notch quality. I am very satisfied with my purchase. Superb quality and flavor. This is now a staple in my household.
279,B0046942,A155964,User_278,4,25,3,1342724559,Okay,Middling product. Not excited to reorder but might anyway. Neither impressive nor disappointing. Just a regular purchase.
280,B0049681,A193100,User_279,9,36,5,1406523671,Good!,Superb quality and flavor. This is now a staple in my household. Best snack I have ever had. My kids absolutely love it too.
281,B0049705,A122175,User_280,15,39,5,1079781641,Great product!,Top notch quality. I am very satisfied with my purchase. Great quality and fast shipping. Will definitely buy again.
282,B0030354,A287736,User_281,9,30,4,1167180102,Fantastic!,Superb quality and flavor. This is now a staple in my household. Absolutely delicious and healthy. I cannot imagine my life without it.
283,B0011941,A758804,User_282,36,40,5,1479152976,Great product!,Superb quality and flavor. This is now a staple in my household. Superb quality and flavor. This is now a staple in my household.
284,B0028972,A612998,User_283,7,7,5,1360333395,Loved it!,Absolutely delicious and healthy. I cannot imagine my life without it. Really good product. I order this every month for my family.
285,B0030980,A557400,User_284,7,15,1,1102108758,Don't buy,Packaging was horrible and the product leaked everywhere. Extremely bitter and unpleasant. Could not eat it at all.
286,B0044016,A147102,User_285,18,40,1,1325403269,Disgusting,I regret buying this. The smell is awful and taste is worse. Packaging was horrible and the product leaked everywhere.
287,B0082787,A606397,User_286,4,18,3,1082049462,Decent,"It is fine. I have had better but also much worse. It does what it says. Nothing more, nothing less."
288,B0029552,A943258,User_287,45,47,5,1089225576,5 stars!,Top notch quality. I am very satisfied with my purchase. I love this product so much. It exceeded all my expectations.
289,B0042907,A659226,User_288,50,61,5,1326071526,Highly recommend,"Wonderful taste, great packaging, and arrived on time. Love it! Wonderful taste, great packaging, and arrived on time. Love it!"
290,B0080345,A215526,User_289,50,65,5,1342502902,Loved it!,Fantastic taste and great value for money. Highly recommend! Very happy with this purchase. Arrived quickly and well packaged.
291,B0081331,A815193,User_290,35,39,5,1198256051,Wonderful!,Incredible product at a very reasonable price. Highly recommended! The taste is divine and it keeps me energized throughout the day.
292,B0061496,A725291,User_291,45,68,5,1017683092,Excellent!,I love this product so much. It exceeded all my expectations. I love this product so much. It exceeded all my expectations.
293,B0035086,A443825,User_292,20,40,4,1046680506,Highly recommend,Great purchase. The product tastes exactly as described. Great purchase. The product tastes exactly as described.
294,B0019240,A220570,User_293,49,66,5,1384560179,Highly recommend,Top notch quality. I am very satisfied with my purchase. Best snack I have ever had. My kids absolutely love it too.
295,B0042023,A510769,User_294,3,29,5,1361694249,Perfect!,Excellent product! The quality is outstanding and it tastes wonderful. Perfect in every way. My family loves it and we keep buying more.
296,B0070488,A413555,User_295,20,49,5,1358118650,Highly recommend,"Perfect in every way. My family loves it and we keep buying more. Wonderful taste, great packaging, and arrived on time. Love it!"
297,B0040763,A642898,User_296,16,22,1,1164074183,Very bad,The flavor is disgusting and the texture is completely off. Extremely bitter and unpleasant. Could not eat it at all.
298,B0070558,A375115,User_297,39,56,5,1304816949,Amazing!,Incredible product at a very reasonable price. Highly recommended! This is the best food product I have tried in years. So delicious!
299,B0020067,A720651,User_298,42,61,5,1211593204,Highly recommend,Excellent product! The quality is outstanding and it tastes wonderful. The taste is divine and it keeps me energized throughout the day.
300,B0049348,A583900,User_299,1,3,2,1481986556,Terrible,Very bad experience. Product did not match the description at all. The flavor is disgusting and the texture is completely off.
301,B0058102,A598887,User_300,26,45,5,1071450327,Fantastic!,The taste is divine and it keeps me energized throughout the day. This is the best food product I have tried in years. So delicious!
302,B0015446,A693264,User_301,30,37,5,1299032762,Amazing!,Loved the flavor and texture. Will be ordering more very soon. Incredible product at a very reasonable price. Highly recommended!
303,B0039669,A764637,User_302,4,26,1,1139747436,Poor quality,Tasted terrible. Threw it straight in the bin. Complete waste. Nothing as advertised. Feels like a scam. Very unhappy.
304,B0019656,A592130,User_303,13,23,5,1013731650,Wonderful!,Top notch quality. I am very satisfied with my purchase. Great purchase. The product tastes exactly as described.
305,B0024401,A312005,User_304,8,32,5,1247425165,Excellent!,Really good product. I order this every month for my family. Really good product. I order this every month for my family.
306,B0079863,A643549,User_305,29,32,5,1432321124,Loved it!,Incredible product at a very reasonable price. Highly recommended! Fantastic taste and great value for money. Highly recommend!
307,B0014137,A305848,User_306,18,48,4,1232206276,Good!,Outstanding product. Five stars without any hesitation. Perfect in every way. My family loves it and we keep buying more.
308,B0029988,A347525,User_307,20,49,5,1363392387,Highly recommend,Perfectly packaged and freshly delivered. Very happy with this order. Great purchase. The product tastes exactly as described.
309,B0059841,A975064,User_308,32,46,5,1347039442,Wonderful!,Really good product. I order this every month for my family. Very happy with this purchase. Arrived quickly and well packaged.
310,B0099003,A122783,User_309,25,41,4,1358422939,Great product!,"Wonderful taste, great packaging, and arrived on time. Love it! Loved the flavor and texture. Will be ordering more very soon."
311,B0059892,A547863,User_310,3,12,5,1317638486,Good!,Outstanding product. Five stars without any hesitation. Very happy with this purchase. Arrived quickly and well packaged.
312,B0092745,A191430,User_311,27,31,4,1434859576,Great product!,
313,B0086960,A376389,User_312,25,26,3,1176319935,Okay,Okay product. Will consider alternatives next time. Neither impressive nor disappointing. Just a regular purchase.
314,B0025962,A363833,User_313,24,40,5,1106373745,Great product!,Very happy with this purchase. Arrived quickly and well packaged. Superb quality and flavor. This is now a staple in my household.
315,B0044546,A325404,User_314,6,18,4,1323978702,Highly recommend,Incredible product at a very reasonable price. Highly recommended! This is the best food product I have tried in years. So delicious!
316,B0025928,A437045,User_315,12,31,5,1029224683,Highly recommend,Really good product. I order this every month for my family. Incredible product at a very reasonable price. Highly recommended!
317,B0089204,A568909,User_316,8,30,4,1494537457,Good!,Best snack I have ever had. My kids absolutely love it too. Great quality and fast shipping. Will definitely buy again.
318,B0042576,A787132,User_317,38,66,5,1293008028,Highly recommend,Loved the flavor and texture. Will be ordering more very soon. Best snack I have ever had. My kids absolutely love it too.
319,B0097757,A489236,User_318,25,44,5,1251168460,Highly recommend,Really good product. I order this every month for my family. Perfectly packaged and freshly delivered. Very happy with this order.
320,B0085202,A382687,User_319,32,49,1,1289103373,Don't buy,Product was stale and expired. Very unhappy with this purchase. Very bad experience. Product did not match the description at all.
321,B0063577,A840100,User_320,23,33,5,1114040863,Good!,"The taste is divine and it keeps me energized throughout the day. Wonderful taste, great packaging, and arrived on time. Love it!"
322,B0010839,A596037,User_321,38,53,1,1353921867,Terrible,Nothing as advertised. Feels like a scam. Very unhappy. Very bad experience. Product did not match the description at all.
323,B0060231,A653758,User_322,37,52,5,1352332824,Good!,The taste is divine and it keeps me energized throughout the day. The taste is divine and it keeps me energized throughout the day.
324,B0021176,A718703,User_323,2,20,5,1157871177,Loved it!,Perfectly packaged and freshly delivered. Very happy with this order. Absolutely delicious and healthy. I cannot imagine my life without it.
325,B0013212,A320592,User_324,20,33,3,1403471553,Not bad,"Average product. Neither good nor bad. Just acceptable. It does what it says. Nothing more, nothing less."
326,B0044562,A996546,User_325,45,49,5,1267805876,Good!,Very happy with this purchase. Arrived quickly and well packaged. Great purchase. The product tastes exactly as described.
327,B0069532,A457977,User_326,24,34,5,1216291564,Perfect!,Incredible product at a very reasonable price. Highly recommended! Really good product. I order this every month for my family.
328,B0022126,A124040,User_327,22,43,3,1245837120,Alright,It is fine. I have had better but also much worse. Meets basic expectations. Nothing stands out about it.
329,B0075714,A947838,User_328,39,54,2,1368850748,Awful,I regret buying this. The smell is awful and taste is worse. Tasted terrible. Threw it straight in the bin. Complete waste.
330,B0084430,A460645,User_329,19,43,5,1334847628,Loved it!,Outstanding product. Five stars without any hesitation. This is the best food product I have tried in years. So delicious!
331,B0026271,A801163,User_330,22,39,5,1012910261,Wonderful!,Very happy with this purchase. Arrived quickly and well packaged. Loved the flavor and texture. Will be ordering more very soon.
332,B0023360,A894192,User_331,43,60,3,1027003229,Passable,Average taste. Expected better but it is passable. Average taste. Expected better but it is passable.
333,B0086042,A905866,User_332,2,11,5,1235311428,Amazing!,Absolutely delicious and healthy. I cannot imagine my life without it. Superb quality and flavor. This is now a staple in my household.
334,B0090692,A772480,User_333,47,62,3,1271538497,Acceptable,Average product. Neither good nor bad. Just acceptable. Okay product. Will consider alternatives next time.
335,B0026409,A819593,User_334,6,25,5,1083660084,Highly recommend,Incredible product at a very reasonable price. Highly recommended! This is the best food product I have tried in years. So delicious!
336,B0051330,A292333,User_335,14,34,1,1166807864,Don't buy,Worst purchase I have ever made. Do not waste your money. Worst purchase I have ever made. Do not waste your money.
337,B0059593,A529805,User_336,6,27,5,1162912553,Wonderful!,Fantastic taste and great value for money. Highly recommend! Great purchase. The product tastes exactly as described.
338,B0096216,A133244,User_337,41,70,1,1214339586,Waste of money,Terrible product. Arrived broken and smelled awful. Never again. Extremely bitter and unpleasant. Could not eat it at all.
339,B0098675,A294751,User_338,20,29,3,1231360013,Acceptable,It is fine. I have had better but also much worse. It is fine. I have had better but also much worse.
340,B0088544,A897469,User_339,47,70,5,1210524241,Perfect!,I love this product so much. It exceeded all my expectations. The taste is divine and it keeps me energized throughout the day.
341,B0028745,A590043,User_340,2,28,3,1202553771,Decent,It is okay. Nothing special but does the job. Decent enough for the price. Not amazing but not terrible either.
342,B0049816,A130401,User_341,0,9,5,1326184631,Good!,Loved the flavor and texture. Will be ordering more very soon. Excellent product! The quality is outstanding and it tastes wonderful.
343,B0073727,A861475,User_342,41,58,5,1165682485,Wonderful!,
344,B0063635,A523087,User_343,12,37,5,1369277529,Amazing!,Perfect in every way. My family loves it and we keep buying more. Best snack I have ever had. My kids absolutely love it too.
345,B0083426,A653498,User_344,0,23,5,1301725864,Highly recommend,Excellent product! The quality is outstanding and it tastes wonderful. Top notch quality. I am very satisfied with my purchase.
346,B0082379,A593219,User_345,39,66,5,1119175155,Highly recommend,"Wonderful taste, great packaging, and arrived on time. Love it! The taste is divine and it keeps me energized throughout the day."
347,B0097697,A450350,User_346,25,46,5,1231622000,Great product!,Absolutely delicious and healthy. I cannot imagine my life without it. Great purchase. The product tastes exactly as described.
348,B0037711,A553732,User_347,0,8,5,1498906024,Loved it!,Perfect in every way. My family loves it and we keep buying more. Loved the flavor and texture. Will be ordering more very soon.
349,B0047940,A892951,User_348,37,60,5,1367372100,Amazing!,Top notch quality. I am very satisfied with my purchase. This is the best food product I have tried in years. So delicious!
350,B0018308,A593297,User_349,42,45,5,1440009189,Good!,This is the best food product I have tried in years. So delicious! Superb quality and flavor. This is now a staple in my household.
351,B0015933,A163399,User_350,40,69,5,1002616598,Great product!,Excellent product! The quality is outstanding and it tastes wonderful. Absolutely delicious and healthy. I cannot imagine my life without it.
352,B0038894,A604244,User_351,8,23,3,1365076130,Fine,Okay product. Will consider alternatives next time. Middling product. Not excited to reorder but might anyway.
353,B0044319,A189334,User_352,30,54,5,1303368316,Perfect!,Perfectly packaged and freshly delivered. Very happy with this order. Superb quality and flavor. This is now a staple in my household.
354,B0020288,A767427,User_353,28,44,4,1340259430,Perfect!,Very happy with this purchase. Arrived quickly and well packaged. Outstanding product. Five stars without any hesitation.
355,B0046818,A987240,User_354,3,29,2,1166052438,Very bad,Very disappointed. The taste was nothing like described. Disappointed and frustrated. This product ruined my meal.
356,B0022220,A833581,User_355,20,47,5,1112937028,Highly recommend,Best snack I have ever had. My kids absolutely love it too. Very happy with this purchase. Arrived quickly and well packaged.
357,B0035952,A668067,User_356,32,46,5,1278120875,Great product!,Fantastic taste and great value for money. Highly recommend! Very happy with this purchase. Arrived quickly and well packaged.
358,B0019143,A813241,User_357,29,47,2,1219298179,Waste of money,Packaging was horrible and the product leaked everywhere. Poor quality packaging. Items were damaged when received.
359,B0077589,A225567,User_358,16,42,4,1271419916,Excellent!,"Top notch quality. I am very satisfied with my purchase. Wonderful taste, great packaging, and arrived on time. Love it!"
360,B0023584,A267688,User_359,27,38,4,1085238519,Good!,Very happy with this purchase. Arrived quickly and well packaged. The taste is divine and it keeps me energized throughout the day.
361,B0024531,A728845,User_360,2,11,1,1471800225,Poor quality,Extremely bitter and unpleasant. Could not eat it at all. Terrible product. Arrived broken and smelled awful. Never again.
362,B0083710,A291190,User_361,28,55,5,1366294399,Excellent!,Perfect in every way. My family loves it and we keep buying more. Great purchase. The product tastes exactly as described.
363,B0093032,A350772,User_362,8,28,3,1399111501,Alright,Neither impressive nor disappointing. Just a regular purchase. Neither impressive nor disappointing. Just a regular purchase.
364,B0023574,A853694,User_363,8,31,3,1191115840,Alright,Average product. Neither good nor bad. Just acceptable. Decent enough for the price. Not amazing but not terrible either.
365,B0050901,A518514,User_364,43,66,3,1486094663,Not bad,It is okay. Nothing special but does the job. It is okay. Nothing special but does the job.
366,B0011272,A199460,User_365,29,40,5,1391258923,Loved it!,Incredible product at a very reasonable price. Highly recommended! Absolutely delicious and healthy. I cannot imagine my life without it.
367,B0054801,A329031,User_366,39,63,4,1008804664,Excellent!,Very happy with this purchase. Arrived quickly and well packaged. Fantastic taste and great value for money. Highly recommend!
368,B0021262,A697672,User_367,6,25,3,1284207390,Average,"It is okay. Nothing special but does the job. It does what it says. Nothing more, nothing less."
369,B0040337,A215120,User_368,25,39,5,1175545653,Good!,Perfectly packaged and freshly delivered. Very happy with this order. Great quality and fast shipping. Will definitely buy again.
370,B0030522,A233563,User_369,18,25,5,1180061277,Perfect!,Very happy with this purchase. Arrived quickly and well packaged. Great quality and fast shipping. Will definitely buy again.
371,B0051269,A296716,User_370,38,62,1,1310999329,Disgusting,I regret buying this. The smell is awful and taste is worse. Very bad experience. Product did not match the description at all.
372,B0093385,A615882,User_371,42,58,1,1097048830,Not recommended,The flavor is disgusting and the texture is completely off. Worst purchase I have ever made. Do not waste your money.
373,B0025183,A584149,User_372,37,65,4,1179421119,Perfect!,"Wonderful taste, great packaging, and arrived on time. Love it! This is the best food product I have tried in years. So delicious!"
374,B0068318,A365870,User_373,35,50,2,1422587025,Waste of money,Poor quality packaging. Items were damaged when received. Tasted terrible. Threw it straight in the bin. Complete waste.
375,B0086971,A481593,User_374,26,30,5,1339952919,Excellent!,Superb quality and flavor. This is now a staple in my household. Absolutely delicious and healthy. I cannot imagine my life without it.
376,B0097623,A727280,User_375,14,23,5,1229337105,Loved it!,Excellent product! The quality is outstanding and it tastes wonderful. Incredible product at a very reasonable price. Highly recommended!
377,B0010291,A775920,User_376,26,56,3,1088673551,Alright,Decent enough for the price. Not amazing but not terrible either. It is fine. I have had better but also much worse.
378,B0050595,A716824,User_377,16,22,5,1306480325,Loved it!,Best snack I have ever had. My kids absolutely love it too. Perfect in every way. My family loves it and we keep buying more.
379,B0050870,A646221,User_378,34,57,5,1255939320,Great product!,I love this product so much. It exceeded all my expectations. Top notch quality. I am very satisfied with my purchase.
380,B0069039,A412051,User_379,38,39,1,1425608125,Disgusting,Terrible product. Arrived broken and smelled awful. Never again. Product was stale and expired. Very unhappy with this purchase.
381,B0015053,A804823,User_380,13,40,3,1098978658,Not bad,"It does what it says. Nothing more, nothing less. Middling product. Not excited to reorder but might anyway."
382,B0075841,A207430,User_381,47,50,3,1202402265,Fine,Average taste. Expected better but it is passable. It is okay. Nothing special but does the job.
383,B0057337,A833880,User_382,45,51,1,1204184227,Disgusting,Not worth a single penny. Quality is shockingly bad. Packaging was horrible and the product leaked everywhere.
384,B0064273,A872191,User_383,24,38,5,1303635630,Amazing!,Outstanding product. Five stars without any hesitation. Incredible product at a very reasonable price. Highly recommended!
385,B0010178,A317161,User_384,32,60,5,1403072581,5 stars!,"Superb quality and flavor. This is now a staple in my household. Wonderful taste, great packaging, and arrived on time. Love it!"
386,B0085041,A360529,User_385,23,33,5,1456488970,Loved it!,Fantastic taste and great value for money. Highly recommend! Loved the flavor and texture. Will be ordering more very soon.
387,B0046030,A622431,User_386,16,33,5,1078567223,Good!,The taste is divine and it keeps me energized throughout the day. Outstanding product. Five stars without any hesitation.
388,B0016260,A531201,User_387,12,22,3,1113126824,Decent,Middling product. Not excited to reorder but might anyway. Neither impressive nor disappointing. Just a regular purchase.
389,B0060645,A624863,User_388,41,71,5,1433358999,Perfect!,The taste is divine and it keeps me energized throughout the day. Outstanding product. Five stars without any hesitation.
390,B0069406,A567554,User_389,29,34,1,1490218695,Poor quality,Product was stale and expired. Very unhappy with this purchase. Not worth a single penny. Quality is shockingly bad.
391,B0023118,A109417,User_390,31,36,1,1417718535,Don't buy,The flavor is disgusting and the texture is completely off. Poor quality packaging. Items were damaged when received.
392,B0048785,A450713,User_391,42,43,3,1076640169,Average,Meets basic expectations. Nothing stands out about it. It is okay. Nothing special but does the job.
393,B0096583,A827107,User_392,4,26,2,1175768543,Disappointed,Nothing as advertised. Feels like a scam. Very unhappy. Poor quality packaging. Items were damaged when received.
394,B0075972,A629556,User_393,3,22,5,1240478387,5 stars!,Very happy with this purchase. Arrived quickly and well packaged. Best snack I have ever had. My kids absolutely love it too.
395,B0070132,A916317,User_394,0,17,5,1394282606,Good!,Perfectly packaged and freshly delivered. Very happy with this order. Loved the flavor and texture. Will be ordering more very soon.
396,B0079018,A112276,User_395,18,18,5,1437344522,Perfect!,
397,B0037876,A613046,User_396,33,37,4,1085276366,Great product!,Great purchase. The product tastes exactly as described. Excellent product! The quality is outstanding and it tastes wonderful.
398,B0019071,A706894,User_397,17,42,5,1261907977,5 stars!,Perfectly packaged and freshly delivered. Very happy with this order. Best snack I have ever had. My kids absolutely love it too.
399,B0012854,A169350,User_398,15,37,5,1131558929,Fantastic!,Superb quality and flavor. This is now a staple in my household. Absolutely delicious and healthy. I cannot imagine my life without it.
400,B0035943,A895339,User_399,24,36,4,1339306314,Excellent!,I love this product so much. It exceeded all my expectations. Great quality and fast shipping. Will definitely buy again.
401,B0023705,A147049,User_400,31,58,5,1163300110,Great product!,Great quality and fast shipping. Will definitely buy again. This product is absolutely amazing! Best purchase I have ever made.
402,B0044429,A758472,User_401,2,9,4,1385387451,Perfect!,Really good product. I order this every month for my family. The taste is divine and it keeps me energized throughout the day.
403,B0056358,A941633,User_402,4,25,5,1444480156,Good!,The taste is divine and it keeps me energized throughout the day. Loved the flavor and texture. Will be ordering more very soon.
404,B0061082,A890453,User_403,20,20,3,1473503594,Decent,Meets basic expectations. Nothing stands out about it. Middling product. Not excited to reorder but might anyway.
405,B0045620,A524109,User_404,19,24,3,1221657624,Average,Middling product. Not excited to reorder but might anyway. Decent enough for the price. Not amazing but not terrible either.
406,B0051248,A986070,User_405,48,71,5,1494894007,Excellent!,The taste is divine and it keeps me energized throughout the day. Absolutely delicious and healthy. I cannot imagine my life without it.
407,B0072102,A772325,User_406,6,19,5,1290069867,Good!,I love this product so much. It exceeded all my expectations. Best snack I have ever had. My kids absolutely love it too.
408,B0026402,A481016,User_407,1,21,5,1440254357,5 stars!,I love this product so much. It exceeded all my expectations. Really good product. I order this every month for my family.
409,B0029984,A224891,User_408,35,65,5,1385266029,5 stars!,Top notch quality. I am very satisfied with my purchase. Loved the flavor and texture. Will be ordering more very soon.
410,B0069994,A131417,User_409,49,68,5,1325203374,Great product!,Excellent product! The quality is outstanding and it tastes wonderful. The taste is divine and it keeps me energized throughout the day.
411,B0053007,A958437,User_410,9,21,4,1382039736,Amazing!,Outstanding product. Five stars without any hesitation. I love this product so much. It exceeded all my expectations.
412,B0096690,A548073,User_411,20,31,2,1088931002,Waste of money,Tasted terrible. Threw it straight in the bin. Complete waste. Poor quality packaging. Items were damaged when received.
413,B0071917,A380313,User_412,48,56,5,1254249514,5 stars!,"This product is absolutely amazing! Best purchase I have ever made. Wonderful taste, great packaging, and arrived on time. Love it!"
414,B0088596,A142812,User_413,35,52,5,1029448562,Wonderful!,I love this product so much. It exceeded all my expectations. Excellent product! The quality is outstanding and it tastes wonderful.
415,B0045231,A620049,User_414,35,37,4,1390657117,5 stars!,Fantastic taste and great value for money. Highly recommend! This product is absolutely amazing! Best purchase I have ever made.
416,B0017163,A137552,User_415,26,38,4,1366158761,Amazing!,Really good product. I order this every month for my family. Absolutely delicious and healthy. I cannot imagine my life without it.
417,B0069636,A577174,User_416,36,52,2,1145213876,Disappointed,I regret buying this. The smell is awful and taste is worse. Disappointed and frustrated. This product ruined my meal.
418,B0045091,A653344,User_417,19,27,5,1251000489,Amazing!,Absolutely delicious and healthy. I cannot imagine my life without it. Excellent product! The quality is outstanding and it tastes wonderful.
419,B0013581,A314942,User_418,26,35,5,1094937963,Amazing!,I love this product so much. It exceeded all my expectations. Excellent product! The quality is outstanding and it tastes wonderful.
420,B0039161,A898335,User_419,46,66,5,1103313815,Loved it!,I love this product so much. It exceeded all my expectations. Superb quality and flavor. This is now a staple in my household.
421,B0038153,A663968,User_420,8,17,5,1419273289,Great product!,Perfectly packaged and freshly delivered. Very happy with this order. Very happy with this purchase. Arrived quickly and well packaged.
422,B0068947,A813797,User_421,28,38,5,1360763314,5 stars!,Absolutely delicious and healthy. I cannot imagine my life without it. Really good product. I order this every month for my family.
3159,B0080133,A338974,User_3158,43,65,5,1378839722,Good!,"Wonderful taste, great packaging, and arrived on time. Love it! Top notch quality. I am very satisfied with my purchase."
424,B0043852,A416031,User_423,20,29,1,1129366220,Waste of money,Packaging was horrible and the product leaked everywhere. The flavor is disgusting and the texture is completely off.
425,B0091033,A562807,User_424,20,32,2,1135997621,Disappointed,Tasted terrible. Threw it straight in the bin. Complete waste. Packaging was horrible and the product leaked everywhere.
426,B0092232,A656697,User_425,12,30,4,1342541660,Fantastic!,Absolutely delicious and healthy. I cannot imagine my life without it. Superb quality and flavor. This is now a staple in my household.
427,B0086103,A866248,User_426,45,51,3,1134972330,Not bad,Decent enough for the price. Not amazing but not terrible either. Meets basic expectations. Nothing stands out about it.
428,B0090404,A381966,User_427,8,28,5,1469890129,Wonderful!,"Wonderful taste, great packaging, and arrived on time. Love it! I love this product so much. It exceeded all my expectations."
429,B0078847,A637175,User_428,4,18,5,1471266217,Excellent!,This is the best food product I have tried in years. So delicious! Perfect in every way. My family loves it and we keep buying more.
430,B0068953,A305812,User_429,32,61,3,1231081923,Alright,It is fine. I have had better but also much worse. Middling product. Not excited to reorder but might anyway.
431,B0010486,A944660,User_430,44,72,3,1223439006,Normal,Neither impressive nor disappointing. Just a regular purchase. Meets basic expectations. Nothing stands out about it.
432,B0089202,A111146,User_431,49,56,1,1213544476,Very bad,Very bad experience. Product did not match the description at all. Tasted terrible. Threw it straight in the bin. Complete waste.
433,B0040103,A339073,User_432,2,20,2,1056562120,Disgusting,The flavor is disgusting and the texture is completely off. Poor quality packaging. Items were damaged when received.
434,B0042365,A366658,User_433,0,3,3,1024681485,Average,Neither impressive nor disappointing. Just a regular purchase. Okay product. Will consider alternatives next time.
435,B0089751,A642684,User_434,23,35,5,1189750606,Wonderful!,Best snack I have ever had. My kids absolutely love it too. Best snack I have ever had. My kids absolutely love it too.
436,B0023964,A982298,User_435,1,16,5,1053756939,5 stars!,The taste is divine and it keeps me energized throughout the day. Best snack I have ever had. My kids absolutely love it too.
437,B0039983,A906113,User_436,22,31,4,1160128286,Highly recommend,Great purchase. The product tastes exactly as described. I love this product so much. It exceeded all my expectations.
438,B0061535,A468332,User_437,30,33,5,1321851606,5 stars!,Very happy with this purchase. Arrived quickly and well packaged. Best snack I have ever had. My kids absolutely love it too.
439,B0090592,A584903,User_438,2,27,4,1391307855,Amazing!,Top notch quality. I am very satisfied with my purchase. Really good product. I order this every month for my family.
440,B0047870,A323416,User_439,43,68,1,1399242019,Very bad,Terrible product. Arrived broken and smelled awful. Never again. Horrible product. Returned it immediately. Do not buy this.
441,B0021660,A553886,User_440,10,20,5,1207412110,Perfect!,Outstanding product. Five stars without any hesitation. Best snack I have ever had. My kids absolutely love it too.
442,B0034356,A444523,User_441,11,31,5,1046672404,Highly recommend,Top notch quality. I am very satisfied with my purchase. Outstanding product. Five stars without any hesitation.
443,B0092585,A791991,User_442,12,26,2,1293585858,Disgusting,Nothing as advertised. Feels like a scam. Very unhappy. Terrible product. Arrived broken and smelled awful. Never again.
444,B0063021,A398580,User_443,17,41,5,1025875698,Loved it!,Absolutely delicious and healthy. I cannot imagine my life without it. This product is absolutely amazing! Best purchase I have ever made.
445,B0049381,A823622,User_444,34,39,2,1203167196,Very bad,Not worth a single penny. Quality is shockingly bad. Very disappointed. The taste was nothing like described.
446,B0019280,A811347,User_445,42,69,4,1467125429,Amazing!,Very happy with this purchase. Arrived quickly and well packaged. Top notch quality. I am very satisfied with my purchase.
447,B0010564,A107590,User_446,25,43,5,1275523187,Fantastic!,Really good product. I order this every month for my family. Perfectly packaged and freshly delivered. Very happy with this order.
448,B0060503,A405192,User_447,39,57,5,1212523355,Amazing!,Superb quality and flavor. This is now a staple in my household. Top notch quality. I am very satisfied with my purchase.
449,B0012217,A375062,User_448,19,22,4,1090627231,Loved it!,Perfect in every way. My family loves it and we keep buying more. Really good product. I order this every month for my family.
450,B0039379,A750317,User_449,38,42,5,1269591605,Excellent!,Perfect in every way. My family loves it and we keep buying more. Best snack I have ever had. My kids absolutely love it too.
451,B0031997,A235576,User_450,44,73,5,1436881657,Perfect!,Great purchase. The product tastes exactly as described. Excellent product! The quality is outstanding and it tastes wonderful.
452,B0065918,A602486,User_451,18,22,5,1294687088,Wonderful!,Excellent product! The quality is outstanding and it tastes wonderful. Incredible product at a very reasonable price. Highly recommended!
453,B0069103,A293674,User_452,0,15,4,1207293039,5 stars!,Top notch quality. I am very satisfied with my purchase. Perfectly packaged and freshly delivered. Very happy with this order.
454,B0055952,A639044,User_453,43,58,5,1406814668,Excellent!,Absolutely delicious and healthy. I cannot imagine my life without it. Incredible product at a very reasonable price. Highly recommended!
455,B0040637,A160561,User_454,36,36,5,1396652577,Great product!,Top notch quality. I am very satisfied with my purchase. Loved the flavor and texture. Will be ordering more very soon.
456,B0018567,A744181,User_455,14,31,1,1400618335,Awful,Worst purchase I have ever made. Do not waste your money. Product was stale and expired. Very unhappy with this purchase.
457,B0094659,A110371,User_456,32,35,5,1279147877,Perfect!,Top notch quality. I am very satisfied with my purchase. The taste is divine and it keeps me energized throughout the day.
458,B0082944,A298329,User_457,48,49,5,1373338391,Perfect!,This is the best food product I have tried in years. So delicious! Incredible product at a very reasonable price. Highly recommended!
459,B0015960,A223400,User_458,6,29,1,1280127187,Waste of money,Packaging was horrible and the product leaked everywhere. Extremely bitter and unpleasant. Could not eat it at all.
460,B0055571,A573627,User_459,28,36,1,1252799256,Terrible,Not worth a single penny. Quality is shockingly bad. Worst purchase I have ever made. Do not waste your money.
461,B0074082,A680996,User_460,13,38,4,1330752170,Loved it!,I love this product so much. It exceeded all my expectations. Top notch quality. I am very satisfied with my purchase.
462,B0061980,A958959,User_461,40,53,2,1090951589,Disgusting,I regret buying this. The smell is awful and taste is worse. The flavor is disgusting and the texture is completely off.
463,B0041645,A630631,User_462,36,47,5,1145942525,Good!,Perfect in every way. My family loves it and we keep buying more. Very happy with this purchase. Arrived quickly and well packaged.
464,B0021480,A356752,User_463,45,54,5,1134529196,5 stars!,Perfectly packaged and freshly delivered. Very happy with this order. Incredible product at a very reasonable price. Highly recommended!
465,B0099842,A930326,User_464,48,73,4,1324308085,Highly recommend,This is the best food product I have tried in years. So delicious! Best snack I have ever had. My kids absolutely love it too.
466,B0014745,A795436,User_465,15,19,5,1480034264,Highly recommend,Great quality and fast shipping. Will definitely buy again. This is the best food product I have tried in years. So delicious!
467,B0020644,A924049,User_466,31,35,2,1136806332,Waste of money,Horrible product. Returned it immediately. Do not buy this. Worst purchase I have ever made. Do not waste your money.
468,B0013507,A508903,User_467,4,24,5,1477543347,Wonderful!,This is the best food product I have tried in years. So delicious! Great purchase. The product tastes exactly as described.
469,B0079968,A942623,User_468,47,55,1,1010203950,Don't buy,Not worth a single penny. Quality is shockingly bad. Very disappointed. The taste was nothing like described.
470,B0088978,A368780,User_469,20,38,1,1404753177,Poor quality,Disappointed and frustrated. This product ruined my meal. The flavor is disgusting and the texture is completely off.
471,B0063221,A357639,User_470,50,67,5,1131967989,Great product!,I love this product so much. It exceeded all my expectations. Top notch quality. I am very satisfied with my purchase.
472,B0094411,A875272,User_471,20,46,5,1365169310,Amazing!,Great purchase. The product tastes exactly as described. Very happy with this purchase. Arrived quickly and well packaged.
473,B0053553,A186724,User_472,31,56,5,1427517862,Fantastic!,Incredible product at a very reasonable price. Highly recommended! The taste is divine and it keeps me energized throughout the day.
474,B0048708,A548814,User_473,1,4,4,1407611992,Wonderful!,Great quality and fast shipping. Will definitely buy again. Great quality and fast shipping. Will definitely buy again.
475,B0063346,A616369,User_474,27,33,3,1348971747,Okay,Decent enough for the price. Not amazing but not terrible either. It is fine. I have had better but also much worse.
476,B0022402,A880356,User_475,5,25,3,1362836445,Acceptable,Decent enough for the price. Not amazing but not terrible either. Average taste. Expected better but it is passable.
477,B0031724,A644480,User_476,25,45,5,1488057295,Good!,I love this product so much. It exceeded all my expectations. Superb quality and flavor. This is now a staple in my household.
478,B0052220,A441439,User_477,0,6,4,1334311382,Great product!,Outstanding product. Five stars without any hesitation. Great purchase. The product tastes exactly as described.
479,B0039603,A882355,User_478,43,57,5,1193395178,Perfect!,Perfect in every way. My family loves it and we keep buying more. The taste is divine and it keeps me energized throughout the day.
480,B0061926,A754494,User_479,30,32,5,1044766846,Highly recommend,Really good product. I order this every month for my family. Fantastic taste and great value for money. Highly recommend!
481,B0014908,A626988,User_480,23,51,4,1279248823,5 stars!,I love this product so much. It exceeded all my expectations. Fantastic taste and great value for money. Highly recommend!
482,B0060921,A968881,User_481,33,51,5,1229374922,Great product!,Absolutely delicious and healthy. I cannot imagine my life without it. Perfect in every way. My family loves it and we keep buying more.
483,B0047830,A379948,User_482,40,63,5,1333709923,Loved it!,Excellent product! The quality is outstanding and it tastes wonderful. Top notch quality. I am very satisfied with my purchase.
484,B0012794,A373775,User_483,5,33,5,1379716112,Loved it!,Great purchase. The product tastes exactly as described. Perfectly packaged and freshly delivered. Very happy with this order.
485,B0018052,A380128,User_484,27,37,5,1173951217,5 stars!,Fantastic taste and great value for money. Highly recommend! The taste is divine and it keeps me energized throughout the day.
486,B0046817,A143669,User_485,15,32,2,1223922368,Very bad,Worst purchase I have ever made. Do not waste your money. Product was stale and expired. Very unhappy with this purchase.
487,B0067778,A677582,User_486,13,29,4,1429497842,Amazing!,"Perfectly packaged and freshly delivered. Very happy with this order. Wonderful taste, great packaging, and arrived on time. Love it!"
488,B0048088,A689266,User_487,50,78,5,1046534679,Good!,Very happy with this purchase. Arrived quickly and well packaged. Absolutely delicious and healthy. I cannot imagine my life without it.
489,B0078295,A791000,User_488,15,30,1,1123237600,Very bad,Worst purchase I have ever made. Do not waste your money. Packaging was horrible and the product leaked everywhere.
490,B0062429,A700347,User_489,20,24,4,1358211544,5 stars!,I love this product so much. It exceeded all my expectations. Best snack I have ever had. My kids absolutely love it too.
491,B0070801,A430774,User_490,43,48,5,1160897893,Perfect!,The taste is divine and it keeps me energized throughout the day. Great purchase. The product tastes exactly as described.
492,B0088570,A878498,User_491,4,4,1,1146604783,Disgusting,Not worth a single penny. Quality is shockingly bad. Very disappointed. The taste was nothing like described.
493,B0049362,A716168,User_492,18,38,5,1025259761,Perfect!,Great quality and fast shipping. Will definitely buy again. Great quality and fast shipping. Will definitely buy again.
494,B0083587,A326085,User_493,5,25,1,1456390935,Waste of money,Not worth a single penny. Quality is shockingly bad. Nothing as advertised. Feels like a scam. Very unhappy.
495,B0059620,A125118,User_494,19,21,5,1301424145,Great product!,Perfectly packaged and freshly delivered. Very happy with this order. Perfect in every way. My family loves it and we keep buying more.
496,B0093306,A309613,User_495,37,57,5,1290035029,Excellent!,Very happy with this purchase. Arrived quickly and well packaged. Perfect in every way. My family loves it and we keep buying more.
497,B0093381,A295234,User_496,19,41,2,1122330397,Very bad,Tasted terrible. Threw it straight in the bin. Complete waste. Tasted terrible. Threw it straight in the bin. Complete waste.
498,B0086530,A756006,User_497,27,30,5,1373341772,Great product!,Outstanding product. Five stars without any hesitation. Great quality and fast shipping. Will definitely buy again.
499,B0078003,A135310,User_498,7,7,5,1352065959,Highly recommend,Perfectly packaged and freshly delivered. Very happy with this order. Great quality and fast shipping. Will definitely buy again.
500,B0087455,A583569,User_499,22,38,1,1126344691,Poor quality,I regret buying this. The smell is awful and taste is worse. Terrible product. Arrived broken and smelled awful. Never again.
501,B0045602,A756758,User_500,47,71,5,1466447944,Highly recommend,This is the best food product I have tried in years. So delicious! Excellent product! The quality is outstanding and it tastes wonderful.
502,B0076684,A489800,User_501,17,33,3,1054490689,So so,Average product. Neither good nor bad. Just acceptable. It is okay. Nothing special but does the job.
503,B0043072,A556879,User_502,32,43,5,1292306524,Wonderful!,The taste is divine and it keeps me energized throughout the day. I love this product so much. It exceeded all my expectations.
504,B0077733,A105325,User_503,16,40,5,1132915259,Highly recommend,The taste is divine and it keeps me energized throughout the day. Excellent product! The quality is outstanding and it tastes wonderful.
505,B0019088,A985775,User_504,0,1,5,1292302330,Perfect!,The taste is divine and it keeps me energized throughout the day. Fantastic taste and great value for money. Highly recommend!
506,B0071249,A847892,User_505,23,35,3,1014849477,Not bad,"It is okay. Nothing special but does the job. It does what it says. Nothing more, nothing less."
507,B0011588,A964916,User_506,20,27,3,1065125188,Fine,Decent enough for the price. Not amazing but not terrible either. It is okay. Nothing special but does the job.
508,B0095148,A458904,User_507,23,26,4,1212086575,Fantastic!,Really good product. I order this every month for my family. This is the best food product I have tried in years. So delicious!
509,B0042303,A262020,User_508,2,32,5,1311010468,Perfect!,Great quality and fast shipping. Will definitely buy again. Excellent product! The quality is outstanding and it tastes wonderful.
510,B0063121,A543888,User_509,5,22,5,1397929575,5 stars!,"Top notch quality. I am very satisfied with my purchase. Wonderful taste, great packaging, and arrived on time. Love it!"
511,B0023962,A749397,User_510,50,59,5,1102335106,Fantastic!,Superb quality and flavor. This is now a staple in my household. Very happy with this purchase. Arrived quickly and well packaged.
512,B0013323,A755354,User_511,31,55,1,1143803650,Disgusting,Worst purchase I have ever made. Do not waste your money. Packaging was horrible and the product leaked everywhere.
513,B0017019,A919187,User_512,9,9,2,1251747349,Disappointed,I regret buying this. The smell is awful and taste is worse. Disappointed and frustrated. This product ruined my meal.
514,B0069768,A156712,User_513,21,21,3,1225930328,Okay,"It is okay. Nothing special but does the job. It does what it says. Nothing more, nothing less."
515,B0071411,A230230,User_514,6,12,2,1314400731,Awful,Nothing as advertised. Feels like a scam. Very unhappy. Horrible product. Returned it immediately. Do not buy this.
516,B0010514,A879319,User_515,9,31,5,1036570043,Good!,Outstanding product. Five stars without any hesitation. Great purchase. The product tastes exactly as described.
517,B0019413,A479168,User_516,29,52,5,1431913168,5 stars!,Great quality and fast shipping. Will definitely buy again. Outstanding product. Five stars without any hesitation.
518,B0068263,A266674,User_517,4,22,5,1072595687,Excellent!,Fantastic taste and great value for money. Highly recommend! Best snack I have ever had. My kids absolutely love it too.
519,B0073738,A316764,User_518,16,43,5,1346497225,Amazing!,Great purchase. The product tastes exactly as described. Perfect in every way. My family loves it and we keep buying more.
520,B0039087,A973888,User_519,17,24,5,1446987367,Wonderful!,Absolutely delicious and healthy. I cannot imagine my life without it. Really good product. I order this every month for my family.
521,B0095700,A780498,User_520,6,11,4,1424120324,Highly recommend,Very happy with this purchase. Arrived quickly and well packaged. Perfect in every way. My family loves it and we keep buying more.
522,B0072976,A139598,User_521,22,52,4,1493079162,Perfect!,Really good product. I order this every month for my family. Great purchase. The product tastes exactly as described.
523,B0051051,A236659,User_522,7,9,1,1109248432,Awful,Packaging was horrible and the product leaked everywhere. Product was stale and expired. Very unhappy with this purchase.
524,B0085251,A736539,User_523,20,24,4,1265192533,Loved it!,"Wonderful taste, great packaging, and arrived on time. Love it! Perfectly packaged and freshly delivered. Very happy with this order."
525,B0050624,A727170,User_524,3,24,5,1265125553,Perfect!,Outstanding product. Five stars without any hesitation. Superb quality and flavor. This is now a staple in my household.
526,B0088055,A790378,User_525,35,58,5,1323447442,Wonderful!,Excellent product! The quality is outstanding and it tastes wonderful. This product is absolutely amazing! Best purchase I have ever made.
527,B0035856,A752686,User_526,7,7,4,1421470105,Highly recommend,Fantastic taste and great value for money. Highly recommend! Top notch quality. I am very satisfied with my purchase.
528,B0036475,A521742,User_527,23,44,5,1132984146,Excellent!,Outstanding product. Five stars without any hesitation. Perfect in every way. My family loves it and we keep buying more.
529,B0014846,A499609,User_528,1,3,5,1339107949,Great product!,I love this product so much. It exceeded all my expectations. The taste is divine and it keeps me energized throughout the day.
530,B0068215,A305346,User_529,7,8,4,1327449016,5 stars!,Top notch quality. I am very satisfied with my purchase. Perfect in every way. My family loves it and we keep buying more.
531,B0079180,A329580,User_530,31,31,3,1295834313,So so,It is okay. Nothing special but does the job. Decent enough for the price. Not amazing but not terrible either.
532,B0023534,A122366,User_531,11,19,5,1433283262,Loved it!,Great purchase. The product tastes exactly as described. Excellent product! The quality is outstanding and it tastes wonderful.
533,B0024502,A729562,User_532,31,44,5,1001266213,Amazing!,Perfect in every way. My family loves it and we keep buying more. Great quality and fast shipping. Will definitely buy again.
534,B0019684,A962475,User_533,24,28,3,1048886896,Acceptable,It is fine. I have had better but also much worse. It is okay. Nothing special but does the job.
535,B0067979,A273153,User_534,50,72,4,1416555788,Excellent!,Best snack I have ever had. My kids absolutely love it too. Outstanding product. Five stars without any hesitation.
536,B0023974,A357831,User_535,32,42,5,1361554946,Fantastic!,Incredible product at a very reasonable price. Highly recommended! Loved the flavor and texture. Will be ordering more very soon.
537,B0085200,A475617,User_536,14,14,5,1470652052,Fantastic!,Excellent product! The quality is outstanding and it tastes wonderful. This product is absolutely amazing! Best purchase I have ever made.
538,B0065459,A990960,User_537,22,46,3,1084692679,Alright,Average taste. Expected better but it is passable. It is okay. Nothing special but does the job.
539,B0016825,A518959,User_538,42,49,4,1085868726,Loved it!,Outstanding product. Five stars without any hesitation. Excellent product! The quality is outstanding and it tastes wonderful.
540,B0014785,A469753,User_539,11,16,5,1499493897,5 stars!,Great quality and fast shipping. Will definitely buy again. Outstanding product. Five stars without any hesitation.
541,B0046442,A377597,User_540,36,54,4,1429388575,5 stars!,Really good product. I order this every month for my family. Superb quality and flavor. This is now a staple in my household.
542,B0090751,A103373,User_541,31,32,5,1014926601,Highly recommend,Very happy with this purchase. Arrived quickly and well packaged. Loved the flavor and texture. Will be ordering more very soon.
543,B0013096,A356717,User_542,33,48,5,1041220344,Good!,Outstanding product. Five stars without any hesitation. Perfectly packaged and freshly delivered. Very happy with this order.
544,B0032311,A130777,User_543,45,50,5,1206993665,5 stars!,Perfectly packaged and freshly delivered. Very happy with this order. Very happy with this purchase. Arrived quickly and well packaged.
545,B0022166,A561548,User_544,37,59,3,1115460149,Decent,Okay product. Will consider alternatives next time. It is okay. Nothing special but does the job.
546,B0045133,A726253,User_545,23,45,3,1051432346,Average,Average product. Neither good nor bad. Just acceptable. Meets basic expectations. Nothing stands out about it.
547,B0047567,A773885,User_546,19,29,3,1269065856,Normal,Neither impressive nor disappointing. Just a regular purchase. Middling product. Not excited to reorder but might anyway.
548,B0048499,A721982,User_547,11,33,5,1410374556,5 stars!,Excellent product! The quality is outstanding and it tastes wonderful. Great purchase. The product tastes exactly as described.
549,B0021289,A223039,User_548,11,23,3,1197065747,Passable,Middling product. Not excited to reorder but might anyway. Okay product. Will consider alternatives next time.
550,B0056749,A942264,User_549,44,74,5,1096841072,Good!,"Wonderful taste, great packaging, and arrived on time. Love it! Perfect in every way. My family loves it and we keep buying more."
551,B0053802,A470377,User_550,20,49,5,1016685622,Fantastic!,The taste is divine and it keeps me energized throughout the day. Great quality and fast shipping. Will definitely buy again.
552,B0087583,A388545,User_551,6,35,2,1003169614,Disgusting,Very bad experience. Product did not match the description at all. Worst purchase I have ever made. Do not waste your money.
553,B0065426,A944202,User_552,20,25,5,1336716291,5 stars!,Really good product. I order this every month for my family. I love this product so much. It exceeded all my expectations.
554,B0068686,A933460,User_553,16,22,5,1082296749,Good!,I love this product so much. It exceeded all my expectations. Really good product. I order this every month for my family.
555,B0046610,A982468,User_554,46,46,5,1129096127,Great product!,I love this product so much. It exceeded all my expectations. Superb quality and flavor. This is now a staple in my household.
556,B0039812,A163041,User_555,31,59,5,1311353026,Excellent!,Top notch quality. I am very satisfied with my purchase. Great purchase. The product tastes exactly as described.
557,B0040456,A943380,User_556,50,77,4,1053368281,Wonderful!,Incredible product at a very reasonable price. Highly recommended! Absolutely delicious and healthy. I cannot imagine my life without it.
558,B0040578,A288744,User_557,2,11,5,1195320311,Great product!,Outstanding product. Five stars without any hesitation. Excellent product! The quality is outstanding and it tastes wonderful.
559,B0097239,A815776,User_558,10,38,4,1081552036,5 stars!,This is the best food product I have tried in years. So delicious! Fantastic taste and great value for money. Highly recommend!
560,B0096766,A585397,User_559,38,57,4,1116097850,5 stars!,I love this product so much. It exceeded all my expectations. Incredible product at a very reasonable price. Highly recommended!
561,B0078024,A318607,User_560,27,32,3,1039296889,Passable,It is okay. Nothing special but does the job. Neither impressive nor disappointing. Just a regular purchase.
4059,B0081278,A105123,User_4058,0,5,5,1381191893,Excellent!,Incredible product at a very reasonable price. Highly recommended! Great quality and fast shipping. Will definitely buy again.
563,B0096978,A127007,User_562,19,26,1,1104607896,Awful,I regret buying this. The smell is awful and taste is worse. Extremely bitter and unpleasant. Could not eat it at all.
564,B0084009,A223181,User_563,3,14,5,1130119205,Highly recommend,Absolutely delicious and healthy. I cannot imagine my life without it. The taste is divine and it keeps me energized throughout the day.
565,B0063366,A253060,User_564,6,6,5,1436845777,Loved it!,"I love this product so much. It exceeded all my expectations. Wonderful taste, great packaging, and arrived on time. Love it!"
566,B0054884,A758459,User_565,19,44,5,1443439338,Great product!,"Wonderful taste, great packaging, and arrived on time. Love it! I love this product so much. It exceeded all my expectations."
567,B0059024,A738853,User_566,24,29,4,1212052187,Perfect!,Loved the flavor and texture. Will be ordering more very soon. This is the best food product I have tried in years. So delicious!
568,B0031202,A474637,User_567,2,10,5,1342072525,Wonderful!,Absolutely delicious and healthy. I cannot imagine my life without it. Superb quality and flavor. This is now a staple in my household.
569,B0039990,A325445,User_568,3,7,5,1407946907,Fantastic!,This is the best food product I have tried in years. So delicious! Outstanding product. Five stars without any hesitation.
570,B0084389,A197955,User_569,34,47,1,1368150255,Horrible,Tasted terrible. Threw it straight in the bin. Complete waste. Very disappointed. The taste was nothing like described.
571,B0024273,A685552,User_570,33,46,3,1116420940,So so,"Middling product. Not excited to reorder but might anyway. It does what it says. Nothing more, nothing less."
572,B0072920,A442211,User_571,19,21,3,1364475914,Not bad,It is fine. I have had better but also much worse. Middling product. Not excited to reorder but might anyway.
573,B0099090,A104591,User_572,48,62,5,1035738390,Great product!,Great quality and fast shipping. Will definitely buy again. Best snack I have ever had. My kids absolutely love it too.
574,B0013475,A123059,User_573,2,15,5,1156277099,Highly recommend,Excellent product! The quality is outstanding and it tastes wonderful. Very happy with this purchase. Arrived quickly and well packaged.
575,B0037671,A406400,User_574,16,26,5,1412329381,Fantastic!,Great purchase. The product tastes exactly as described. Very happy with this purchase. Arrived quickly and well packaged.
576,B0040688,A234241,User_575,25,42,3,1002614932,Alright,Average product. Neither good nor bad. Just acceptable. Average product. Neither good nor bad. Just acceptable.
577,B0057211,A310216,User_576,50,72,5,1318711845,Good!,This is the best food product I have tried in years. So delicious! Best snack I have ever had. My kids absolutely love it too.
578,B0041955,A182193,User_577,9,13,4,1297057757,Excellent!,Best snack I have ever had. My kids absolutely love it too. Great purchase. The product tastes exactly as described.
579,B0010165,A796570,User_578,49,52,4,1095258702,Fantastic!,The taste is divine and it keeps me energized throughout the day. Fantastic taste and great value for money. Highly recommend!
580,B0017261,A657527,User_579,16,28,1,1042707806,Waste of money,Horrible product. Returned it immediately. Do not buy this. Extremely bitter and unpleasant. Could not eat it at all.
581,B0050778,A246833,User_580,11,19,1,1090173664,Terrible,Very bad experience. Product did not match the description at all. Very bad experience. Product did not match the description at all.
582,B0090896,A833775,User_581,25,53,5,1260400710,Good!,Perfectly packaged and freshly delivered. Very happy with this order. Perfectly packaged and freshly delivered. Very happy with this order.
583,B0086764,A140875,User_582,23,23,3,1024428460,Acceptable,"It does what it says. Nothing more, nothing less. It is okay. Nothing special but does the job."
584,B0086494,A894887,User_583,44,65,5,1098564659,Wonderful!,"Wonderful taste, great packaging, and arrived on time. Love it! Wonderful taste, great packaging, and arrived on time. Love it!"
585,B0033607,A826524,User_584,49,75,5,1131214620,Wonderful!,Outstanding product. Five stars without any hesitation. Perfect in every way. My family loves it and we keep buying more.
586,B0060426,A995823,User_585,28,34,4,1065601977,Loved it!,Great purchase. The product tastes exactly as described. Perfectly packaged and freshly delivered. Very happy with this order.
587,B0092117,A503187,User_586,32,57,3,1294883939,Okay,Neither impressive nor disappointing. Just a regular purchase. It is fine. I have had better but also much worse.
588,B0062981,A642301,User_587,49,76,5,1319333135,Highly recommend,"Wonderful taste, great packaging, and arrived on time. Love it! Best snack I have ever had. My kids absolutely love it too."
589,B0055610,A232451,User_588,12,38,5,1491311653,Loved it!,The taste is divine and it keeps me energized throughout the day. This product is absolutely amazing! Best purchase I have ever made.
590,B0038107,A946984,User_589,45,51,4,1228947073,5 stars!,Great quality and fast shipping. Will definitely buy again. Top notch quality. I am very satisfied with my purchase.
591,B0060582,A158160,User_590,43,43,5,1259795341,Great product!,Top notch quality. I am very satisfied with my purchase. Best snack I have ever had. My kids absolutely love it too.
592,B0024636,A415575,User_591,30,48,5,1100554717,Highly recommend,Loved the flavor and texture. Will be ordering more very soon. Perfectly packaged and freshly delivered. Very happy with this order.
593,B0090402,A654010,User_592,18,18,5,1018771324,Great product!,Superb quality and flavor. This is now a staple in my household. Excellent product! The quality is outstanding and it tastes wonderful.
594,B0072602,A230490,User_593,41,48,5,1447612822,Loved it!,Excellent product! The quality is outstanding and it tastes wonderful. The taste is divine and it keeps me energized throughout the day.
595,B0094881,A919737,User_594,1,28,1,1060342629,Don't buy,Product was stale and expired. Very unhappy with this purchase. Tasted terrible. Threw it straight in the bin. Complete waste.
596,B0069816,A826787,User_595,8,28,1,1098211119,Poor quality,Not worth a single penny. Quality is shockingly bad. Tasted terrible. Threw it straight in the bin. Complete waste.
597,B0040848,A134112,User_596,19,41,5,1334161955,Fantastic!,This product is absolutely amazing! Best purchase I have ever made. Outstanding product. Five stars without any hesitation.
598,B0023600,A694139,User_597,29,37,3,1186661306,Normal,Average taste. Expected better but it is passable. Neither impressive nor disappointing. Just a regular purchase.
599,B0069563,A349051,User_598,6,6,5,1324482202,Fantastic!,"Wonderful taste, great packaging, and arrived on time. Love it! Best snack I have ever had. My kids absolutely love it too."
600,B0038371,A158631,User_599,43,46,5,1009753788,Amazing!,Superb quality and flavor. This is now a staple in my household. Incredible product at a very reasonable price. Highly recommended!
601,B0084439,A463426,User_600,16,36,5,1481876951,Amazing!,Really good product. I order this every month for my family. This is the best food product I have tried in years. So delicious!
602,B0049772,A411764,User_601,9,25,1,1455357637,Disappointed,Disappointed and frustrated. This product ruined my meal. Tasted terrible. Threw it straight in the bin. Complete waste.
603,B0066042,A656465,User_602,42,52,2,1131471573,Waste of money,Disappointed and frustrated. This product ruined my meal. Terrible product. Arrived broken and smelled awful. Never again.
604,B0030286,A401869,User_603,18,26,2,1052443271,Poor quality,I regret buying this. The smell is awful and taste is worse. Terrible product. Arrived broken and smelled awful. Never again.
605,B0045788,A843248,User_604,45,63,3,1355991924,Passable,Neither impressive nor disappointing. Just a regular purchase. Neither impressive nor disappointing. Just a regular purchase.
606,B0076396,A570063,User_605,43,60,2,1415153289,Disappointed,The flavor is disgusting and the texture is completely off. I regret buying this. The smell is awful and taste is worse.
607,B0074921,A328080,User_606,42,70,5,1245081292,Highly recommend,Loved the flavor and texture. Will be ordering more very soon. Superb quality and flavor. This is now a staple in my household.
608,B0029953,A641280,User_607,47,55,5,1260896632,Highly recommend,"Wonderful taste, great packaging, and arrived on time. Love it! Fantastic taste and great value for money. Highly recommend!"
609,B0035700,A476350,User_608,41,43,1,1341237257,Horrible,Extremely bitter and unpleasant. Could not eat it at all. Not worth a single penny. Quality is shockingly bad.
610,B0083420,A565006,User_609,23,31,5,1171906128,5 stars!,"Outstanding product. Five stars without any hesitation. Wonderful taste, great packaging, and arrived on time. Love it!"
611,B0055743,A893234,User_610,40,58,5,1214132558,Good!,Top notch quality. I am very satisfied with my purchase. Fantastic taste and great value for money. Highly recommend!
612,B0078950,A964608,User_611,32,35,5,1485357454,Loved it!,Perfectly packaged and freshly delivered. Very happy with this order. I love this product so much. It exceeded all my expectations.
613,B0059298,A608992,User_612,3,30,3,1308859208,So so,Neither impressive nor disappointing. Just a regular purchase. Meets basic expectations. Nothing stands out about it.
3865,B0067981,A907127,User_3864,13,13,5,1137153170,Good!,"Wonderful taste, great packaging, and arrived on time. Love it! Great quality and fast shipping. Will definitely buy again."
615,B0096671,A568787,User_614,49,51,3,1370042573,Decent,It is fine. I have had better but also much worse. Decent enough for the price. Not amazing but not terrible either.
186,B0046435,A297644,User_185,31,50,1,1438630406,Very bad,Poor quality packaging. Items were damaged when received. Disappointed and frustrated. This product ruined my meal.
617,B0091491,A715422,User_616,50,74,5,1004188962,Wonderful!,Excellent product! The quality is outstanding and it tastes wonderful. The taste is divine and it keeps me energized throughout the day.
618,B0030110,A950760,User_617,25,38,1,1375356653,Waste of money,Poor quality packaging. Items were damaged when received. Very bad experience. Product did not match the description at all.
619,B0072804,A650958,User_618,12,35,3,1003061865,Alright,Neither impressive nor disappointing. Just a regular purchase. It is okay. Nothing special but does the job.
620,B0096357,A884826,User_619,43,43,5,1370581305,Good!,This product is absolutely amazing! Best purchase I have ever made. Really good product. I order this every month for my family.
621,B0060858,A257664,User_620,8,11,5,1056478203,Amazing!,Outstanding product. Five stars without any hesitation. Outstanding product. Five stars without any hesitation.
622,B0082536,A384054,User_621,2,11,5,1352272317,Great product!,"The taste is divine and it keeps me energized throughout the day. Wonderful taste, great packaging, and arrived on time. Love it!"
623,B0069406,A971395,User_622,43,47,3,1312369819,So so,It is fine. I have had better but also much worse. Meets basic expectations. Nothing stands out about it.
624,B0097003,A851504,User_623,25,25,5,1342982263,Highly recommend,Loved the flavor and texture. Will be ordering more very soon. Superb quality and flavor. This is now a staple in my household.
625,B0022122,A445514,User_624,32,37,4,1403628334,Fantastic!,Perfect in every way. My family loves it and we keep buying more. Very happy with this purchase. Arrived quickly and well packaged.
626,B0044180,A769080,User_625,39,40,5,1401944782,Perfect!,Great quality and fast shipping. Will definitely buy again. Absolutely delicious and healthy. I cannot imagine my life without it.
627,B0020255,A812936,User_626,44,47,4,1042510767,Good!,Great quality and fast shipping. Will definitely buy again. Fantastic taste and great value for money. Highly recommend!
628,B0041644,A443321,User_627,44,48,5,1248524823,Wonderful!,Absolutely delicious and healthy. I cannot imagine my life without it. Fantastic taste and great value for money. Highly recommend!
629,B0045845,A348200,User_628,42,58,5,1201980565,Great product!,"This product is absolutely amazing! Best purchase I have ever made. Wonderful taste, great packaging, and arrived on time. Love it!"
630,B0085563,A651830,User_629,32,55,5,1466443898,Great product!,Perfectly packaged and freshly delivered. Very happy with this order. Perfect in every way. My family loves it and we keep buying more.
631,B0036313,A970178,User_630,12,31,4,1184014466,Wonderful!,"Wonderful taste, great packaging, and arrived on time. Love it! Fantastic taste and great value for money. Highly recommend!"
632,B0026301,A210077,User_631,45,58,5,1452525925,5 stars!,This is the best food product I have tried in years. So delicious! Best snack I have ever had. My kids absolutely love it too.
633,B0073124,A492951,User_632,44,73,5,1474365609,Loved it!,Great quality and fast shipping. Will definitely buy again. Incredible product at a very reasonable price. Highly recommended!
634,B0089817,A999700,User_633,7,33,4,1114120157,Great product!,Outstanding product. Five stars without any hesitation. This product is absolutely amazing! Best purchase I have ever made.
635,B0061185,A188757,User_634,4,27,4,1440679065,Perfect!,Loved the flavor and texture. Will be ordering more very soon. Perfect in every way. My family loves it and we keep buying more.
636,B0067713,A661810,User_635,29,38,2,1406819557,Disappointed,Disappointed and frustrated. This product ruined my meal. Product was stale and expired. Very unhappy with this purchase.
637,B0014374,A264431,User_636,18,29,5,1093503512,Good!,Great quality and fast shipping. Will definitely buy again. Fantastic taste and great value for money. Highly recommend!
638,B0066416,A609628,User_637,6,33,2,1157853948,Very bad,The flavor is disgusting and the texture is completely off. Nothing as advertised. Feels like a scam. Very unhappy.
639,B0010768,A252399,User_638,21,32,1,1456305911,Not recommended,Terrible product. Arrived broken and smelled awful. Never again. Terrible product. Arrived broken and smelled awful. Never again.
640,B0057879,A811449,User_639,21,26,3,1165843412,Normal,Middling product. Not excited to reorder but might anyway. Average taste. Expected better but it is passable.
641,B0057688,A296916,User_640,44,71,5,1284326396,Excellent!,Absolutely delicious and healthy. I cannot imagine my life without it. Top notch quality. I am very satisfied with my purchase.
642,B0083297,A901834,User_641,44,67,4,1128021153,Highly recommend,Great purchase. The product tastes exactly as described. Excellent product! The quality is outstanding and it tastes wonderful.
643,B0094028,A640247,User_642,30,55,5,1138071743,Fantastic!,Excellent product! The quality is outstanding and it tastes wonderful. Fantastic taste and great value for money. Highly recommend!
644,B0023273,A244790,User_643,39,39,5,1117423604,5 stars!,Top notch quality. I am very satisfied with my purchase. Excellent product! The quality is outstanding and it tastes wonderful.
645,B0072611,A557798,User_644,26,40,3,1420991604,Average,Decent enough for the price. Not amazing but not terrible either. It is fine. I have had better but also much worse.
646,B0040014,A387821,User_645,49,72,4,1463785820,Perfect!,This is the best food product I have tried in years. So delicious! Really good product. I order this every month for my family.
647,B0051868,A993336,User_646,33,55,5,1273972204,Perfect!,The taste is divine and it keeps me energized throughout the day. Outstanding product. Five stars without any hesitation.
3386,B0083467,A723564,User_3385,47,57,5,1161412018,Fantastic!,Great purchase. The product tastes exactly as described. Very happy with this purchase. Arrived quickly and well packaged.
649,B0089629,A715389,User_648,39,40,1,1417748561,Don't buy,Tasted terrible. Threw it straight in the bin. Complete waste. Nothing as advertised. Feels like a scam. Very unhappy.
650,B0026422,A472282,User_649,10,12,5,1258213175,Wonderful!,Excellent product! The quality is outstanding and it tastes wonderful. Best snack I have ever had. My kids absolutely love it too.
651,B0025524,A203249,User_650,3,19,1,1061059683,Awful,The flavor is disgusting and the texture is completely off. Worst purchase I have ever made. Do not waste your money.
652,B0025916,A628947,User_651,29,43,5,1200101475,Great product!,Absolutely delicious and healthy. I cannot imagine my life without it. Absolutely delicious and healthy. I cannot imagine my life without it.
653,B0060932,A459971,User_652,20,23,1,1490241191,Poor quality,Packaging was horrible and the product leaked everywhere. Very disappointed. The taste was nothing like described.
654,B0027858,A293636,User_653,2,19,3,1039046893,So so,It is okay. Nothing special but does the job. Average product. Neither good nor bad. Just acceptable.
655,B0054433,A479937,User_654,35,41,5,1167834521,Perfect!,I love this product so much. It exceeded all my expectations. Perfectly packaged and freshly delivered. Very happy with this order.
656,B0013210,A482866,User_655,14,41,1,1152835446,Terrible,Packaging was horrible and the product leaked everywhere. The flavor is disgusting and the texture is completely off.
657,B0061537,A777926,User_656,45,59,5,1385893510,5 stars!,Incredible product at a very reasonable price. Highly recommended! Perfectly packaged and freshly delivered. Very happy with this order.
658,B0086997,A589724,User_657,40,70,5,1264576985,5 stars!,Outstanding product. Five stars without any hesitation. This product is absolutely amazing! Best purchase I have ever made.
659,B0083045,A818862,User_658,2,30,1,1163447643,Very bad,Extremely bitter and unpleasant. Could not eat it at all. Extremely bitter and unpleasant. Could not eat it at all.
660,B0090262,A539146,User_659,39,45,4,1233733827,Amazing!,Perfect in every way. My family loves it and we keep buying more. Great purchase. The product tastes exactly as described.
661,B0034638,A911603,User_660,45,55,5,1332219191,Loved it!,Absolutely delicious and healthy. I cannot imagine my life without it. Very happy with this purchase. Arrived quickly and well packaged.
662,B0058626,A653508,User_661,29,50,4,1061884532,Wonderful!,Great purchase. The product tastes exactly as described. Great quality and fast shipping. Will definitely buy again.
663,B0044468,A921498,User_662,33,56,5,1060970588,Good!,Best snack I have ever had. My kids absolutely love it too. Perfect in every way. My family loves it and we keep buying more.
664,B0061530,A651497,User_663,49,78,5,1249750259,Perfect!,Great purchase. The product tastes exactly as described. The taste is divine and it keeps me energized throughout the day.
665,B0049617,A793510,User_664,24,45,3,1336272383,Average,Middling product. Not excited to reorder but might anyway. Decent enough for the price. Not amazing but not terrible either.
666,B0062513,A858977,User_665,38,67,5,1031451173,Excellent!,Really good product. I order this every month for my family. Best snack I have ever had. My kids absolutely love it too.
667,B0037345,A183116,User_666,18,32,1,1482061365,Horrible,Worst purchase I have ever made. Do not waste your money. Product was stale and expired. Very unhappy with this purchase.
668,B0087664,A452891,User_667,19,45,2,1384148009,Don't buy,Poor quality packaging. Items were damaged when received. Nothing as advertised. Feels like a scam. Very unhappy.
669,B0080138,A454888,User_668,40,46,2,1370414271,Don't buy,Horrible product. Returned it immediately. Do not buy this. The flavor is disgusting and the texture is completely off.
670,B0088114,A720493,User_669,45,65,5,1296594103,Highly recommend,"Perfectly packaged and freshly delivered. Very happy with this order. Wonderful taste, great packaging, and arrived on time. Love it!"
671,B0068701,A143011,User_670,48,59,3,1242770912,Average,Decent enough for the price. Not amazing but not terrible either. Meets basic expectations. Nothing stands out about it.
672,B0012041,A355515,User_671,18,46,5,1005795422,Perfect!,The taste is divine and it keeps me energized throughout the day. The taste is divine and it keeps me energized throughout the day.
673,B0023320,A156243,User_672,1,13,2,1071604803,Very bad,Not worth a single penny. Quality is shockingly bad. Terrible product. Arrived broken and smelled awful. Never again.
674,B0048793,A638236,User_673,18,39,5,1259111457,Highly recommend,Great quality and fast shipping. Will definitely buy again. Very happy with this purchase. Arrived quickly and well packaged.
675,B0096851,A229953,User_674,2,13,5,1075501009,Perfect!,"Great quality and fast shipping. Will definitely buy again. Wonderful taste, great packaging, and arrived on time. Love it!"
676,B0092364,A703127,User_675,14,37,2,1286172965,Don't buy,Very disappointed. The taste was nothing like described. Very bad experience. Product did not match the description at all.
677,B0094657,A543780,User_676,24,36,5,1100059587,Good!,Absolutely delicious and healthy. I cannot imagine my life without it. Outstanding product. Five stars without any hesitation.
678,B0052946,A863290,User_677,47,55,4,1486466037,Good!,Really good product. I order this every month for my family. Incredible product at a very reasonable price. Highly recommended!
679,B0057267,A862020,User_678,34,57,5,1017812701,Fantastic!,Top notch quality. I am very satisfied with my purchase. Outstanding product. Five stars without any hesitation.
680,B0073700,A993797,User_679,43,45,5,1452993473,Highly recommend,"Very happy with this purchase. Arrived quickly and well packaged. Wonderful taste, great packaging, and arrived on time. Love it!"
681,B0010642,A970914,User_680,2,15,4,1136642010,Excellent!,Excellent product! The quality is outstanding and it tastes wonderful. Best snack I have ever had. My kids absolutely love it too.
682,B0040248,A750720,User_681,16,16,5,1028576983,Fantastic!,This is the best food product I have tried in years. So delicious! Perfect in every way. My family loves it and we keep buying more.
683,B0088551,A444294,User_682,38,39,5,1025011223,5 stars!,Perfect in every way. My family loves it and we keep buying more. Great quality and fast shipping. Will definitely buy again.
684,B0041108,A986011,User_683,31,56,2,1334601882,Awful,Tasted terrible. Threw it straight in the bin. Complete waste. Very bad experience. Product did not match the description at all.
685,B0042838,A418066,User_684,14,44,5,1127461451,Perfect!,Superb quality and flavor. This is now a staple in my household. I love this product so much. It exceeded all my expectations.
686,B0096692,A374519,User_685,34,51,5,1352610788,Excellent!,I love this product so much. It exceeded all my expectations. Best snack I have ever had. My kids absolutely love it too.
687,B0027343,A877772,User_686,21,32,5,1393406139,5 stars!,Superb quality and flavor. This is now a staple in my household. Outstanding product. Five stars without any hesitation.
688,B0072316,A626183,User_687,48,68,5,1386006532,Perfect!,Perfectly packaged and freshly delivered. Very happy with this order. Best snack I have ever had. My kids absolutely love it too.
689,B0022983,A575511,User_688,39,46,5,1278998167,Fantastic!,Superb quality and flavor. This is now a staple in my household. Top notch quality. I am very satisfied with my purchase.
690,B0080910,A506512,User_689,16,33,3,1005191688,So so,Okay product. Will consider alternatives next time. Neither impressive nor disappointing. Just a regular purchase.
691,B0061789,A208332,User_690,32,57,2,1462271388,Horrible,Terrible product. Arrived broken and smelled awful. Never again. Disappointed and frustrated. This product ruined my meal.
692,B0062105,A808005,User_691,20,36,5,1466846910,Loved it!,Loved the flavor and texture. Will be ordering more very soon. Great quality and fast shipping. Will definitely buy again.
693,B0086440,A938029,User_692,13,34,4,1292764293,Great product!,Fantastic taste and great value for money. Highly recommend! Excellent product! The quality is outstanding and it tastes wonderful.
694,B0029780,A455031,User_693,34,60,4,1390353597,Loved it!,Very happy with this purchase. Arrived quickly and well packaged. Great purchase. The product tastes exactly as described.
695,B0057463,A115616,User_694,47,68,1,1108504549,Very bad,I regret buying this. The smell is awful and taste is worse. Not worth a single penny. Quality is shockingly bad.
696,B0052225,A964610,User_695,4,5,4,1151951764,Great product!,Top notch quality. I am very satisfied with my purchase. Really good product. I order this every month for my family.
697,B0026533,A843028,User_696,14,43,4,1336671462,Fantastic!,This is the best food product I have tried in years. So delicious! Incredible product at a very reasonable price. Highly recommended!
698,B0089211,A899231,User_697,20,20,5,1383001778,Excellent!,Absolutely delicious and healthy. I cannot imagine my life without it. Top notch quality. I am very satisfied with my purchase.
699,B0094993,A408460,User_698,4,28,4,1304889845,Fantastic!,Fantastic taste and great value for money. Highly recommend! Incredible product at a very reasonable price. Highly recommended!
700,B0017177,A637393,User_699,32,35,1,1344409429,Horrible,Terrible product. Arrived broken and smelled awful. Never again. I regret buying this. The smell is awful and taste is worse.
701,B0053157,A681337,User_700,48,77,4,1061220513,Amazing!,"Wonderful taste, great packaging, and arrived on time. Love it! Perfectly packaged and freshly delivered. Very happy with this order."
702,B0013126,A395409,User_701,34,41,5,1095950218,Highly recommend,Absolutely delicious and healthy. I cannot imagine my life without it. This product is absolutely amazing! Best purchase I have ever made.
703,B0091413,A713630,User_702,19,40,5,1449562571,Highly recommend,Absolutely delicious and healthy. I cannot imagine my life without it. Incredible product at a very reasonable price. Highly recommended!
704,B0032758,A875370,User_703,2,2,3,1110002280,Average,Okay product. Will consider alternatives next time. It is okay. Nothing special but does the job.
705,B0061043,A220721,User_704,13,36,4,1090050025,Amazing!,Absolutely delicious and healthy. I cannot imagine my life without it. Incredible product at a very reasonable price. Highly recommended!
706,B0017024,A847631,User_705,41,68,1,1060803826,Waste of money,I regret buying this. The smell is awful and taste is worse. The flavor is disgusting and the texture is completely off.
707,B0010929,A986368,User_706,16,22,5,1204246923,Fantastic!,Excellent product! The quality is outstanding and it tastes wonderful. Excellent product! The quality is outstanding and it tastes wonderful.
708,B0016279,A441143,User_707,4,13,5,1357591262,Perfect!,The taste is divine and it keeps me energized throughout the day. Great quality and fast shipping. Will definitely buy again.
709,B0097400,A872899,User_708,31,61,1,1365750416,Disgusting,Product was stale and expired. Very unhappy with this purchase. Very disappointed. The taste was nothing like described.
710,B0020512,A131928,User_709,39,41,4,1006774697,Amazing!,Perfect in every way. My family loves it and we keep buying more. Outstanding product. Five stars without any hesitation.
711,B0024560,A635215,User_710,39,60,3,1013425617,Normal,Okay product. Will consider alternatives next time. It is fine. I have had better but also much worse.
712,B0097454,A699899,User_711,27,32,5,1201142920,5 stars!,The taste is divine and it keeps me energized throughout the day. Perfect in every way. My family loves it and we keep buying more.
713,B0017259,A242847,User_712,23,27,5,1462310825,Amazing!,Outstanding product. Five stars without any hesitation. Outstanding product. Five stars without any hesitation.
714,B0020900,A786195,User_713,28,39,1,1322285459,Poor quality,The flavor is disgusting and the texture is completely off. Disappointed and frustrated. This product ruined my meal.
715,B0052821,A367709,User_714,41,60,1,1467311030,Not recommended,Packaging was horrible and the product leaked everywhere. Extremely bitter and unpleasant. Could not eat it at all.
716,B0065591,A402101,User_715,46,74,5,1381279706,Amazing!,This is the best food product I have tried in years. So delicious! Perfect in every way. My family loves it and we keep buying more.
717,B0019673,A527003,User_716,37,49,4,1115263487,Fantastic!,I love this product so much. It exceeded all my expectations. This product is absolutely amazing! Best purchase I have ever made.
718,B0064431,A846423,User_717,16,33,1,1095535344,Don't buy,Worst purchase I have ever made. Do not waste your money. Disappointed and frustrated. This product ruined my meal.
719,B0019229,A404591,User_718,25,32,3,1142431115,Normal,Meets basic expectations. Nothing stands out about it. It is fine. I have had better but also much worse.
720,B0086732,A143066,User_719,32,48,3,1374678990,Not bad,Middling product. Not excited to reorder but might anyway. Average taste. Expected better but it is passable.
721,B0070250,A348855,User_720,39,60,4,1040845055,Loved it!,Superb quality and flavor. This is now a staple in my household. Best snack I have ever had. My kids absolutely love it too.
722,B0035234,A448584,User_721,11,29,5,1293337925,Highly recommend,Best snack I have ever had. My kids absolutely love it too. Perfect in every way. My family loves it and we keep buying more.
723,B0083642,A128062,User_722,14,38,3,1125325162,Okay,Decent enough for the price. Not amazing but not terrible either. It is fine. I have had better but also much worse.
724,B0043806,A565168,User_723,2,23,5,1074535052,Loved it!,I love this product so much. It exceeded all my expectations. This is the best food product I have tried in years. So delicious!
725,B0043079,A991996,User_724,2,3,5,1366812263,Wonderful!,Superb quality and flavor. This is now a staple in my household. Absolutely delicious and healthy. I cannot imagine my life without it.
726,B0091721,A533033,User_725,37,54,3,1395151727,Acceptable,Okay product. Will consider alternatives next time. Average product. Neither good nor bad. Just acceptable.
727,B0092155,A724594,User_726,41,69,5,1404870844,Fantastic!,Absolutely delicious and healthy. I cannot imagine my life without it. Absolutely delicious and healthy. I cannot imagine my life without it.
728,B0077406,A478653,User_727,33,45,1,1188067600,Disappointed,Extremely bitter and unpleasant. Could not eat it at all. Product was stale and expired. Very unhappy with this purchase.
729,B0020734,A463509,User_728,0,16,5,1100342376,Fantastic!,Superb quality and flavor. This is now a staple in my household. Loved the flavor and texture. Will be ordering more very soon.
730,B0028260,A921930,User_729,32,52,3,1381929345,Average,It is fine. I have had better but also much worse. Decent enough for the price. Not amazing but not terrible either.
731,B0021497,A469409,User_730,38,60,5,1242058030,5 stars!,Perfect in every way. My family loves it and we keep buying more. Excellent product! The quality is outstanding and it tastes wonderful.
732,B0040276,A730544,User_731,46,49,1,1206362666,Horrible,Tasted terrible. Threw it straight in the bin. Complete waste. Worst purchase I have ever made. Do not waste your money.
733,B0010158,A831663,User_732,10,30,5,1085994544,Fantastic!,Loved the flavor and texture. Will be ordering more very soon. Loved the flavor and texture. Will be ordering more very soon.
734,B0016144,A938780,User_733,36,54,1,1193781385,Not recommended,Terrible product. Arrived broken and smelled awful. Never again. Worst purchase I have ever made. Do not waste your money.
735,B0098157,A911167,User_734,10,18,5,1079218221,Good!,Best snack I have ever had. My kids absolutely love it too. Great quality and fast shipping. Will definitely buy again.
736,B0082881,A320547,User_735,5,11,3,1351940682,Acceptable,Meets basic expectations. Nothing stands out about it. Neither impressive nor disappointing. Just a regular purchase.
737,B0077108,A486156,User_736,26,45,5,1466511432,Loved it!,Loved the flavor and texture. Will be ordering more very soon. Loved the flavor and texture. Will be ordering more very soon.
738,B0028341,A448799,User_737,46,67,5,1023048439,Highly recommend,The taste is divine and it keeps me energized throughout the day. Excellent product! The quality is outstanding and it tastes wonderful.
739,B0095871,A632994,User_738,24,36,4,1474623841,Loved it!,Top notch quality. I am very satisfied with my purchase. Perfectly packaged and freshly delivered. Very happy with this order.
740,B0035325,A635591,User_739,38,41,5,1088060683,Highly recommend,This product is absolutely amazing! Best purchase I have ever made. Very happy with this purchase. Arrived quickly and well packaged.
741,B0079580,A181582,User_740,32,56,4,1047383061,Perfect!,Perfectly packaged and freshly delivered. Very happy with this order. Perfectly packaged and freshly delivered. Very happy with this order.
742,B0049708,A165014,User_741,33,46,4,1118241825,Excellent!,Loved the flavor and texture. Will be ordering more very soon. Perfect in every way. My family loves it and we keep buying more.
743,B0097295,A632455,User_742,30,55,5,1059970179,Loved it!,Great quality and fast shipping. Will definitely buy again. Best snack I have ever had. My kids absolutely love it too.
744,B0059213,A893386,User_743,6,19,2,1053004281,Disgusting,The flavor is disgusting and the texture is completely off. Very bad experience. Product did not match the description at all.
745,B0085099,A846382,User_744,38,66,4,1234426272,Amazing!,Loved the flavor and texture. Will be ordering more very soon. Outstanding product. Five stars without any hesitation.
746,B0091853,A240618,User_745,36,52,4,1250891829,Good!,This is the best food product I have tried in years. So delicious! Very happy with this purchase. Arrived quickly and well packaged.
747,B0016715,A796303,User_746,26,37,5,1302794931,5 stars!,This product is absolutely amazing! Best purchase I have ever made. Absolutely delicious and healthy. I cannot imagine my life without it.
748,B0099181,A259953,User_747,34,47,5,1185930422,Amazing!,Great purchase. The product tastes exactly as described. The taste is divine and it keeps me energized throughout the day.
749,B0099993,A568332,User_748,26,43,5,1389524891,Loved it!,Perfectly packaged and freshly delivered. Very happy with this order. This is the best food product I have tried in years. So delicious!
750,B0083489,A559946,User_749,35,50,1,1155764184,Don't buy,Packaging was horrible and the product leaked everywhere. Poor quality packaging. Items were damaged when received.
751,B0063068,A913657,User_750,47,51,5,1088918872,Excellent!,"Wonderful taste, great packaging, and arrived on time. Love it! The taste is divine and it keeps me energized throughout the day."
752,B0072661,A445752,User_751,6,12,3,1284075663,Decent,"Average product. Neither good nor bad. Just acceptable. It does what it says. Nothing more, nothing less."
753,B0026758,A414599,User_752,24,54,4,1486059641,Highly recommend,Really good product. I order this every month for my family. Incredible product at a very reasonable price. Highly recommended!
754,B0035774,A568742,User_753,27,29,5,1400029336,Fantastic!,I love this product so much. It exceeded all my expectations. Perfect in every way. My family loves it and we keep buying more.
755,B0098323,A904927,User_754,2,25,4,1115483688,Fantastic!,Outstanding product. Five stars without any hesitation. Superb quality and flavor. This is now a staple in my household.
756,B0038580,A976991,User_755,3,33,5,1089907246,Fantastic!,Absolutely delicious and healthy. I cannot imagine my life without it. Perfectly packaged and freshly delivered. Very happy with this order.
757,B0019643,A573983,User_756,0,6,1,1478103614,Poor quality,Poor quality packaging. Items were damaged when received. Tasted terrible. Threw it straight in the bin. Complete waste.
758,B0018042,A758071,User_757,50,69,3,1207382433,Okay,Meets basic expectations. Nothing stands out about it. Average taste. Expected better but it is passable.
759,B0044563,A620778,User_758,23,30,5,1265271908,Good!,Outstanding product. Five stars without any hesitation. Perfectly packaged and freshly delivered. Very happy with this order.
760,B0097203,A617115,User_759,22,43,1,1364875327,Waste of money,Poor quality packaging. Items were damaged when received. Very disappointed. The taste was nothing like described.
761,B0044393,A384698,User_760,5,22,4,1014265906,Great product!,The taste is divine and it keeps me energized throughout the day. Very happy with this purchase. Arrived quickly and well packaged.
762,B0079366,A490179,User_761,17,24,5,1054499886,5 stars!,Incredible product at a very reasonable price. Highly recommended! The taste is divine and it keeps me energized throughout the day.
763,B0026366,A702327,User_762,0,8,5,1402277355,Fantastic!,Very happy with this purchase. Arrived quickly and well packaged. Top notch quality. I am very satisfied with my purchase.
764,B0074722,A288659,User_763,18,28,4,1406657055,Perfect!,Best snack I have ever had. My kids absolutely love it too. Fantastic taste and great value for money. Highly recommend!
765,B0098639,A487907,User_764,24,42,3,1044797165,Not bad,Meets basic expectations. Nothing stands out about it. Average taste. Expected better but it is passable.
766,B0071106,A397661,User_765,37,64,5,1215226901,Wonderful!,Outstanding product. Five stars without any hesitation. Really good product. I order this every month for my family.
767,B0092325,A842433,User_766,40,65,4,1239409059,Excellent!,Fantastic taste and great value for money. Highly recommend! This is the best food product I have tried in years. So delicious!
768,B0042114,A223178,User_767,33,50,3,1271407935,Normal,"It does what it says. Nothing more, nothing less. Okay product. Will consider alternatives next time."
769,B0092330,A232320,User_768,25,46,5,1059494266,Great product!,This is the best food product I have tried in years. So delicious! Outstanding product. Five stars without any hesitation.
770,B0064092,A327357,User_769,30,40,2,1060634072,Not recommended,The flavor is disgusting and the texture is completely off. Very disappointed. The taste was nothing like described.
771,B0057553,A639297,User_770,31,54,5,1431217253,Loved it!,The taste is divine and it keeps me energized throughout the day. This is the best food product I have tried in years. So delicious!
772,B0051551,A569109,User_771,12,38,5,1232468534,Loved it!,Outstanding product. Five stars without any hesitation. This is the best food product I have tried in years. So delicious!
773,B0064917,A255592,User_772,7,36,5,1495535732,Great product!,Perfectly packaged and freshly delivered. Very happy with this order. Superb quality and flavor. This is now a staple in my household.
774,B0019202,A992889,User_773,2,29,4,1251406582,Perfect!,Loved the flavor and texture. Will be ordering more very soon. Perfectly packaged and freshly delivered. Very happy with this order.
775,B0089417,A402470,User_774,17,32,5,1426632784,Fantastic!,Perfectly packaged and freshly delivered. Very happy with this order. Really good product. I order this every month for my family.
776,B0028153,A872444,User_775,48,66,5,1445246639,Loved it!,Best snack I have ever had. My kids absolutely love it too. This is the best food product I have tried in years. So delicious!
777,B0026573,A715298,User_776,2,18,5,1398342282,Perfect!,Best snack I have ever had. My kids absolutely love it too. Great purchase. The product tastes exactly as described.
778,B0019413,A951688,User_777,29,39,4,1288309131,Perfect!,Excellent product! The quality is outstanding and it tastes wonderful. Top notch quality. I am very satisfied with my purchase.
779,B0079508,A950835,User_778,37,40,1,1220887216,Waste of money,Terrible product. Arrived broken and smelled awful. Never again. Tasted terrible. Threw it straight in the bin. Complete waste.
780,B0081689,A360381,User_779,16,23,5,1395595950,Perfect!,Perfectly packaged and freshly delivered. Very happy with this order. This is the best food product I have tried in years. So delicious!
781,B0027853,A605966,User_780,31,44,5,1072853052,Highly recommend,Perfectly packaged and freshly delivered. Very happy with this order. Really good product. I order this every month for my family.
782,B0028311,A725092,User_781,28,33,5,1320942911,Amazing!,Superb quality and flavor. This is now a staple in my household. Superb quality and flavor. This is now a staple in my household.
783,B0012751,A592764,User_782,15,32,4,1003789945,Amazing!,The taste is divine and it keeps me energized throughout the day. Outstanding product. Five stars without any hesitation.
784,B0063826,A745602,User_783,30,55,5,1096378201,Highly recommend,Absolutely delicious and healthy. I cannot imagine my life without it. Very happy with this purchase. Arrived quickly and well packaged.
785,B0037960,A140409,User_784,34,57,5,1171722797,Perfect!,Great purchase. The product tastes exactly as described. Loved the flavor and texture. Will be ordering more very soon.
786,B0020696,A117853,User_785,36,37,5,1051459445,Perfect!,"Loved the flavor and texture. Will be ordering more very soon. Wonderful taste, great packaging, and arrived on time. Love it!"
787,B0078979,A617430,User_786,30,56,5,1178827812,Amazing!,Excellent product! The quality is outstanding and it tastes wonderful. Great quality and fast shipping. Will definitely buy again.
788,B0062118,A165141,User_787,23,40,5,1101362323,5 stars!,Top notch quality. I am very satisfied with my purchase. Really good product. I order this every month for my family.
789,B0047673,A845217,User_788,7,18,4,1272301471,Excellent!,This is the best food product I have tried in years. So delicious! Superb quality and flavor. This is now a staple in my household.
790,B0025933,A398868,User_789,22,32,3,1213125376,Acceptable,"Middling product. Not excited to reorder but might anyway. It does what it says. Nothing more, nothing less."
791,B0073005,A447009,User_790,5,17,2,1469586420,Poor quality,Packaging was horrible and the product leaked everywhere. Not worth a single penny. Quality is shockingly bad.
792,B0060384,A481878,User_791,26,46,5,1137755469,5 stars!,Top notch quality. I am very satisfied with my purchase. Perfect in every way. My family loves it and we keep buying more.
793,B0018274,A728983,User_792,21,28,4,1404807330,Highly recommend,Absolutely delicious and healthy. I cannot imagine my life without it. I love this product so much. It exceeded all my expectations.
794,B0093633,A398014,User_793,28,52,5,1090884213,Amazing!,"Wonderful taste, great packaging, and arrived on time. Love it! This is the best food product I have tried in years. So delicious!"
795,B0092535,A674010,User_794,10,15,3,1232094794,So so,Okay product. Will consider alternatives next time. Middling product. Not excited to reorder but might anyway.
796,B0092231,A972549,User_795,13,18,3,1237524297,Average,"Decent enough for the price. Not amazing but not terrible either. It does what it says. Nothing more, nothing less."
983,B0011889,A740773,User_982,14,19,5,1165305551,5 stars!,Incredible product at a very reasonable price. Highly recommended! Top notch quality. I am very satisfied with my purchase.
798,B0013808,A696839,User_797,16,35,1,1418605576,Very bad,Extremely bitter and unpleasant. Could not eat it at all. Not worth a single penny. Quality is shockingly bad.
799,B0030387,A821408,User_798,47,56,5,1008450594,Loved it!,"Absolutely delicious and healthy. I cannot imagine my life without it. Wonderful taste, great packaging, and arrived on time. Love it!"
800,B0034849,A873022,User_799,2,23,5,1091607405,Good!,Perfect in every way. My family loves it and we keep buying more. Perfect in every way. My family loves it and we keep buying more.
801,B0064193,A536264,User_800,17,34,5,1091867458,Perfect!,Really good product. I order this every month for my family. Loved the flavor and texture. Will be ordering more very soon.
802,B0044314,A584279,User_801,27,43,5,1021902116,Fantastic!,Incredible product at a very reasonable price. Highly recommended! Excellent product! The quality is outstanding and it tastes wonderful.
803,B0025252,A378031,User_802,34,41,5,1330063792,Wonderful!,"Incredible product at a very reasonable price. Highly recommended! Wonderful taste, great packaging, and arrived on time. Love it!"
804,B0092285,A854584,User_803,16,20,1,1307826908,Waste of money,Packaging was horrible and the product leaked everywhere. Product was stale and expired. Very unhappy with this purchase.
805,B0067194,A986520,User_804,18,33,5,1160452667,5 stars!,This product is absolutely amazing! Best purchase I have ever made. Best snack I have ever had. My kids absolutely love it too.
806,B0089632,A210648,User_805,49,62,5,1044919647,Good!,Loved the flavor and texture. Will be ordering more very soon. Loved the flavor and texture. Will be ordering more very soon.
807,B0041291,A557574,User_806,23,29,1,1259484444,Don't buy,Very bad experience. Product did not match the description at all. Worst purchase I have ever made. Do not waste your money.
808,B0065516,A547082,User_807,10,32,5,1368169677,Loved it!,Incredible product at a very reasonable price. Highly recommended! Great purchase. The product tastes exactly as described.
809,B0076419,A239011,User_808,16,18,1,1433211745,Disappointed,Nothing as advertised. Feels like a scam. Very unhappy. Horrible product. Returned it immediately. Do not buy this.
810,B0034808,A307070,User_809,41,64,5,1499863982,Amazing!,Outstanding product. Five stars without any hesitation. Best snack I have ever had. My kids absolutely love it too.
811,B0051532,A810666,User_810,11,15,5,1181467018,Great product!,This is the best food product I have tried in years. So delicious! Great purchase. The product tastes exactly as described.
812,B0092008,A691019,User_811,44,63,5,1112053398,Amazing!,Top notch quality. I am very satisfied with my purchase. Perfectly packaged and freshly delivered. Very happy with this order.
813,B0089886,A457479,User_812,34,34,5,1343982039,Good!,Really good product. I order this every month for my family. This product is absolutely amazing! Best purchase I have ever made.
814,B0087470,A926374,User_813,45,59,5,1460168189,Highly recommend,"Fantastic taste and great value for money. Highly recommend! Wonderful taste, great packaging, and arrived on time. Love it!"
815,B0018666,A542261,User_814,31,37,1,1012431758,Terrible,Worst purchase I have ever made. Do not waste your money. Very disappointed. The taste was nothing like described.
816,B0064241,A791002,User_815,44,69,5,1151887898,Wonderful!,"Wonderful taste, great packaging, and arrived on time. Love it! Loved the flavor and texture. Will be ordering more very soon."
817,B0070613,A986523,User_816,49,61,4,1361694786,Amazing!,I love this product so much. It exceeded all my expectations. Perfect in every way. My family loves it and we keep buying more.
818,B0066956,A612312,User_817,24,50,5,1006402525,Amazing!,Loved the flavor and texture. Will be ordering more very soon. Excellent product! The quality is outstanding and it tastes wonderful.
819,B0045902,A223116,User_818,47,48,5,1193817917,Loved it!,Outstanding product. Five stars without any hesitation. Absolutely delicious and healthy. I cannot imagine my life without it.
820,B0011959,A261520,User_819,24,45,5,1425170020,Wonderful!,Fantastic taste and great value for money. Highly recommend! Best snack I have ever had. My kids absolutely love it too.
821,B0041957,A445916,User_820,33,36,3,1105970987,Alright,Okay product. Will consider alternatives next time. Decent enough for the price. Not amazing but not terrible either.
822,B0029312,A481696,User_821,42,48,5,1041663158,Good!,"Wonderful taste, great packaging, and arrived on time. Love it! Very happy with this purchase. Arrived quickly and well packaged."
823,B0039534,A714594,User_822,10,35,3,1326597030,Okay,"It does what it says. Nothing more, nothing less. Neither impressive nor disappointing. Just a regular purchase."
824,B0085681,A331732,User_823,2,20,5,1280196086,Good!,Fantastic taste and great value for money. Highly recommend! Absolutely delicious and healthy. I cannot imagine my life without it.
825,B0097349,A460192,User_824,23,47,2,1150867109,Not recommended,Packaging was horrible and the product leaked everywhere. I regret buying this. The smell is awful and taste is worse.
826,B0018876,A131323,User_825,21,50,4,1418386899,Fantastic!,Excellent product! The quality is outstanding and it tastes wonderful. Loved the flavor and texture. Will be ordering more very soon.
827,B0084916,A276953,User_826,44,61,3,1039867976,Decent,It is okay. Nothing special but does the job. It is okay. Nothing special but does the job.
828,B0039899,A914243,User_827,35,60,1,1032560480,Horrible,Poor quality packaging. Items were damaged when received. Packaging was horrible and the product leaked everywhere.
829,B0096322,A572281,User_828,44,56,5,1356881389,Good!,Superb quality and flavor. This is now a staple in my household. Top notch quality. I am very satisfied with my purchase.
830,B0033551,A551858,User_829,45,59,4,1183995084,Wonderful!,Perfect in every way. My family loves it and we keep buying more. This is the best food product I have tried in years. So delicious!
831,B0054995,A568452,User_830,11,28,5,1014747122,Fantastic!,Incredible product at a very reasonable price. Highly recommended! Loved the flavor and texture. Will be ordering more very soon.
832,B0028338,A376307,User_831,33,37,5,1240173883,Great product!,Top notch quality. I am very satisfied with my purchase. This is the best food product I have tried in years. So delicious!
833,B0079947,A754379,User_832,0,24,5,1173061371,Wonderful!,This is the best food product I have tried in years. So delicious! Incredible product at a very reasonable price. Highly recommended!
834,B0029553,A869903,User_833,23,47,4,1427008625,Fantastic!,Absolutely delicious and healthy. I cannot imagine my life without it. Excellent product! The quality is outstanding and it tastes wonderful.
835,B0093239,A929669,User_834,33,54,5,1171653150,Loved it!,Really good product. I order this every month for my family. I love this product so much. It exceeded all my expectations.
836,B0062732,A121833,User_835,26,46,5,1001411323,5 stars!,Incredible product at a very reasonable price. Highly recommended! Perfect in every way. My family loves it and we keep buying more.
837,B0069534,A493849,User_836,8,13,4,1283262621,Good!,Fantastic taste and great value for money. Highly recommend! Best snack I have ever had. My kids absolutely love it too.
838,B0023329,A415753,User_837,6,7,3,1139295349,Fine,"It does what it says. Nothing more, nothing less. Average product. Neither good nor bad. Just acceptable."
839,B0032912,A229944,User_838,23,30,5,1269402143,Good!,Absolutely delicious and healthy. I cannot imagine my life without it. Loved the flavor and texture. Will be ordering more very soon.
840,B0059877,A920236,User_839,5,19,5,1171750385,Wonderful!,I love this product so much. It exceeded all my expectations. This product is absolutely amazing! Best purchase I have ever made.
841,B0088971,A262387,User_840,23,48,2,1087948391,Waste of money,Terrible product. Arrived broken and smelled awful. Never again. The flavor is disgusting and the texture is completely off.
842,B0041509,A913493,User_841,2,25,1,1294070249,Don't buy,Horrible product. Returned it immediately. Do not buy this. Very bad experience. Product did not match the description at all.
843,B0070436,A260477,User_842,6,9,5,1156344007,Perfect!,"Wonderful taste, great packaging, and arrived on time. Love it! I love this product so much. It exceeded all my expectations."
844,B0086437,A614661,User_843,33,54,1,1221652757,Disappointed,Extremely bitter and unpleasant. Could not eat it at all. Nothing as advertised. Feels like a scam. Very unhappy.
845,B0044083,A254691,User_844,49,69,5,1498799708,Great product!,Excellent product! The quality is outstanding and it tastes wonderful. Incredible product at a very reasonable price. Highly recommended!
846,B0089300,A812549,User_845,50,55,4,1262738340,Highly recommend,Top notch quality. I am very satisfied with my purchase. Great purchase. The product tastes exactly as described.
847,B0091869,A606121,User_846,38,52,5,1239756336,Perfect!,Best snack I have ever had. My kids absolutely love it too. Really good product. I order this every month for my family.
848,B0084405,A516600,User_847,26,50,3,1033438868,Normal,Okay product. Will consider alternatives next time. Meets basic expectations. Nothing stands out about it.
849,B0052058,A477955,User_848,34,40,5,1124921741,Fantastic!,Really good product. I order this every month for my family. Perfectly packaged and freshly delivered. Very happy with this order.
850,B0031681,A306930,User_849,28,58,5,1419655412,Wonderful!,Incredible product at a very reasonable price. Highly recommended! This is the best food product I have tried in years. So delicious!
851,B0034444,A944386,User_850,8,36,4,1266595780,Perfect!,"Great quality and fast shipping. Will definitely buy again. Wonderful taste, great packaging, and arrived on time. Love it!"
852,B0051028,A165802,User_851,1,25,5,1270694408,5 stars!,"Wonderful taste, great packaging, and arrived on time. Love it! Outstanding product. Five stars without any hesitation."
853,B0034249,A396775,User_852,32,49,1,1134487966,Don't buy,I regret buying this. The smell is awful and taste is worse. Horrible product. Returned it immediately. Do not buy this.
854,B0090596,A956724,User_853,29,40,4,1234163727,Good!,The taste is divine and it keeps me energized throughout the day. Perfect in every way. My family loves it and we keep buying more.
855,B0064325,A485685,User_854,16,41,5,1242710880,Loved it!,This is the best food product I have tried in years. So delicious! Superb quality and flavor. This is now a staple in my household.
856,B0043719,A218673,User_855,46,56,5,1327476028,Great product!,The taste is divine and it keeps me energized throughout the day. Absolutely delicious and healthy. I cannot imagine my life without it.
857,B0043834,A827114,User_856,6,25,2,1264214301,Disgusting,Poor quality packaging. Items were damaged when received. Packaging was horrible and the product leaked everywhere.
858,B0049489,A758102,User_857,49,50,5,1026581039,Great product!,Great quality and fast shipping. Will definitely buy again. The taste is divine and it keeps me energized throughout the day.
859,B0099626,A311768,User_858,7,34,3,1393975501,So so,Okay product. Will consider alternatives next time. Okay product. Will consider alternatives next time.
860,B0078188,A389726,User_859,40,64,2,1003724458,Terrible,I regret buying this. The smell is awful and taste is worse. Tasted terrible. Threw it straight in the bin. Complete waste.
861,B0046493,A208232,User_860,34,52,4,1300181988,5 stars!,"Great quality and fast shipping. Will definitely buy again. Wonderful taste, great packaging, and arrived on time. Love it!"
862,B0042546,A620551,User_861,43,66,5,1351677771,Good!,Best snack I have ever had. My kids absolutely love it too. Outstanding product. Five stars without any hesitation.
863,B0092548,A767910,User_862,27,36,3,1389809654,Fine,It is fine. I have had better but also much worse. Middling product. Not excited to reorder but might anyway.
864,B0066256,A958913,User_863,30,48,1,1121988776,Very bad,Poor quality packaging. Items were damaged when received. Poor quality packaging. Items were damaged when received.
865,B0081057,A151826,User_864,25,41,1,1012721940,Very bad,Extremely bitter and unpleasant. Could not eat it at all. Nothing as advertised. Feels like a scam. Very unhappy.
866,B0067017,A158596,User_865,12,27,5,1349187067,Perfect!,
867,B0076492,A455451,User_866,4,12,5,1241326737,Loved it!,The taste is divine and it keeps me energized throughout the day. Very happy with this purchase. Arrived quickly and well packaged.
868,B0024806,A396660,User_867,7,28,2,1210831017,Very bad,The flavor is disgusting and the texture is completely off. Tasted terrible. Threw it straight in the bin. Complete waste.
869,B0025223,A482244,User_868,22,41,5,1146351913,5 stars!,Superb quality and flavor. This is now a staple in my household. Superb quality and flavor. This is now a staple in my household.
870,B0019749,A452730,User_869,39,65,1,1354270033,Horrible,Not worth a single penny. Quality is shockingly bad. Product was stale and expired. Very unhappy with this purchase.
871,B0050515,A682677,User_870,2,31,3,1157901993,Not bad,It is fine. I have had better but also much worse. Middling product. Not excited to reorder but might anyway.
872,B0039171,A352349,User_871,48,71,1,1446020471,Not recommended,Worst purchase I have ever made. Do not waste your money. Tasted terrible. Threw it straight in the bin. Complete waste.
873,B0038938,A928695,User_872,9,36,3,1021656039,Passable,Average product. Neither good nor bad. Just acceptable. It is okay. Nothing special but does the job.
874,B0016072,A403866,User_873,19,33,1,1182397860,Very bad,Product was stale and expired. Very unhappy with this purchase. Terrible product. Arrived broken and smelled awful. Never again.
875,B0065847,A470348,User_874,34,50,5,1273770293,Loved it!,Really good product. I order this every month for my family. Very happy with this purchase. Arrived quickly and well packaged.
876,B0043751,A472922,User_875,44,66,2,1124711172,Not recommended,Extremely bitter and unpleasant. Could not eat it at all. Packaging was horrible and the product leaked everywhere.
877,B0013186,A752724,User_876,2,10,2,1172835225,Don't buy,Nothing as advertised. Feels like a scam. Very unhappy. Very bad experience. Product did not match the description at all.
878,B0089298,A452543,User_877,29,49,5,1175918146,Good!,"Wonderful taste, great packaging, and arrived on time. Love it! Very happy with this purchase. Arrived quickly and well packaged."
879,B0078123,A971135,User_878,6,6,3,1385412200,Normal,Average product. Neither good nor bad. Just acceptable. Neither impressive nor disappointing. Just a regular purchase.
880,B0013214,A481189,User_879,45,48,5,1480927911,Perfect!,Absolutely delicious and healthy. I cannot imagine my life without it. Outstanding product. Five stars without any hesitation.
881,B0052005,A556278,User_880,12,28,3,1004176053,Decent,It is fine. I have had better but also much worse. Middling product. Not excited to reorder but might anyway.
882,B0083653,A940349,User_881,33,42,3,1045210296,Fine,Meets basic expectations. Nothing stands out about it. It is okay. Nothing special but does the job.
883,B0075494,A296437,User_882,43,54,4,1267120450,5 stars!,Absolutely delicious and healthy. I cannot imagine my life without it. Excellent product! The quality is outstanding and it tastes wonderful.
884,B0072770,A229002,User_883,40,48,5,1484670948,Good!,"Wonderful taste, great packaging, and arrived on time. Love it! Outstanding product. Five stars without any hesitation."
885,B0021163,A544557,User_884,9,19,3,1087735754,Fine,It is okay. Nothing special but does the job. Meets basic expectations. Nothing stands out about it.
886,B0053770,A685360,User_885,43,62,3,1237224984,Alright,Decent enough for the price. Not amazing but not terrible either. Average product. Neither good nor bad. Just acceptable.
887,B0051584,A795795,User_886,9,22,3,1089656330,Passable,"It does what it says. Nothing more, nothing less. Neither impressive nor disappointing. Just a regular purchase."
888,B0055576,A325118,User_887,8,14,3,1244041343,Alright,Middling product. Not excited to reorder but might anyway. Okay product. Will consider alternatives next time.
889,B0087834,A313424,User_888,8,17,2,1344263576,Disappointed,Very bad experience. Product did not match the description at all. Extremely bitter and unpleasant. Could not eat it at all.
890,B0098449,A491131,User_889,49,53,1,1319407580,Waste of money,Disappointed and frustrated. This product ruined my meal. Extremely bitter and unpleasant. Could not eat it at all.
891,B0096497,A932917,User_890,4,21,1,1237667861,Horrible,Very bad experience. Product did not match the description at all. Disappointed and frustrated. This product ruined my meal.
892,B0017312,A789991,User_891,46,46,5,1130123888,Highly recommend,Fantastic taste and great value for money. Highly recommend! Excellent product! The quality is outstanding and it tastes wonderful.
893,B0093926,A607148,User_892,28,51,1,1499207998,Awful,Disappointed and frustrated. This product ruined my meal. Nothing as advertised. Feels like a scam. Very unhappy.
894,B0060941,A833327,User_893,8,13,3,1389276668,Average,Average taste. Expected better but it is passable. Decent enough for the price. Not amazing but not terrible either.
895,B0031875,A901415,User_894,36,55,5,1073844104,Fantastic!,Perfectly packaged and freshly delivered. Very happy with this order. Perfectly packaged and freshly delivered. Very happy with this order.
896,B0073108,A534752,User_895,5,27,4,1294472571,5 stars!,Outstanding product. Five stars without any hesitation. Outstanding product. Five stars without any hesitation.
897,B0079552,A534908,User_896,45,65,2,1100608661,Poor quality,Poor quality packaging. Items were damaged when received. Extremely bitter and unpleasant. Could not eat it at all.
898,B0072771,A633698,User_897,10,16,5,1303175216,Highly recommend,Absolutely delicious and healthy. I cannot imagine my life without it. Loved the flavor and texture. Will be ordering more very soon.
899,B0089921,A156590,User_898,14,37,5,1013850590,Excellent!,Great purchase. The product tastes exactly as described. This product is absolutely amazing! Best purchase I have ever made.
900,B0016832,A687717,User_899,11,40,1,1063245992,Very bad,Worst purchase I have ever made. Do not waste your money. Not worth a single penny. Quality is shockingly bad.
901,B0032509,A960222,User_900,29,57,3,1454595881,Normal,It is fine. I have had better but also much worse. Middling product. Not excited to reorder but might anyway.
902,B0056704,A920321,User_901,25,44,5,1370228745,5 stars!,Absolutely delicious and healthy. I cannot imagine my life without it. Great quality and fast shipping. Will definitely buy again.
903,B0085645,A742526,User_902,6,20,3,1293745427,Alright,Middling product. Not excited to reorder but might anyway. Middling product. Not excited to reorder but might anyway.
904,B0022840,A473420,User_903,35,47,5,1487357965,Good!,Great quality and fast shipping. Will definitely buy again. Outstanding product. Five stars without any hesitation.
905,B0029915,A895478,User_904,25,53,5,1126840122,Wonderful!,Great quality and fast shipping. Will definitely buy again. Very happy with this purchase. Arrived quickly and well packaged.
906,B0012072,A108156,User_905,18,37,5,1070027347,Excellent!,"Wonderful taste, great packaging, and arrived on time. Love it! Top notch quality. I am very satisfied with my purchase."
907,B0044923,A416168,User_906,5,28,3,1005842321,Not bad,Meets basic expectations. Nothing stands out about it. Decent enough for the price. Not amazing but not terrible either.
908,B0061140,A942565,User_907,26,36,5,1193813904,Excellent!,Excellent product! The quality is outstanding and it tastes wonderful. The taste is divine and it keeps me energized throughout the day.
909,B0040851,A879949,User_908,5,13,5,1057949871,Wonderful!,Excellent product! The quality is outstanding and it tastes wonderful. Top notch quality. I am very satisfied with my purchase.
910,B0071336,A708728,User_909,45,59,4,1048313497,Great product!,Excellent product! The quality is outstanding and it tastes wonderful. Fantastic taste and great value for money. Highly recommend!
911,B0032059,A196110,User_910,39,69,5,1403408287,Perfect!,I love this product so much. It exceeded all my expectations. Best snack I have ever had. My kids absolutely love it too.
912,B0025234,A131425,User_911,21,39,4,1084637772,Highly recommend,Incredible product at a very reasonable price. Highly recommended! Absolutely delicious and healthy. I cannot imagine my life without it.
913,B0064061,A627163,User_912,49,71,3,1033936109,Decent,Decent enough for the price. Not amazing but not terrible either. Decent enough for the price. Not amazing but not terrible either.
914,B0033406,A537649,User_913,40,45,5,1443679271,Amazing!,"Wonderful taste, great packaging, and arrived on time. Love it! Wonderful taste, great packaging, and arrived on time. Love it!"
915,B0062014,A896007,User_914,48,56,4,1103765081,Fantastic!,Perfect in every way. My family loves it and we keep buying more. Very happy with this purchase. Arrived quickly and well packaged.
916,B0061808,A852394,User_915,31,38,4,1137234366,Fantastic!,Loved the flavor and texture. Will be ordering more very soon. Loved the flavor and texture. Will be ordering more very soon.
917,B0012947,A153283,User_916,5,24,5,1014865091,Wonderful!,Loved the flavor and texture. Will be ordering more very soon. Top notch quality. I am very satisfied with my purchase.
918,B0038359,A407970,User_917,40,57,5,1229339254,Fantastic!,Outstanding product. Five stars without any hesitation. Incredible product at a very reasonable price. Highly recommended!
919,B0029104,A310683,User_918,3,23,1,1480709464,Not recommended,Worst purchase I have ever made. Do not waste your money. Terrible product. Arrived broken and smelled awful. Never again.
920,B0034937,A183317,User_919,5,6,5,1104929764,5 stars!,Perfect in every way. My family loves it and we keep buying more. Great quality and fast shipping. Will definitely buy again.
921,B0052467,A596657,User_920,42,64,5,1456250018,Fantastic!,
922,B0076678,A193107,User_921,29,52,2,1205810370,Not recommended,Very bad experience. Product did not match the description at all. Not worth a single penny. Quality is shockingly bad.
923,B0048922,A488556,User_922,23,51,5,1286776838,5 stars!,Great quality and fast shipping. Will definitely buy again. I love this product so much. It exceeded all my expectations.
924,B0019497,A445641,User_923,30,34,4,1016661303,Amazing!,I love this product so much. It exceeded all my expectations. Great purchase. The product tastes exactly as described.
925,B0080148,A813548,User_924,13,35,5,1039189424,Perfect!,This is the best food product I have tried in years. So delicious! Really good product. I order this every month for my family.
926,B0010879,A594455,User_925,46,68,4,1475557543,Wonderful!,Great quality and fast shipping. Will definitely buy again. Fantastic taste and great value for money. Highly recommend!
927,B0032965,A686316,User_926,33,51,5,1331759901,Amazing!,"Wonderful taste, great packaging, and arrived on time. Love it! Great purchase. The product tastes exactly as described."
928,B0091590,A436655,User_927,46,66,3,1320263859,Alright,Okay product. Will consider alternatives next time. Decent enough for the price. Not amazing but not terrible either.
929,B0051874,A903165,User_928,12,12,5,1021228015,Amazing!,Excellent product! The quality is outstanding and it tastes wonderful. Perfectly packaged and freshly delivered. Very happy with this order.
930,B0055180,A266383,User_929,26,39,5,1195354839,Fantastic!,Top notch quality. I am very satisfied with my purchase. Fantastic taste and great value for money. Highly recommend!
931,B0096231,A198031,User_930,40,46,5,1015821696,Good!,Superb quality and flavor. This is now a staple in my household. Incredible product at a very reasonable price. Highly recommended!
932,B0091163,A756143,User_931,19,35,1,1095976494,Awful,Product was stale and expired. Very unhappy with this purchase. Not worth a single penny. Quality is shockingly bad.
933,B0087258,A853084,User_932,25,48,5,1162590746,5 stars!,This product is absolutely amazing! Best purchase I have ever made. Fantastic taste and great value for money. Highly recommend!
934,B0084419,A707214,User_933,21,50,5,1022257278,5 stars!,This product is absolutely amazing! Best purchase I have ever made. Excellent product! The quality is outstanding and it tastes wonderful.
935,B0074186,A578980,User_934,30,34,1,1215408582,Not recommended,Disappointed and frustrated. This product ruined my meal. Packaging was horrible and the product leaked everywhere.
936,B0071395,A711394,User_935,47,48,5,1169005944,Excellent!,Incredible product at a very reasonable price. Highly recommended! Really good product. I order this every month for my family.
937,B0039802,A342759,User_936,35,52,2,1034475681,Horrible,Product was stale and expired. Very unhappy with this purchase. Very bad experience. Product did not match the description at all.
938,B0069686,A333903,User_937,9,17,5,1035510394,Great product!,The taste is divine and it keeps me energized throughout the day. Really good product. I order this every month for my family.
939,B0084874,A509960,User_938,10,28,2,1362070074,Don't buy,The flavor is disgusting and the texture is completely off. Nothing as advertised. Feels like a scam. Very unhappy.
940,B0035633,A682995,User_939,45,72,4,1251826672,Amazing!,Excellent product! The quality is outstanding and it tastes wonderful. Perfectly packaged and freshly delivered. Very happy with this order.
3245,B0086687,A821506,User_3244,19,46,1,1345426985,Waste of money,The flavor is disgusting and the texture is completely off. Very bad experience. Product did not match the description at all.
942,B0057055,A148471,User_941,19,24,5,1382927015,Perfect!,"Top notch quality. I am very satisfied with my purchase. Wonderful taste, great packaging, and arrived on time. Love it!"
943,B0074076,A916249,User_942,32,32,4,1446634338,Wonderful!,Great quality and fast shipping. Will definitely buy again. Very happy with this purchase. Arrived quickly and well packaged.
944,B0085873,A745988,User_943,21,50,1,1146654401,Disappointed,Disappointed and frustrated. This product ruined my meal. Extremely bitter and unpleasant. Could not eat it at all.
945,B0051398,A814761,User_944,49,76,5,1459486871,Highly recommend,"Best snack I have ever had. My kids absolutely love it too. Wonderful taste, great packaging, and arrived on time. Love it!"
946,B0055384,A354352,User_945,29,41,5,1254808952,Good!,Best snack I have ever had. My kids absolutely love it too. Perfect in every way. My family loves it and we keep buying more.
947,B0018840,A171897,User_946,2,23,1,1430555446,Awful,Extremely bitter and unpleasant. Could not eat it at all. Very disappointed. The taste was nothing like described.
948,B0083967,A800689,User_947,2,5,1,1041682602,Poor quality,Horrible product. Returned it immediately. Do not buy this. Very disappointed. The taste was nothing like described.
949,B0094344,A813000,User_948,20,26,5,1386018363,Loved it!,"Wonderful taste, great packaging, and arrived on time. Love it! This product is absolutely amazing! Best purchase I have ever made."
950,B0029142,A540647,User_949,42,45,5,1047628760,Wonderful!,This is the best food product I have tried in years. So delicious! Incredible product at a very reasonable price. Highly recommended!
951,B0043404,A137797,User_950,39,56,4,1247437515,Good!,Excellent product! The quality is outstanding and it tastes wonderful. This is the best food product I have tried in years. So delicious!
952,B0069171,A648942,User_951,20,28,5,1026319480,Perfect!,Very happy with this purchase. Arrived quickly and well packaged. Incredible product at a very reasonable price. Highly recommended!
953,B0045315,A703721,User_952,4,13,5,1358787271,Highly recommend,"Wonderful taste, great packaging, and arrived on time. Love it! The taste is divine and it keeps me energized throughout the day."
954,B0099415,A642798,User_953,8,8,5,1210924232,Good!,Really good product. I order this every month for my family. Incredible product at a very reasonable price. Highly recommended!
955,B0021185,A630769,User_954,5,18,5,1145769323,Good!,Great quality and fast shipping. Will definitely buy again. Fantastic taste and great value for money. Highly recommend!
956,B0019632,A672859,User_955,22,31,5,1290323226,Fantastic!,Perfectly packaged and freshly delivered. Very happy with this order. The taste is divine and it keeps me energized throughout the day.
957,B0018439,A467274,User_956,36,40,4,1188787283,Wonderful!,Very happy with this purchase. Arrived quickly and well packaged. Incredible product at a very reasonable price. Highly recommended!
958,B0072846,A777621,User_957,43,63,5,1435937399,Amazing!,Top notch quality. I am very satisfied with my purchase. Fantastic taste and great value for money. Highly recommend!
959,B0098527,A812210,User_958,9,36,1,1460531800,Disappointed,Packaging was horrible and the product leaked everywhere. Packaging was horrible and the product leaked everywhere.
960,B0038386,A125631,User_959,44,73,3,1236187361,Decent,Average taste. Expected better but it is passable. Okay product. Will consider alternatives next time.
961,B0061316,A192269,User_960,31,31,1,1304266398,Poor quality,Not worth a single penny. Quality is shockingly bad. Horrible product. Returned it immediately. Do not buy this.
962,B0069775,A135034,User_961,10,19,5,1233877180,Wonderful!,Fantastic taste and great value for money. Highly recommend! Superb quality and flavor. This is now a staple in my household.
963,B0011553,A486456,User_962,6,18,1,1489819110,Don't buy,Very bad experience. Product did not match the description at all. Very bad experience. Product did not match the description at all.
964,B0038628,A489866,User_963,41,43,1,1273919656,Don't buy,Not worth a single penny. Quality is shockingly bad. Very disappointed. The taste was nothing like described.
965,B0079167,A928433,User_964,26,33,1,1298581108,Disgusting,Extremely bitter and unpleasant. Could not eat it at all. Packaging was horrible and the product leaked everywhere.
966,B0065796,A899509,User_965,4,14,5,1217722077,Excellent!,Incredible product at a very reasonable price. Highly recommended! Excellent product! The quality is outstanding and it tastes wonderful.
967,B0029453,A678675,User_966,50,60,5,1104820080,Fantastic!,The taste is divine and it keeps me energized throughout the day. Great purchase. The product tastes exactly as described.
968,B0056549,A306468,User_967,31,34,4,1338634163,Fantastic!,Outstanding product. Five stars without any hesitation. Excellent product! The quality is outstanding and it tastes wonderful.
969,B0061504,A726227,User_968,11,20,4,1352919507,Wonderful!,Top notch quality. I am very satisfied with my purchase. Really good product. I order this every month for my family.
970,B0095581,A182081,User_969,49,75,3,1048084771,Passable,Average product. Neither good nor bad. Just acceptable. Middling product. Not excited to reorder but might anyway.
971,B0070688,A197344,User_970,8,36,4,1087793213,Loved it!,Loved the flavor and texture. Will be ordering more very soon. Great quality and fast shipping. Will definitely buy again.
972,B0066503,A213274,User_971,34,43,5,1480088348,Wonderful!,This product is absolutely amazing! Best purchase I have ever made. Perfect in every way. My family loves it and we keep buying more.
973,B0023641,A487369,User_972,43,71,5,1421673613,Loved it!,The taste is divine and it keeps me energized throughout the day. Top notch quality. I am very satisfied with my purchase.
974,B0023554,A982082,User_973,5,23,5,1425828416,5 stars!,"The taste is divine and it keeps me energized throughout the day. Wonderful taste, great packaging, and arrived on time. Love it!"
975,B0031012,A314548,User_974,3,14,5,1136696153,Amazing!,Best snack I have ever had. My kids absolutely love it too. Absolutely delicious and healthy. I cannot imagine my life without it.
976,B0057810,A281625,User_975,18,45,3,1445312354,Average,It is okay. Nothing special but does the job. It is okay. Nothing special but does the job.
977,B0082825,A145833,User_976,45,57,5,1030070397,5 stars!,Great purchase. The product tastes exactly as described. The taste is divine and it keeps me energized throughout the day.
978,B0048228,A269621,User_977,30,34,5,1240427434,Highly recommend,Great purchase. The product tastes exactly as described. Incredible product at a very reasonable price. Highly recommended!
979,B0031019,A525614,User_978,18,45,5,1396358956,Highly recommend,Absolutely delicious and healthy. I cannot imagine my life without it. Superb quality and flavor. This is now a staple in my household.
980,B0036907,A398881,User_979,9,32,1,1354465972,Terrible,Poor quality packaging. Items were damaged when received. Terrible product. Arrived broken and smelled awful. Never again.
981,B0037262,A150842,User_980,41,66,3,1324358597,Decent,Neither impressive nor disappointing. Just a regular purchase. Decent enough for the price. Not amazing but not terrible either.
982,B0014014,A134580,User_981,11,25,5,1013550537,Fantastic!,Top notch quality. I am very satisfied with my purchase. Perfectly packaged and freshly delivered. Very happy with this order.
983,B0011889,A740773,User_982,14,19,5,1165305551,5 stars!,Incredible product at a very reasonable price. Highly recommended! Top notch quality. I am very satisfied with my purchase.
984,B0081177,A842562,User_983,45,61,5,1340762677,Loved it!,This product is absolutely amazing! Best purchase I have ever made. The taste is divine and it keeps me energized throughout the day.
985,B0015631,A299082,User_984,2,20,5,1159860073,Good!,Incredible product at a very reasonable price. Highly recommended! The taste is divine and it keeps me energized throughout the day.
986,B0057381,A819294,User_985,9,32,5,1291534189,Great product!,Superb quality and flavor. This is now a staple in my household. Fantastic taste and great value for money. Highly recommend!
987,B0062156,A810793,User_986,33,35,1,1367616986,Poor quality,Horrible product. Returned it immediately. Do not buy this. Not worth a single penny. Quality is shockingly bad.
988,B0042669,A869201,User_987,40,63,5,1043083871,Wonderful!,Perfectly packaged and freshly delivered. Very happy with this order. I love this product so much. It exceeded all my expectations.
989,B0014203,A348894,User_988,37,46,2,1132313234,Don't buy,Tasted terrible. Threw it straight in the bin. Complete waste. Very disappointed. The taste was nothing like described.
990,B0076606,A841987,User_989,29,45,4,1291203467,Wonderful!,
991,B0029156,A327680,User_990,18,27,3,1353070014,Normal,Middling product. Not excited to reorder but might anyway. Okay product. Will consider alternatives next time.
992,B0085764,A698384,User_991,40,55,5,1279825493,Good!,"Perfectly packaged and freshly delivered. Very happy with this order. Wonderful taste, great packaging, and arrived on time. Love it!"
993,B0031774,A554483,User_992,1,10,5,1064677018,Fantastic!,The taste is divine and it keeps me energized throughout the day. Great quality and fast shipping. Will definitely buy again.
994,B0092349,A354797,User_993,16,20,4,1310069392,Amazing!,Perfect in every way. My family loves it and we keep buying more. Best snack I have ever had. My kids absolutely love it too.
995,B0043127,A624051,User_994,38,43,4,1033522652,Great product!,This is the best food product I have tried in years. So delicious! This is the best food product I have tried in years. So delicious!
996,B0093557,A715970,User_995,16,41,3,1490653836,Decent,Decent enough for the price. Not amazing but not terrible either. It is fine. I have had better but also much worse.
997,B0083219,A144632,User_996,21,23,2,1066731465,Terrible,Packaging was horrible and the product leaked everywhere. Poor quality packaging. Items were damaged when received.
998,B0028260,A293924,User_997,49,61,3,1053578876,So so,Middling product. Not excited to reorder but might anyway. Decent enough for the price. Not amazing but not terrible either.
999,B0077014,A102557,User_998,46,72,5,1404297950,Fantastic!,Top notch quality. I am very satisfied with my purchase. Excellent product! The quality is outstanding and it tastes wonderful.
1000,B0071123,A798025,User_999,29,41,4,1453396056,Highly recommend,This is the best food product I have tried in years. So delicious! Fantastic taste and great value for money. Highly recommend!
1001,B0039251,A801613,User_1000,43,65,5,1147303809,Excellent!,Loved the flavor and texture. Will be ordering more very soon. Incredible product at a very reasonable price. Highly recommended!
1002,B0032450,A347677,User_1001,18,47,5,1440742074,Good!,This is the best food product I have tried in years. So delicious! Perfect in every way. My family loves it and we keep buying more.
1003,B0024500,A669736,User_1002,43,73,1,1487900580,Don't buy,Nothing as advertised. Feels like a scam. Very unhappy. Tasted terrible. Threw it straight in the bin. Complete waste.
1004,B0015153,A687743,User_1003,41,68,5,1179995748,Fantastic!,Incredible product at a very reasonable price. Highly recommended! Superb quality and flavor. This is now a staple in my household.
1005,B0071827,A767189,User_1004,41,59,4,1375112245,Amazing!,This is the best food product I have tried in years. So delicious! This is the best food product I have tried in years. So delicious!
1006,B0099515,A569286,User_1005,21,42,5,1218439017,Perfect!,Outstanding product. Five stars without any hesitation. The taste is divine and it keeps me energized throughout the day.
1007,B0078380,A643959,User_1006,43,43,2,1268353615,Terrible,Poor quality packaging. Items were damaged when received. The flavor is disgusting and the texture is completely off.
1008,B0078781,A277796,User_1007,6,27,1,1427203383,Don't buy,Terrible product. Arrived broken and smelled awful. Never again. Nothing as advertised. Feels like a scam. Very unhappy.
1009,B0036571,A786694,User_1008,2,2,5,1373234057,Loved it!,"Outstanding product. Five stars without any hesitation. Wonderful taste, great packaging, and arrived on time. Love it!"
1010,B0020908,A165833,User_1009,40,43,5,1215884978,Fantastic!,Great quality and fast shipping. Will definitely buy again. Perfectly packaged and freshly delivered. Very happy with this order.
1011,B0032513,A686780,User_1010,24,45,2,1249495778,Not recommended,Very disappointed. The taste was nothing like described. Very disappointed. The taste was nothing like described.
1012,B0093450,A658152,User_1011,44,49,1,1235674583,Very bad,Tasted terrible. Threw it straight in the bin. Complete waste. Very bad experience. Product did not match the description at all.
1013,B0067852,A744809,User_1012,49,62,5,1223388171,Amazing!,Top notch quality. I am very satisfied with my purchase. I love this product so much. It exceeded all my expectations.
1014,B0040084,A321516,User_1013,10,34,1,1484321558,Awful,Tasted terrible. Threw it straight in the bin. Complete waste. Not worth a single penny. Quality is shockingly bad.
1015,B0065936,A653871,User_1014,3,11,5,1038239531,5 stars!,Great quality and fast shipping. Will definitely buy again. Absolutely delicious and healthy. I cannot imagine my life without it.
1016,B0056287,A411588,User_1015,31,60,3,1313785714,Average,Average taste. Expected better but it is passable. Decent enough for the price. Not amazing but not terrible either.
1017,B0048090,A397089,User_1016,9,26,5,1461983710,Great product!,Absolutely delicious and healthy. I cannot imagine my life without it. Excellent product! The quality is outstanding and it tastes wonderful.
1018,B0081403,A571643,User_1017,28,50,2,1181638461,Very bad,Worst purchase I have ever made. Do not waste your money. Very bad experience. Product did not match the description at all.
1019,B0055735,A644979,User_1018,46,54,4,1069388582,Fantastic!,Great quality and fast shipping. Will definitely buy again. I love this product so much. It exceeded all my expectations.
1020,B0029575,A204165,User_1019,41,61,1,1143867624,Not recommended,Terrible product. Arrived broken and smelled awful. Never again. Disappointed and frustrated. This product ruined my meal.
1021,B0034103,A889253,User_1020,44,54,5,1303060594,Highly recommend,Great quality and fast shipping. Will definitely buy again. Absolutely delicious and healthy. I cannot imagine my life without it.
1022,B0010349,A892640,User_1021,27,39,3,1214268334,Not bad,Middling product. Not excited to reorder but might anyway. It is okay. Nothing special but does the job.
1023,B0071857,A532237,User_1022,14,14,1,1396099870,Don't buy,Not worth a single penny. Quality is shockingly bad. Not worth a single penny. Quality is shockingly bad.
1024,B0027528,A910470,User_1023,43,52,5,1015562510,5 stars!,Loved the flavor and texture. Will be ordering more very soon. Fantastic taste and great value for money. Highly recommend!
1025,B0010862,A574801,User_1024,29,53,5,1051772225,Great product!,I love this product so much. It exceeded all my expectations. Superb quality and flavor. This is now a staple in my household.
1026,B0018395,A553275,User_1025,2,32,1,1259812906,Don't buy,Tasted terrible. Threw it straight in the bin. Complete waste. Worst purchase I have ever made. Do not waste your money.
1027,B0090895,A523814,User_1026,40,62,5,1020943621,Great product!,"Very happy with this purchase. Arrived quickly and well packaged. Wonderful taste, great packaging, and arrived on time. Love it!"
1028,B0068876,A360535,User_1027,2,8,5,1305073829,Highly recommend,I love this product so much. It exceeded all my expectations. Top notch quality. I am very satisfied with my purchase.
1029,B0012949,A884052,User_1028,4,29,5,1082290789,Excellent!,The taste is divine and it keeps me energized throughout the day. Outstanding product. Five stars without any hesitation.
1030,B0082143,A386228,User_1029,2,12,5,1424207503,Good!,"Wonderful taste, great packaging, and arrived on time. Love it! Loved the flavor and texture. Will be ordering more very soon."
1031,B0048656,A984288,User_1030,41,62,4,1050765113,Loved it!,Great quality and fast shipping. Will definitely buy again. Absolutely delicious and healthy. I cannot imagine my life without it.
1032,B0028052,A943458,User_1031,2,25,5,1241511629,Great product!,Incredible product at a very reasonable price. Highly recommended! Perfect in every way. My family loves it and we keep buying more.
1033,B0081404,A241677,User_1032,44,64,4,1226648425,Loved it!,This product is absolutely amazing! Best purchase I have ever made. Loved the flavor and texture. Will be ordering more very soon.
1034,B0071598,A875053,User_1033,29,48,5,1164509933,Great product!,Excellent product! The quality is outstanding and it tastes wonderful. Great quality and fast shipping. Will definitely buy again.
1035,B0043211,A108285,User_1034,31,50,4,1177761273,Great product!,The taste is divine and it keeps me energized throughout the day. I love this product so much. It exceeded all my expectations.
1036,B0098266,A670087,User_1035,21,46,1,1040319765,Waste of money,Worst purchase I have ever made. Do not waste your money. Very disappointed. The taste was nothing like described.
1037,B0019090,A343883,User_1036,7,28,1,1482913599,Horrible,I regret buying this. The smell is awful and taste is worse. Tasted terrible. Threw it straight in the bin. Complete waste.
1038,B0067259,A413500,User_1037,37,42,5,1259400439,Good!,Perfect in every way. My family loves it and we keep buying more. Really good product. I order this every month for my family.
1039,B0099375,A637398,User_1038,10,32,5,1467078595,Excellent!,Fantastic taste and great value for money. Highly recommend! This is the best food product I have tried in years. So delicious!
1040,B0030993,A833331,User_1039,2,6,5,1250558315,Fantastic!,Excellent product! The quality is outstanding and it tastes wonderful. Top notch quality. I am very satisfied with my purchase.
1041,B0074232,A197208,User_1040,31,33,5,1407153442,Good!,Perfectly packaged and freshly delivered. Very happy with this order. Absolutely delicious and healthy. I cannot imagine my life without it.
1042,B0090356,A294609,User_1041,44,69,5,1428709673,Excellent!,Excellent product! The quality is outstanding and it tastes wonderful. I love this product so much. It exceeded all my expectations.
1043,B0066345,A408224,User_1042,9,29,1,1021540311,Disappointed,Packaging was horrible and the product leaked everywhere. I regret buying this. The smell is awful and taste is worse.
1044,B0037438,A295399,User_1043,39,61,5,1069222159,Highly recommend,Top notch quality. I am very satisfied with my purchase. Great purchase. The product tastes exactly as described.
1045,B0092474,A878942,User_1044,22,35,4,1474760343,Amazing!,Excellent product! The quality is outstanding and it tastes wonderful. Loved the flavor and texture. Will be ordering more very soon.
1046,B0061846,A903130,User_1045,6,25,4,1081910613,Perfect!,Outstanding product. Five stars without any hesitation. Very happy with this purchase. Arrived quickly and well packaged.
1047,B0052761,A524419,User_1046,49,69,5,1357277215,Wonderful!,Incredible product at a very reasonable price. Highly recommended! Best snack I have ever had. My kids absolutely love it too.
1048,B0018679,A556093,User_1047,50,54,1,1110399839,Very bad,Product was stale and expired. Very unhappy with this purchase. Terrible product. Arrived broken and smelled awful. Never again.
1049,B0030579,A406291,User_1048,10,31,1,1298027150,Not recommended,Disappointed and frustrated. This product ruined my meal. Packaging was horrible and the product leaked everywhere.
1050,B0091881,A604086,User_1049,27,35,3,1002252943,Fine,It is okay. Nothing special but does the job. Okay product. Will consider alternatives next time.
1051,B0052891,A391602,User_1050,34,39,4,1135067356,Good!,Top notch quality. I am very satisfied with my purchase. Great quality and fast shipping. Will definitely buy again.
1052,B0056331,A256132,User_1051,15,38,4,1377940256,Great product!,This product is absolutely amazing! Best purchase I have ever made. Loved the flavor and texture. Will be ordering more very soon.
1053,B0053518,A863290,User_1052,47,68,5,1187908461,Loved it!,The taste is divine and it keeps me energized throughout the day. Really good product. I order this every month for my family.
1054,B0021976,A955818,User_1053,6,13,3,1123481908,Fine,"It does what it says. Nothing more, nothing less. Average product. Neither good nor bad. Just acceptable."
1055,B0099709,A533091,User_1054,4,19,1,1163924773,Disappointed,Horrible product. Returned it immediately. Do not buy this. Worst purchase I have ever made. Do not waste your money.
1056,B0012553,A421864,User_1055,39,53,5,1242728017,Loved it!,Great quality and fast shipping. Will definitely buy again. Great purchase. The product tastes exactly as described.
1057,B0012401,A388163,User_1056,40,51,5,1271013283,Loved it!,Superb quality and flavor. This is now a staple in my household. Perfect in every way. My family loves it and we keep buying more.
1058,B0057635,A989431,User_1057,44,62,3,1469212091,Okay,"It does what it says. Nothing more, nothing less. Okay product. Will consider alternatives next time."
1059,B0020585,A131442,User_1058,26,31,5,1087060480,Wonderful!,Perfect in every way. My family loves it and we keep buying more. Fantastic taste and great value for money. Highly recommend!
1060,B0014241,A370173,User_1059,10,35,1,1236452911,Disgusting,Worst purchase I have ever made. Do not waste your money. Disappointed and frustrated. This product ruined my meal.
1061,B0077275,A585595,User_1060,35,62,1,1247201579,Disgusting,Very bad experience. Product did not match the description at all. Disappointed and frustrated. This product ruined my meal.
1062,B0025050,A779733,User_1061,37,52,5,1352787832,Loved it!,Great purchase. The product tastes exactly as described. Best snack I have ever had. My kids absolutely love it too.
1063,B0091060,A685949,User_1062,47,74,2,1073006330,Waste of money,Product was stale and expired. Very unhappy with this purchase. Terrible product. Arrived broken and smelled awful. Never again.
1064,B0049790,A303554,User_1063,9,38,5,1173192039,Fantastic!,Really good product. I order this every month for my family. Great purchase. The product tastes exactly as described.
1065,B0080486,A903729,User_1064,30,53,4,1462802990,Good!,This product is absolutely amazing! Best purchase I have ever made. Great purchase. The product tastes exactly as described.
1066,B0043545,A817460,User_1065,30,55,2,1101788865,Waste of money,Terrible product. Arrived broken and smelled awful. Never again. Nothing as advertised. Feels like a scam. Very unhappy.
1067,B0026894,A902143,User_1066,15,17,1,1391125669,Poor quality,Horrible product. Returned it immediately. Do not buy this. Very disappointed. The taste was nothing like described.
1068,B0026884,A274539,User_1067,22,31,5,1079869446,Highly recommend,This product is absolutely amazing! Best purchase I have ever made. Great purchase. The product tastes exactly as described.
1069,B0066265,A898622,User_1068,10,32,5,1031846485,Amazing!,I love this product so much. It exceeded all my expectations. This product is absolutely amazing! Best purchase I have ever made.
1070,B0032664,A618945,User_1069,29,53,4,1331393586,Wonderful!,The taste is divine and it keeps me energized throughout the day. The taste is divine and it keeps me energized throughout the day.
1071,B0037261,A728381,User_1070,45,65,5,1492528669,Wonderful!,Absolutely delicious and healthy. I cannot imagine my life without it. Excellent product! The quality is outstanding and it tastes wonderful.
1072,B0016246,A960284,User_1071,2,11,5,1189683634,Perfect!,I love this product so much. It exceeded all my expectations. Absolutely delicious and healthy. I cannot imagine my life without it.
1073,B0011686,A555180,User_1072,39,67,5,1341509479,Great product!,This is the best food product I have tried in years. So delicious! Perfectly packaged and freshly delivered. Very happy with this order.
1074,B0037499,A526209,User_1073,7,19,5,1315710184,Good!,Great quality and fast shipping. Will definitely buy again. Best snack I have ever had. My kids absolutely love it too.
1075,B0064832,A351257,User_1074,11,31,5,1345923564,5 stars!,Perfectly packaged and freshly delivered. Very happy with this order. Great quality and fast shipping. Will definitely buy again.
1076,B0011407,A563830,User_1075,21,28,5,1370290862,Highly recommend,I love this product so much. It exceeded all my expectations. Incredible product at a very reasonable price. Highly recommended!
1077,B0069217,A722731,User_1076,20,31,5,1098025193,Loved it!,Loved the flavor and texture. Will be ordering more very soon. The taste is divine and it keeps me energized throughout the day.
1078,B0027647,A923022,User_1077,4,15,3,1285677255,Okay,Meets basic expectations. Nothing stands out about it. Neither impressive nor disappointing. Just a regular purchase.
1079,B0026908,A782837,User_1078,45,62,4,1143759541,Wonderful!,Loved the flavor and texture. Will be ordering more very soon. Best snack I have ever had. My kids absolutely love it too.
1080,B0041539,A443158,User_1079,39,50,1,1281392512,Poor quality,Extremely bitter and unpleasant. Could not eat it at all. Disappointed and frustrated. This product ruined my meal.
1081,B0052236,A643459,User_1080,29,31,1,1302810470,Disappointed,I regret buying this. The smell is awful and taste is worse. Not worth a single penny. Quality is shockingly bad.
1082,B0015018,A197438,User_1081,10,18,4,1298300934,Great product!,"Excellent product! The quality is outstanding and it tastes wonderful. Wonderful taste, great packaging, and arrived on time. Love it!"
1083,B0030124,A816281,User_1082,33,63,5,1254638593,Loved it!,Perfect in every way. My family loves it and we keep buying more. Loved the flavor and texture. Will be ordering more very soon.
1084,B0095746,A826722,User_1083,22,35,5,1420821025,Wonderful!,"Wonderful taste, great packaging, and arrived on time. Love it! Great purchase. The product tastes exactly as described."
1085,B0079330,A676366,User_1084,1,28,5,1126551438,Great product!,"This product is absolutely amazing! Best purchase I have ever made. Wonderful taste, great packaging, and arrived on time. Love it!"
1086,B0040266,A597414,User_1085,26,44,2,1193682036,Horrible,Horrible product. Returned it immediately. Do not buy this. Extremely bitter and unpleasant. Could not eat it at all.
1087,B0010369,A565176,User_1086,19,37,5,1380509174,Wonderful!,Really good product. I order this every month for my family. Loved the flavor and texture. Will be ordering more very soon.
1088,B0034956,A964853,User_1087,30,41,5,1269526000,Loved it!,"Wonderful taste, great packaging, and arrived on time. Love it! Excellent product! The quality is outstanding and it tastes wonderful."
1089,B0097774,A996257,User_1088,29,59,3,1267818529,Acceptable,It is okay. Nothing special but does the job. Decent enough for the price. Not amazing but not terrible either.
1090,B0045614,A417039,User_1089,11,37,5,1093765387,Highly recommend,Excellent product! The quality is outstanding and it tastes wonderful. Incredible product at a very reasonable price. Highly recommended!
1091,B0099496,A385869,User_1090,15,18,1,1246198056,Not recommended,Disappointed and frustrated. This product ruined my meal. Tasted terrible. Threw it straight in the bin. Complete waste.
1092,B0028657,A738985,User_1091,16,27,5,1092018194,Wonderful!,Really good product. I order this every month for my family. The taste is divine and it keeps me energized throughout the day.
1093,B0093852,A693995,User_1092,9,20,5,1332537391,5 stars!,Incredible product at a very reasonable price. Highly recommended! Great quality and fast shipping. Will definitely buy again.
1094,B0045999,A276962,User_1093,1,13,5,1326247831,Great product!,Excellent product! The quality is outstanding and it tastes wonderful. Incredible product at a very reasonable price. Highly recommended!
1095,B0035885,A426212,User_1094,0,23,3,1470517701,Decent,Decent enough for the price. Not amazing but not terrible either. It is fine. I have had better but also much worse.
1096,B0069886,A507026,User_1095,18,48,5,1102099098,Wonderful!,Best snack I have ever had. My kids absolutely love it too. Really good product. I order this every month for my family.
1097,B0053370,A652048,User_1096,46,75,1,1115405941,Disgusting,Very bad experience. Product did not match the description at all. Tasted terrible. Threw it straight in the bin. Complete waste.
1098,B0036831,A567522,User_1097,8,29,3,1337488105,Okay,Okay product. Will consider alternatives next time. Average product. Neither good nor bad. Just acceptable.
1099,B0085276,A795993,User_1098,14,28,5,1389099018,Fantastic!,"Wonderful taste, great packaging, and arrived on time. Love it! This product is absolutely amazing! Best purchase I have ever made."
1100,B0025037,A192601,User_1099,33,40,5,1182240980,Fantastic!,Really good product. I order this every month for my family. Great quality and fast shipping. Will definitely buy again.
1101,B0066982,A420817,User_1100,5,22,1,1376124958,Terrible,Not worth a single penny. Quality is shockingly bad. Product was stale and expired. Very unhappy with this purchase.
1102,B0085120,A369739,User_1101,25,31,1,1253723996,Don't buy,Tasted terrible. Threw it straight in the bin. Complete waste. Tasted terrible. Threw it straight in the bin. Complete waste.
1103,B0028552,A502676,User_1102,25,29,4,1478754188,5 stars!,Perfectly packaged and freshly delivered. Very happy with this order. Perfectly packaged and freshly delivered. Very happy with this order.
1104,B0083433,A955058,User_1103,0,9,1,1367467542,Horrible,Nothing as advertised. Feels like a scam. Very unhappy. The flavor is disgusting and the texture is completely off.
1105,B0013949,A739484,User_1104,46,74,4,1336626594,Loved it!,"Wonderful taste, great packaging, and arrived on time. Love it! Top notch quality. I am very satisfied with my purchase."
1106,B0089448,A327778,User_1105,46,74,5,1008534248,Highly recommend,Great purchase. The product tastes exactly as described. Top notch quality. I am very satisfied with my purchase.
1107,B0024661,A931698,User_1106,13,22,4,1087729577,Highly recommend,Great purchase. The product tastes exactly as described. Perfect in every way. My family loves it and we keep buying more.
1108,B0064466,A696678,User_1107,48,60,4,1375824531,Fantastic!,Best snack I have ever had. My kids absolutely love it too. Really good product. I order this every month for my family.
1109,B0061956,A746556,User_1108,35,49,5,1483796726,Highly recommend,Great purchase. The product tastes exactly as described. This is the best food product I have tried in years. So delicious!
1110,B0038981,A837293,User_1109,11,37,1,1136867758,Disappointed,Not worth a single penny. Quality is shockingly bad. Disappointed and frustrated. This product ruined my meal.
1111,B0026248,A451230,User_1110,37,46,4,1016113028,Amazing!,Incredible product at a very reasonable price. Highly recommended! Loved the flavor and texture. Will be ordering more very soon.
1112,B0065315,A361432,User_1111,9,17,4,1480112816,Good!,Top notch quality. I am very satisfied with my purchase. Outstanding product. Five stars without any hesitation.
1113,B0065872,A196313,User_1112,11,26,5,1437859785,Excellent!,Loved the flavor and texture. Will be ordering more very soon. Fantastic taste and great value for money. Highly recommend!
1114,B0090244,A949738,User_1113,31,33,3,1328783451,Acceptable,"It does what it says. Nothing more, nothing less. It is okay. Nothing special but does the job."
1115,B0060529,A442922,User_1114,27,54,5,1130287021,Fantastic!,Superb quality and flavor. This is now a staple in my household. The taste is divine and it keeps me energized throughout the day.
1116,B0083158,A446324,User_1115,46,64,5,1308875907,Perfect!,Loved the flavor and texture. Will be ordering more very soon. Fantastic taste and great value for money. Highly recommend!
1117,B0071767,A947339,User_1116,20,34,4,1270061731,Highly recommend,This is the best food product I have tried in years. So delicious! Excellent product! The quality is outstanding and it tastes wonderful.
1118,B0098612,A558397,User_1117,17,28,3,1215222900,Okay,Decent enough for the price. Not amazing but not terrible either. Okay product. Will consider alternatives next time.
1119,B0050048,A522969,User_1118,33,53,5,1357544327,Amazing!,Superb quality and flavor. This is now a staple in my household. Great quality and fast shipping. Will definitely buy again.
1120,B0011212,A426057,User_1119,38,62,3,1227465757,Average,"Meets basic expectations. Nothing stands out about it. It does what it says. Nothing more, nothing less."
1121,B0042601,A785343,User_1120,43,65,5,1104930450,Amazing!,Really good product. I order this every month for my family. Really good product. I order this every month for my family.
1122,B0037045,A251176,User_1121,9,9,2,1383254642,Horrible,Very disappointed. The taste was nothing like described. Extremely bitter and unpleasant. Could not eat it at all.
1123,B0010188,A305504,User_1122,21,50,5,1325572853,Excellent!,"Wonderful taste, great packaging, and arrived on time. Love it! Superb quality and flavor. This is now a staple in my household."
1730,B0076965,A875999,User_1729,49,57,3,1155928682,So so,"Average taste. Expected better but it is passable. It does what it says. Nothing more, nothing less."
1125,B0058996,A392708,User_1124,29,58,4,1283740874,Excellent!,Incredible product at a very reasonable price. Highly recommended! Perfectly packaged and freshly delivered. Very happy with this order.
1126,B0046496,A110734,User_1125,19,41,5,1165535981,5 stars!,Perfect in every way. My family loves it and we keep buying more. This product is absolutely amazing! Best purchase I have ever made.
1127,B0043124,A260008,User_1126,45,54,5,1411130785,Highly recommend,Top notch quality. I am very satisfied with my purchase. Perfectly packaged and freshly delivered. Very happy with this order.
1128,B0018424,A757043,User_1127,44,51,5,1206225124,Highly recommend,Fantastic taste and great value for money. Highly recommend! Outstanding product. Five stars without any hesitation.
1129,B0012472,A497257,User_1128,44,68,4,1153642688,Excellent!,Very happy with this purchase. Arrived quickly and well packaged. Perfect in every way. My family loves it and we keep buying more.
1130,B0061057,A930722,User_1129,2,8,1,1286536308,Waste of money,Very disappointed. The taste was nothing like described. Terrible product. Arrived broken and smelled awful. Never again.
1131,B0023053,A932491,User_1130,7,36,4,1153543828,Wonderful!,Best snack I have ever had. My kids absolutely love it too. The taste is divine and it keeps me energized throughout the day.
1132,B0067133,A711672,User_1131,50,53,4,1143112141,Great product!,"I love this product so much. It exceeded all my expectations. Wonderful taste, great packaging, and arrived on time. Love it!"
1133,B0061244,A895873,User_1132,42,53,3,1072646777,Decent,"It does what it says. Nothing more, nothing less. Middling product. Not excited to reorder but might anyway."
1134,B0044590,A111648,User_1133,10,37,5,1363638299,5 stars!,Perfect in every way. My family loves it and we keep buying more. This is the best food product I have tried in years. So delicious!
1135,B0086059,A988029,User_1134,37,61,4,1244229311,Great product!,Perfectly packaged and freshly delivered. Very happy with this order. Outstanding product. Five stars without any hesitation.
1136,B0070857,A682504,User_1135,48,65,5,1133391994,Highly recommend,Very happy with this purchase. Arrived quickly and well packaged. Very happy with this purchase. Arrived quickly and well packaged.
1137,B0010561,A692808,User_1136,44,62,5,1314357331,5 stars!,Fantastic taste and great value for money. Highly recommend! Very happy with this purchase. Arrived quickly and well packaged.
1138,B0014014,A944317,User_1137,27,33,5,1299164204,Excellent!,Fantastic taste and great value for money. Highly recommend! Excellent product! The quality is outstanding and it tastes wonderful.
1139,B0099885,A493248,User_1138,29,32,5,1124832511,Great product!,Great purchase. The product tastes exactly as described. Fantastic taste and great value for money. Highly recommend!
1140,B0081643,A381300,User_1139,46,47,5,1171312891,Perfect!,Loved the flavor and texture. Will be ordering more very soon. Superb quality and flavor. This is now a staple in my household.
1141,B0047669,A902865,User_1140,29,48,5,1388069866,Amazing!,Loved the flavor and texture. Will be ordering more very soon. Fantastic taste and great value for money. Highly recommend!
1142,B0048030,A717768,User_1141,35,48,1,1407375365,Disappointed,Tasted terrible. Threw it straight in the bin. Complete waste. Horrible product. Returned it immediately. Do not buy this.
1143,B0053422,A507477,User_1142,43,54,4,1210935842,Wonderful!,Great purchase. The product tastes exactly as described. Very happy with this purchase. Arrived quickly and well packaged.
1144,B0082393,A509440,User_1143,33,54,5,1427383805,Wonderful!,Loved the flavor and texture. Will be ordering more very soon. Fantastic taste and great value for money. Highly recommend!
1145,B0013600,A538618,User_1144,44,62,1,1363480380,Waste of money,Very disappointed. The taste was nothing like described. Poor quality packaging. Items were damaged when received.
1146,B0023087,A800104,User_1145,21,27,3,1186188645,Fine,Decent enough for the price. Not amazing but not terrible either. Average product. Neither good nor bad. Just acceptable.
1147,B0053148,A947061,User_1146,46,61,5,1070260702,Excellent!,Absolutely delicious and healthy. I cannot imagine my life without it. Fantastic taste and great value for money. Highly recommend!
1148,B0095968,A644589,User_1147,22,37,5,1381238861,Excellent!,The taste is divine and it keeps me energized throughout the day. The taste is divine and it keeps me energized throughout the day.
1149,B0022449,A166979,User_1148,9,33,2,1128712761,Awful,Nothing as advertised. Feels like a scam. Very unhappy. Packaging was horrible and the product leaked everywhere.
1150,B0074199,A227648,User_1149,14,34,5,1323631431,Wonderful!,Fantastic taste and great value for money. Highly recommend! This is the best food product I have tried in years. So delicious!
1151,B0063374,A793410,User_1150,31,52,3,1041575711,Average,It is okay. Nothing special but does the job. Average product. Neither good nor bad. Just acceptable.
1152,B0049232,A663897,User_1151,19,38,5,1296929167,Highly recommend,Excellent product! The quality is outstanding and it tastes wonderful. Absolutely delicious and healthy. I cannot imagine my life without it.
1153,B0028704,A290905,User_1152,12,21,5,1393549310,Wonderful!,I love this product so much. It exceeded all my expectations. Best snack I have ever had. My kids absolutely love it too.
1154,B0086035,A980575,User_1153,21,46,1,1296812852,Don't buy,Packaging was horrible and the product leaked everywhere. Extremely bitter and unpleasant. Could not eat it at all.
1155,B0064116,A245862,User_1154,7,19,3,1223503624,So so,Meets basic expectations. Nothing stands out about it. It is okay. Nothing special but does the job.
1156,B0032276,A704544,User_1155,2,7,5,1355147325,Good!,Absolutely delicious and healthy. I cannot imagine my life without it. Top notch quality. I am very satisfied with my purchase.
1157,B0077597,A919464,User_1156,8,17,5,1243725334,Excellent!,"Wonderful taste, great packaging, and arrived on time. Love it! Excellent product! The quality is outstanding and it tastes wonderful."
1158,B0010470,A929078,User_1157,43,58,1,1217572937,Disgusting,Packaging was horrible and the product leaked everywhere. Not worth a single penny. Quality is shockingly bad.
1159,B0086853,A252981,User_1158,30,47,2,1089132182,Poor quality,Tasted terrible. Threw it straight in the bin. Complete waste. Extremely bitter and unpleasant. Could not eat it at all.
1160,B0026986,A354796,User_1159,31,49,3,1423609418,Acceptable,Meets basic expectations. Nothing stands out about it. It is okay. Nothing special but does the job.
1161,B0048760,A797291,User_1160,3,3,3,1083494646,Normal,Middling product. Not excited to reorder but might anyway. Okay product. Will consider alternatives next time.
1162,B0022568,A909617,User_1161,1,25,5,1254112362,Fantastic!,Perfect in every way. My family loves it and we keep buying more. Superb quality and flavor. This is now a staple in my household.
1163,B0025599,A781497,User_1162,22,33,3,1133642406,So so,Okay product. Will consider alternatives next time. Neither impressive nor disappointing. Just a regular purchase.
1164,B0057010,A760754,User_1163,41,50,5,1179041247,Loved it!,Great quality and fast shipping. Will definitely buy again. Outstanding product. Five stars without any hesitation.
1165,B0010795,A776962,User_1164,10,10,4,1465209840,5 stars!,"I love this product so much. It exceeded all my expectations. Wonderful taste, great packaging, and arrived on time. Love it!"
1166,B0051661,A243028,User_1165,32,60,5,1121197365,Fantastic!,Great quality and fast shipping. Will definitely buy again. Top notch quality. I am very satisfied with my purchase.
1167,B0012380,A379224,User_1166,24,42,4,1445836880,5 stars!,This product is absolutely amazing! Best purchase I have ever made. Loved the flavor and texture. Will be ordering more very soon.
1168,B0095746,A502347,User_1167,44,65,5,1125989808,Great product!,The taste is divine and it keeps me energized throughout the day. Fantastic taste and great value for money. Highly recommend!
1169,B0089932,A687396,User_1168,39,48,5,1460038024,Highly recommend,Loved the flavor and texture. Will be ordering more very soon. Best snack I have ever had. My kids absolutely love it too.
1170,B0063470,A614478,User_1169,34,40,5,1167362979,Great product!,Great purchase. The product tastes exactly as described. Very happy with this purchase. Arrived quickly and well packaged.
1171,B0090645,A244043,User_1170,39,62,5,1480474847,Loved it!,"Great quality and fast shipping. Will definitely buy again. Wonderful taste, great packaging, and arrived on time. Love it!"
1172,B0085123,A294761,User_1171,4,22,3,1001596101,Acceptable,Middling product. Not excited to reorder but might anyway. Average product. Neither good nor bad. Just acceptable.
1173,B0064486,A155000,User_1172,50,52,1,1209610006,Horrible,Packaging was horrible and the product leaked everywhere. Nothing as advertised. Feels like a scam. Very unhappy.
1174,B0022938,A337561,User_1173,42,59,1,1338641376,Waste of money,Product was stale and expired. Very unhappy with this purchase. Extremely bitter and unpleasant. Could not eat it at all.
1175,B0035577,A590429,User_1174,32,46,5,1084845783,Fantastic!,Great purchase. The product tastes exactly as described. Absolutely delicious and healthy. I cannot imagine my life without it.
1176,B0026012,A317882,User_1175,11,29,1,1030344429,Don't buy,Extremely bitter and unpleasant. Could not eat it at all. Poor quality packaging. Items were damaged when received.
1177,B0053240,A341595,User_1176,46,66,5,1457467524,Fantastic!,Top notch quality. I am very satisfied with my purchase. This is the best food product I have tried in years. So delicious!
1178,B0031289,A609576,User_1177,15,19,5,1056028115,Highly recommend,Very happy with this purchase. Arrived quickly and well packaged. Superb quality and flavor. This is now a staple in my household.
1179,B0053439,A841345,User_1178,20,47,1,1220660069,Waste of money,Not worth a single penny. Quality is shockingly bad. Product was stale and expired. Very unhappy with this purchase.
1180,B0058821,A685102,User_1179,17,43,1,1227701331,Waste of money,Very disappointed. The taste was nothing like described. Tasted terrible. Threw it straight in the bin. Complete waste.
1181,B0030944,A911113,User_1180,15,18,5,1104384714,Excellent!,Excellent product! The quality is outstanding and it tastes wonderful. This is the best food product I have tried in years. So delicious!
4107,B0025835,A520862,User_4106,18,18,5,1103594936,Fantastic!,This is the best food product I have tried in years. So delicious! Great purchase. The product tastes exactly as described.
1183,B0031318,A155819,User_1182,17,21,3,1145046255,Decent,Neither impressive nor disappointing. Just a regular purchase. It is okay. Nothing special but does the job.
1184,B0027453,A505595,User_1183,46,61,5,1418514733,Good!,This is the best food product I have tried in years. So delicious! Incredible product at a very reasonable price. Highly recommended!
1185,B0096593,A808302,User_1184,38,47,1,1031729419,Horrible,Terrible product. Arrived broken and smelled awful. Never again. Horrible product. Returned it immediately. Do not buy this.
1186,B0082440,A846899,User_1185,46,72,3,1062647954,So so,Neither impressive nor disappointing. Just a regular purchase. Okay product. Will consider alternatives next time.
1187,B0016290,A167446,User_1186,42,68,4,1140554532,Perfect!,Fantastic taste and great value for money. Highly recommend! The taste is divine and it keeps me energized throughout the day.
1188,B0052516,A313650,User_1187,15,34,5,1371061825,Great product!,Best snack I have ever had. My kids absolutely love it too. This is the best food product I have tried in years. So delicious!
1189,B0075957,A639682,User_1188,27,33,5,1471118914,Loved it!,Really good product. I order this every month for my family. Really good product. I order this every month for my family.
1190,B0081859,A533768,User_1189,26,34,5,1071507206,Wonderful!,Excellent product! The quality is outstanding and it tastes wonderful. Very happy with this purchase. Arrived quickly and well packaged.
1191,B0035310,A615836,User_1190,20,37,3,1049320289,Average,It is okay. Nothing special but does the job. It is fine. I have had better but also much worse.
1192,B0069772,A415413,User_1191,30,52,5,1201003967,5 stars!,Outstanding product. Five stars without any hesitation. This is the best food product I have tried in years. So delicious!
1193,B0094924,A841179,User_1192,44,73,4,1213866597,Good!,"Wonderful taste, great packaging, and arrived on time. Love it! This product is absolutely amazing! Best purchase I have ever made."
1194,B0068334,A646126,User_1193,19,39,2,1370287082,Waste of money,Worst purchase I have ever made. Do not waste your money. Product was stale and expired. Very unhappy with this purchase.
1195,B0093356,A442655,User_1194,24,24,3,1105358325,Not bad,Okay product. Will consider alternatives next time. Average product. Neither good nor bad. Just acceptable.
1196,B0049866,A619855,User_1195,48,55,3,1137130770,Average,Neither impressive nor disappointing. Just a regular purchase. Average taste. Expected better but it is passable.
1197,B0040803,A625801,User_1196,50,51,5,1473648361,Excellent!,Excellent product! The quality is outstanding and it tastes wonderful. Top notch quality. I am very satisfied with my purchase.
1198,B0055854,A356489,User_1197,21,43,5,1369922960,Excellent!,I love this product so much. It exceeded all my expectations. Loved the flavor and texture. Will be ordering more very soon.
1199,B0045522,A153957,User_1198,4,15,5,1184344597,Perfect!,Fantastic taste and great value for money. Highly recommend! Excellent product! The quality is outstanding and it tastes wonderful.
1200,B0017505,A378392,User_1199,48,49,5,1095054426,Good!,Incredible product at a very reasonable price. Highly recommended! Really good product. I order this every month for my family.
1201,B0050116,A925463,User_1200,25,31,5,1469046204,Good!,Excellent product! The quality is outstanding and it tastes wonderful. Top notch quality. I am very satisfied with my purchase.
1202,B0075135,A445718,User_1201,10,17,4,1223124810,Great product!,Really good product. I order this every month for my family. The taste is divine and it keeps me energized throughout the day.
1203,B0063030,A443784,User_1202,28,43,5,1113698777,5 stars!,Perfect in every way. My family loves it and we keep buying more. Perfectly packaged and freshly delivered. Very happy with this order.
1204,B0032853,A712495,User_1203,20,45,3,1215366594,Passable,Decent enough for the price. Not amazing but not terrible either. Average taste. Expected better but it is passable.
1205,B0054546,A503745,User_1204,25,53,5,1091980628,Highly recommend,I love this product so much. It exceeded all my expectations. Great purchase. The product tastes exactly as described.
1206,B0098652,A819832,User_1205,35,55,4,1429341564,Good!,The taste is divine and it keeps me energized throughout the day. Outstanding product. Five stars without any hesitation.
1207,B0036014,A938947,User_1206,16,38,5,1466402473,Loved it!,Outstanding product. Five stars without any hesitation. I love this product so much. It exceeded all my expectations.
1208,B0088094,A441365,User_1207,16,20,3,1283563972,Passable,It is okay. Nothing special but does the job. Neither impressive nor disappointing. Just a regular purchase.
1209,B0057727,A808606,User_1208,45,61,4,1298824904,Good!,Superb quality and flavor. This is now a staple in my household. Excellent product! The quality is outstanding and it tastes wonderful.
1210,B0016124,A913231,User_1209,45,51,4,1225265723,Loved it!,Top notch quality. I am very satisfied with my purchase. Loved the flavor and texture. Will be ordering more very soon.
1211,B0023960,A571183,User_1210,8,21,5,1097682258,Excellent!,"This is the best food product I have tried in years. So delicious! Wonderful taste, great packaging, and arrived on time. Love it!"
1212,B0021395,A794778,User_1211,26,31,3,1476147705,Fine,"Middling product. Not excited to reorder but might anyway. It does what it says. Nothing more, nothing less."
1213,B0025179,A518795,User_1212,15,34,5,1116581138,Amazing!,Perfect in every way. My family loves it and we keep buying more. This product is absolutely amazing! Best purchase I have ever made.
1214,B0053202,A783384,User_1213,0,15,5,1104667426,Great product!,Outstanding product. Five stars without any hesitation. Superb quality and flavor. This is now a staple in my household.
1215,B0030861,A959251,User_1214,45,58,5,1195655683,Excellent!,Really good product. I order this every month for my family. Absolutely delicious and healthy. I cannot imagine my life without it.
1216,B0052549,A798440,User_1215,3,4,1,1246622436,Don't buy,Product was stale and expired. Very unhappy with this purchase. Very disappointed. The taste was nothing like described.
1217,B0051856,A929218,User_1216,42,72,5,1017262828,Fantastic!,Outstanding product. Five stars without any hesitation. Loved the flavor and texture. Will be ordering more very soon.
3159,B0080133,A338974,User_3158,43,65,5,1378839722,Good!,"Wonderful taste, great packaging, and arrived on time. Love it! Top notch quality. I am very satisfied with my purchase."
1219,B0099892,A965782,User_1218,35,36,5,1148143091,Highly recommend,"Wonderful taste, great packaging, and arrived on time. Love it! Absolutely delicious and healthy. I cannot imagine my life without it."
1220,B0067069,A940058,User_1219,29,33,5,1142992618,5 stars!,This is the best food product I have tried in years. So delicious! Excellent product! The quality is outstanding and it tastes wonderful.
2382,B0090857,A418785,User_2381,37,42,5,1499136523,Loved it!,Loved the flavor and texture. Will be ordering more very soon. Really good product. I order this every month for my family.
1222,B0070687,A626821,User_1221,27,36,5,1194921603,5 stars!,Perfect in every way. My family loves it and we keep buying more. Loved the flavor and texture. Will be ordering more very soon.
1223,B0068369,A504092,User_1222,20,33,3,1429074006,Alright,Average taste. Expected better but it is passable. Middling product. Not excited to reorder but might anyway.
1224,B0081211,A688903,User_1223,42,62,3,1384722643,Alright,Okay product. Will consider alternatives next time. It is fine. I have had better but also much worse.
1225,B0082373,A809887,User_1224,14,19,1,1062917691,Terrible,Terrible product. Arrived broken and smelled awful. Never again. Worst purchase I have ever made. Do not waste your money.
1226,B0080556,A102232,User_1225,7,35,5,1397389982,Excellent!,This is the best food product I have tried in years. So delicious! Excellent product! The quality is outstanding and it tastes wonderful.
1227,B0033221,A156740,User_1226,31,45,3,1487350007,Alright,It is okay. Nothing special but does the job. It is fine. I have had better but also much worse.
1228,B0062673,A469687,User_1227,13,40,5,1474609334,Great product!,Perfect in every way. My family loves it and we keep buying more. Fantastic taste and great value for money. Highly recommend!
1229,B0015292,A453710,User_1228,42,60,5,1350257405,Fantastic!,Excellent product! The quality is outstanding and it tastes wonderful. Best snack I have ever had. My kids absolutely love it too.
1230,B0038973,A170363,User_1229,4,11,5,1164541667,Excellent!,This product is absolutely amazing! Best purchase I have ever made. Best snack I have ever had. My kids absolutely love it too.
1231,B0020807,A991006,User_1230,18,39,1,1109191904,Terrible,Tasted terrible. Threw it straight in the bin. Complete waste. Very disappointed. The taste was nothing like described.
1232,B0068345,A870452,User_1231,6,32,3,1145435712,Passable,Average product. Neither good nor bad. Just acceptable. Neither impressive nor disappointing. Just a regular purchase.
1233,B0046223,A238165,User_1232,29,49,5,1467755657,Wonderful!,This product is absolutely amazing! Best purchase I have ever made. I love this product so much. It exceeded all my expectations.
1234,B0079667,A514815,User_1233,41,60,3,1155955892,Okay,Middling product. Not excited to reorder but might anyway. It is okay. Nothing special but does the job.
1235,B0087012,A768154,User_1234,3,28,3,1079080105,Fine,Okay product. Will consider alternatives next time. Middling product. Not excited to reorder but might anyway.
1236,B0012448,A884975,User_1235,38,50,4,1045125462,Perfect!,Really good product. I order this every month for my family. Great quality and fast shipping. Will definitely buy again.
1237,B0041189,A602244,User_1236,5,5,5,1041605438,Excellent!,This is the best food product I have tried in years. So delicious! Excellent product! The quality is outstanding and it tastes wonderful.
1238,B0012604,A783313,User_1237,41,65,3,1056507220,Acceptable,Decent enough for the price. Not amazing but not terrible either. Neither impressive nor disappointing. Just a regular purchase.
1239,B0043387,A544962,User_1238,27,50,3,1250819970,Not bad,Decent enough for the price. Not amazing but not terrible either. Average product. Neither good nor bad. Just acceptable.
1240,B0057021,A373823,User_1239,8,19,2,1182285908,Disgusting,Product was stale and expired. Very unhappy with this purchase. Disappointed and frustrated. This product ruined my meal.
1241,B0079946,A770194,User_1240,31,45,2,1142344758,Disappointed,Horrible product. Returned it immediately. Do not buy this. The flavor is disgusting and the texture is completely off.
1242,B0076518,A367856,User_1241,48,61,3,1477497588,Average,It is fine. I have had better but also much worse. Average taste. Expected better but it is passable.
1243,B0010916,A730880,User_1242,5,6,1,1309164414,Waste of money,Very bad experience. Product did not match the description at all. Poor quality packaging. Items were damaged when received.
1244,B0087726,A376790,User_1243,33,53,5,1142258267,Wonderful!,Top notch quality. I am very satisfied with my purchase. Outstanding product. Five stars without any hesitation.
1245,B0071720,A325271,User_1244,5,34,5,1157318107,Excellent!,"I love this product so much. It exceeded all my expectations. Wonderful taste, great packaging, and arrived on time. Love it!"
1246,B0025431,A534352,User_1245,15,31,1,1304743543,Awful,Product was stale and expired. Very unhappy with this purchase. Poor quality packaging. Items were damaged when received.
1247,B0081246,A335081,User_1246,32,35,4,1178482640,Good!,The taste is divine and it keeps me energized throughout the day. Great quality and fast shipping. Will definitely buy again.
1248,B0066592,A273653,User_1247,16,27,5,1256651812,Fantastic!,Great purchase. The product tastes exactly as described. Fantastic taste and great value for money. Highly recommend!
1249,B0018835,A589571,User_1248,47,68,4,1344426856,Great product!,I love this product so much. It exceeded all my expectations. Best snack I have ever had. My kids absolutely love it too.
1250,B0050566,A138190,User_1249,26,54,4,1155058471,Great product!,Excellent product! The quality is outstanding and it tastes wonderful. Absolutely delicious and healthy. I cannot imagine my life without it.
1251,B0027202,A485503,User_1250,48,69,2,1089496686,Poor quality,The flavor is disgusting and the texture is completely off. Very bad experience. Product did not match the description at all.
1252,B0033342,A531055,User_1251,11,13,5,1410872271,Loved it!,This is the best food product I have tried in years. So delicious! Really good product. I order this every month for my family.
1253,B0089842,A212586,User_1252,27,44,2,1436449854,Very bad,Very bad experience. Product did not match the description at all. Product was stale and expired. Very unhappy with this purchase.
1254,B0038860,A367764,User_1253,41,56,4,1043515151,Highly recommend,Absolutely delicious and healthy. I cannot imagine my life without it. Fantastic taste and great value for money. Highly recommend!
1255,B0058231,A555494,User_1254,39,65,5,1339182402,Amazing!,Absolutely delicious and healthy. I cannot imagine my life without it. Perfectly packaged and freshly delivered. Very happy with this order.
1256,B0053054,A472382,User_1255,8,12,3,1297541122,Average,Okay product. Will consider alternatives next time. Neither impressive nor disappointing. Just a regular purchase.
1257,B0048668,A302252,User_1256,13,28,5,1285335402,Good!,Fantastic taste and great value for money. Highly recommend! This product is absolutely amazing! Best purchase I have ever made.
1258,B0096605,A363518,User_1257,19,43,5,1385791605,Great product!,Outstanding product. Five stars without any hesitation. Great purchase. The product tastes exactly as described.
1259,B0057771,A938479,User_1258,10,38,4,1160676135,Great product!,Loved the flavor and texture. Will be ordering more very soon. Great purchase. The product tastes exactly as described.
1260,B0088152,A365494,User_1259,28,46,5,1096439102,Good!,Top notch quality. I am very satisfied with my purchase. Loved the flavor and texture. Will be ordering more very soon.
1261,B0033730,A286197,User_1260,21,21,5,1459719051,Good!,"Wonderful taste, great packaging, and arrived on time. Love it! The taste is divine and it keeps me energized throughout the day."
1262,B0015923,A144366,User_1261,38,61,5,1335791249,Fantastic!,Great purchase. The product tastes exactly as described. Great purchase. The product tastes exactly as described.
1263,B0052727,A164436,User_1262,31,47,5,1412464723,Excellent!,"Wonderful taste, great packaging, and arrived on time. Love it! Great quality and fast shipping. Will definitely buy again."
1264,B0056219,A406015,User_1263,33,33,5,1161198091,Good!,Perfectly packaged and freshly delivered. Very happy with this order. Loved the flavor and texture. Will be ordering more very soon.
1265,B0083863,A258256,User_1264,41,54,4,1203240757,Amazing!,Really good product. I order this every month for my family. Incredible product at a very reasonable price. Highly recommended!
1266,B0063315,A192044,User_1265,44,57,3,1127580412,Not bad,Average product. Neither good nor bad. Just acceptable. It is fine. I have had better but also much worse.
1267,B0068058,A818272,User_1266,28,35,5,1271477958,5 stars!,"Wonderful taste, great packaging, and arrived on time. Love it! Very happy with this purchase. Arrived quickly and well packaged."
1268,B0052097,A634880,User_1267,18,41,5,1058873614,Highly recommend,The taste is divine and it keeps me energized throughout the day. Really good product. I order this every month for my family.
1269,B0068316,A552244,User_1268,50,65,2,1482771179,Horrible,Nothing as advertised. Feels like a scam. Very unhappy. Horrible product. Returned it immediately. Do not buy this.
1270,B0075001,A564599,User_1269,18,40,2,1197078595,Disappointed,Horrible product. Returned it immediately. Do not buy this. Poor quality packaging. Items were damaged when received.
1271,B0088588,A362206,User_1270,12,17,1,1040047537,Not recommended,Tasted terrible. Threw it straight in the bin. Complete waste. Packaging was horrible and the product leaked everywhere.
1272,B0089595,A578059,User_1271,15,21,5,1086661709,Amazing!,Fantastic taste and great value for money. Highly recommend! Great purchase. The product tastes exactly as described.
1273,B0021568,A850108,User_1272,43,48,5,1335029162,5 stars!,This product is absolutely amazing! Best purchase I have ever made. Superb quality and flavor. This is now a staple in my household.
1274,B0024021,A204597,User_1273,27,30,4,1059723385,5 stars!,Best snack I have ever had. My kids absolutely love it too. Great quality and fast shipping. Will definitely buy again.
1275,B0099210,A486566,User_1274,16,26,5,1066043923,Wonderful!,Fantastic taste and great value for money. Highly recommend! Incredible product at a very reasonable price. Highly recommended!
1276,B0034689,A243956,User_1275,9,36,2,1488472004,Awful,Not worth a single penny. Quality is shockingly bad. Terrible product. Arrived broken and smelled awful. Never again.
1277,B0068879,A153172,User_1276,45,46,2,1218973765,Very bad,Extremely bitter and unpleasant. Could not eat it at all. Very bad experience. Product did not match the description at all.
1278,B0087648,A361682,User_1277,50,69,3,1146625210,Average,It is fine. I have had better but also much worse. It is fine. I have had better but also much worse.
1279,B0081860,A441623,User_1278,6,11,4,1403958370,Perfect!,Fantastic taste and great value for money. Highly recommend! Incredible product at a very reasonable price. Highly recommended!
1280,B0039294,A186845,User_1279,45,59,5,1263667615,Amazing!,Very happy with this purchase. Arrived quickly and well packaged. Superb quality and flavor. This is now a staple in my household.
1281,B0012401,A762251,User_1280,41,52,1,1344500055,Not recommended,Packaging was horrible and the product leaked everywhere. I regret buying this. The smell is awful and taste is worse.
1282,B0050035,A702342,User_1281,26,50,5,1327733265,Wonderful!,Perfect in every way. My family loves it and we keep buying more. Fantastic taste and great value for money. Highly recommend!
1283,B0053431,A197190,User_1282,18,34,1,1093220917,Horrible,Worst purchase I have ever made. Do not waste your money. Horrible product. Returned it immediately. Do not buy this.
1284,B0071307,A699417,User_1283,40,61,5,1484298075,5 stars!,This is the best food product I have tried in years. So delicious! Superb quality and flavor. This is now a staple in my household.
1285,B0063959,A653313,User_1284,27,40,5,1135117164,Highly recommend,Best snack I have ever had. My kids absolutely love it too. Great purchase. The product tastes exactly as described.
1286,B0028716,A464486,User_1285,28,32,3,1354671706,Okay,It is fine. I have had better but also much worse. Meets basic expectations. Nothing stands out about it.
1287,B0067953,A803248,User_1286,5,15,2,1207981200,Very bad,I regret buying this. The smell is awful and taste is worse. Not worth a single penny. Quality is shockingly bad.
1288,B0042782,A789330,User_1287,48,49,4,1154765593,Excellent!,Excellent product! The quality is outstanding and it tastes wonderful. Great purchase. The product tastes exactly as described.
1289,B0052616,A122756,User_1288,40,62,2,1095580961,Terrible,Tasted terrible. Threw it straight in the bin. Complete waste. Poor quality packaging. Items were damaged when received.
1290,B0099499,A943544,User_1289,25,53,1,1314947721,Waste of money,Disappointed and frustrated. This product ruined my meal. Extremely bitter and unpleasant. Could not eat it at all.
1291,B0023641,A456863,User_1290,22,22,1,1320099548,Horrible,Extremely bitter and unpleasant. Could not eat it at all. Horrible product. Returned it immediately. Do not buy this.
1292,B0021503,A528708,User_1291,44,56,2,1471610075,Not recommended,Disappointed and frustrated. This product ruined my meal. Extremely bitter and unpleasant. Could not eat it at all.
1293,B0060994,A492236,User_1292,50,70,5,1269030423,5 stars!,Very happy with this purchase. Arrived quickly and well packaged. Incredible product at a very reasonable price. Highly recommended!
1294,B0010073,A757823,User_1293,34,44,4,1237382547,Good!,"Very happy with this purchase. Arrived quickly and well packaged. Wonderful taste, great packaging, and arrived on time. Love it!"
1295,B0082023,A206201,User_1294,5,21,5,1093162911,Loved it!,Perfect in every way. My family loves it and we keep buying more. Best snack I have ever had. My kids absolutely love it too.
1296,B0084709,A346868,User_1295,1,29,5,1135928228,Good!,Best snack I have ever had. My kids absolutely love it too. Really good product. I order this every month for my family.
1297,B0056746,A334669,User_1296,46,59,1,1236720943,Awful,Very bad experience. Product did not match the description at all. Product was stale and expired. Very unhappy with this purchase.
1298,B0079547,A431977,User_1297,40,56,3,1391078223,Acceptable,Average product. Neither good nor bad. Just acceptable. It is okay. Nothing special but does the job.
1299,B0084768,A993614,User_1298,36,59,5,1109681356,Amazing!,Great quality and fast shipping. Will definitely buy again. Fantastic taste and great value for money. Highly recommend!
1300,B0070916,A673917,User_1299,19,28,5,1173521321,5 stars!,Really good product. I order this every month for my family. Outstanding product. Five stars without any hesitation.
4329,B0091303,A391500,User_4328,1,10,1,1227817592,Very bad,Product was stale and expired. Very unhappy with this purchase. I regret buying this. The smell is awful and taste is worse.
1302,B0024290,A152074,User_1301,37,43,5,1349940062,Perfect!,Outstanding product. Five stars without any hesitation. Fantastic taste and great value for money. Highly recommend!
1303,B0055695,A669820,User_1302,45,58,1,1487164707,Not recommended,The flavor is disgusting and the texture is completely off. Packaging was horrible and the product leaked everywhere.
1304,B0096415,A191845,User_1303,8,23,1,1333810735,Waste of money,Very disappointed. The taste was nothing like described. Very disappointed. The taste was nothing like described.
1305,B0032005,A756312,User_1304,35,51,5,1331958619,Fantastic!,I love this product so much. It exceeded all my expectations. Superb quality and flavor. This is now a staple in my household.
1306,B0033794,A375892,User_1305,40,53,2,1283635433,Poor quality,Horrible product. Returned it immediately. Do not buy this. Product was stale and expired. Very unhappy with this purchase.
1307,B0025241,A296646,User_1306,32,36,3,1473601981,Decent,It is fine. I have had better but also much worse. Neither impressive nor disappointing. Just a regular purchase.
1308,B0036883,A294646,User_1307,29,44,4,1266203374,Loved it!,Top notch quality. I am very satisfied with my purchase. Perfect in every way. My family loves it and we keep buying more.
1309,B0036400,A973417,User_1308,38,65,5,1201142545,Great product!,Excellent product! The quality is outstanding and it tastes wonderful. Incredible product at a very reasonable price. Highly recommended!
1310,B0059665,A294830,User_1309,33,37,5,1410531011,Good!,Fantastic taste and great value for money. Highly recommend! Superb quality and flavor. This is now a staple in my household.
1311,B0078378,A844040,User_1310,31,31,5,1346360802,Amazing!,"Wonderful taste, great packaging, and arrived on time. Love it! Superb quality and flavor. This is now a staple in my household."
1312,B0088002,A689986,User_1311,3,32,2,1305973194,Waste of money,Poor quality packaging. Items were damaged when received. Not worth a single penny. Quality is shockingly bad.
1313,B0059277,A625026,User_1312,0,3,3,1435929594,Not bad,"Average taste. Expected better but it is passable. It does what it says. Nothing more, nothing less."
1314,B0017967,A598905,User_1313,36,45,5,1063487757,Wonderful!,I love this product so much. It exceeded all my expectations. Great quality and fast shipping. Will definitely buy again.
1315,B0011017,A543877,User_1314,8,32,5,1193345256,Fantastic!,Really good product. I order this every month for my family. Absolutely delicious and healthy. I cannot imagine my life without it.
1316,B0077373,A530709,User_1315,46,56,5,1128776795,Highly recommend,Top notch quality. I am very satisfied with my purchase. Top notch quality. I am very satisfied with my purchase.
2339,B0013764,A452086,User_2338,17,40,2,1200356351,Not recommended,Nothing as advertised. Feels like a scam. Very unhappy. Very bad experience. Product did not match the description at all.
1318,B0045690,A314760,User_1317,41,43,5,1001127485,Amazing!,Incredible product at a very reasonable price. Highly recommended! Great quality and fast shipping. Will definitely buy again.
1319,B0070097,A295210,User_1318,41,44,3,1032832499,Alright,It is okay. Nothing special but does the job. Middling product. Not excited to reorder but might anyway.
1320,B0066704,A995702,User_1319,33,39,4,1249493426,Fantastic!,I love this product so much. It exceeded all my expectations. Very happy with this purchase. Arrived quickly and well packaged.
1321,B0099228,A613769,User_1320,42,71,1,1169696516,Very bad,Extremely bitter and unpleasant. Could not eat it at all. Disappointed and frustrated. This product ruined my meal.
1322,B0019220,A804242,User_1321,45,71,5,1434608300,Loved it!,This product is absolutely amazing! Best purchase I have ever made. This is the best food product I have tried in years. So delicious!
1323,B0027026,A719754,User_1322,37,38,3,1064010783,So so,It is fine. I have had better but also much worse. Average product. Neither good nor bad. Just acceptable.
1324,B0098030,A825445,User_1323,26,26,5,1140171932,Highly recommend,This product is absolutely amazing! Best purchase I have ever made. Really good product. I order this every month for my family.
1325,B0076530,A851477,User_1324,7,10,3,1197881987,Average,Okay product. Will consider alternatives next time. Neither impressive nor disappointing. Just a regular purchase.
1326,B0093311,A149933,User_1325,49,51,5,1349456939,Amazing!,"Wonderful taste, great packaging, and arrived on time. Love it! Perfect in every way. My family loves it and we keep buying more."
1327,B0085729,A917276,User_1326,20,25,4,1040423375,Fantastic!,Great purchase. The product tastes exactly as described. Excellent product! The quality is outstanding and it tastes wonderful.
1328,B0077661,A392709,User_1327,20,24,5,1427852556,Great product!,"Great quality and fast shipping. Will definitely buy again. Wonderful taste, great packaging, and arrived on time. Love it!"
1329,B0086901,A235116,User_1328,3,9,5,1284022022,Great product!,Really good product. I order this every month for my family. This is the best food product I have tried in years. So delicious!
1330,B0090927,A317272,User_1329,32,56,5,1118241113,Wonderful!,Perfectly packaged and freshly delivered. Very happy with this order. The taste is divine and it keeps me energized throughout the day.
1331,B0039790,A314386,User_1330,29,46,4,1459900879,5 stars!,Fantastic taste and great value for money. Highly recommend! This is the best food product I have tried in years. So delicious!
1332,B0010921,A674585,User_1331,1,9,5,1149228167,Loved it!,Loved the flavor and texture. Will be ordering more very soon. This product is absolutely amazing! Best purchase I have ever made.
1333,B0074991,A200441,User_1332,41,66,5,1257755486,Perfect!,The taste is divine and it keeps me energized throughout the day. Fantastic taste and great value for money. Highly recommend!
1334,B0046800,A101639,User_1333,40,56,5,1474295014,Great product!,The taste is divine and it keeps me energized throughout the day. Great purchase. The product tastes exactly as described.
1335,B0061172,A521749,User_1334,34,64,5,1305391502,Loved it!,Perfect in every way. My family loves it and we keep buying more. Superb quality and flavor. This is now a staple in my household.
1336,B0023871,A142527,User_1335,29,59,4,1095252796,Good!,Incredible product at a very reasonable price. Highly recommended! Top notch quality. I am very satisfied with my purchase.
1337,B0025313,A880124,User_1336,3,32,1,1492526095,Terrible,Product was stale and expired. Very unhappy with this purchase. Tasted terrible. Threw it straight in the bin. Complete waste.
1338,B0042298,A939280,User_1337,22,48,3,1369025809,So so,Average taste. Expected better but it is passable. Middling product. Not excited to reorder but might anyway.
1339,B0085005,A629957,User_1338,10,33,5,1481940868,Good!,The taste is divine and it keeps me energized throughout the day. Best snack I have ever had. My kids absolutely love it too.
1340,B0089206,A745506,User_1339,44,47,4,1125954379,Excellent!,"I love this product so much. It exceeded all my expectations. Wonderful taste, great packaging, and arrived on time. Love it!"
1341,B0093761,A181181,User_1340,13,32,1,1026154560,Waste of money,I regret buying this. The smell is awful and taste is worse. Extremely bitter and unpleasant. Could not eat it at all.
1342,B0072805,A872463,User_1341,17,24,5,1182323695,Wonderful!,Really good product. I order this every month for my family. Really good product. I order this every month for my family.
1343,B0085669,A963474,User_1342,38,48,1,1249933580,Poor quality,The flavor is disgusting and the texture is completely off. The flavor is disgusting and the texture is completely off.
1344,B0087908,A614919,User_1343,0,21,5,1436350973,Good!,Perfect in every way. My family loves it and we keep buying more. This product is absolutely amazing! Best purchase I have ever made.
1345,B0026599,A145317,User_1344,5,30,5,1477090733,Perfect!,Incredible product at a very reasonable price. Highly recommended! Loved the flavor and texture. Will be ordering more very soon.
1346,B0071150,A140013,User_1345,43,46,3,1299415657,Not bad,Average product. Neither good nor bad. Just acceptable. Meets basic expectations. Nothing stands out about it.
1347,B0023779,A481294,User_1346,11,37,5,1092082111,Excellent!,Absolutely delicious and healthy. I cannot imagine my life without it. Perfectly packaged and freshly delivered. Very happy with this order.
1348,B0093021,A258441,User_1347,23,52,1,1139626915,Poor quality,I regret buying this. The smell is awful and taste is worse. Terrible product. Arrived broken and smelled awful. Never again.
1349,B0053038,A233074,User_1348,43,72,4,1174097494,Amazing!,This product is absolutely amazing! Best purchase I have ever made. Outstanding product. Five stars without any hesitation.
1350,B0061635,A732436,User_1349,45,52,2,1397365132,Awful,Worst purchase I have ever made. Do not waste your money. Very disappointed. The taste was nothing like described.
1351,B0016375,A185481,User_1350,31,59,4,1105532643,Amazing!,Loved the flavor and texture. Will be ordering more very soon. Superb quality and flavor. This is now a staple in my household.
1352,B0038878,A654429,User_1351,40,52,1,1040920130,Disappointed,Very bad experience. Product did not match the description at all. Worst purchase I have ever made. Do not waste your money.
1353,B0037688,A380254,User_1352,35,41,5,1013803526,Highly recommend,This is the best food product I have tried in years. So delicious! The taste is divine and it keeps me energized throughout the day.
1354,B0078271,A466552,User_1353,36,41,2,1388811630,Disgusting,Very bad experience. Product did not match the description at all. Tasted terrible. Threw it straight in the bin. Complete waste.
1355,B0098704,A581430,User_1354,36,63,5,1270138485,Amazing!,Perfect in every way. My family loves it and we keep buying more. I love this product so much. It exceeded all my expectations.
1356,B0073668,A979328,User_1355,44,65,5,1049279422,Good!,Best snack I have ever had. My kids absolutely love it too. This is the best food product I have tried in years. So delicious!
1357,B0080910,A786097,User_1356,27,47,5,1075330524,Good!,This is the best food product I have tried in years. So delicious! Incredible product at a very reasonable price. Highly recommended!
1358,B0078032,A916323,User_1357,26,34,1,1134751408,Waste of money,Tasted terrible. Threw it straight in the bin. Complete waste. Terrible product. Arrived broken and smelled awful. Never again.
1359,B0098686,A973944,User_1358,33,57,5,1217165332,5 stars!,Best snack I have ever had. My kids absolutely love it too. Top notch quality. I am very satisfied with my purchase.
1360,B0056237,A409824,User_1359,34,48,5,1160986144,Excellent!,Outstanding product. Five stars without any hesitation. Great quality and fast shipping. Will definitely buy again.
1361,B0029075,A708571,User_1360,36,61,5,1485379107,Great product!,Absolutely delicious and healthy. I cannot imagine my life without it. Very happy with this purchase. Arrived quickly and well packaged.
1362,B0077287,A972292,User_1361,12,17,4,1128103817,Loved it!,Outstanding product. Five stars without any hesitation. Great purchase. The product tastes exactly as described.
1363,B0057906,A903861,User_1362,27,52,4,1398780434,Wonderful!,I love this product so much. It exceeded all my expectations. Fantastic taste and great value for money. Highly recommend!
1364,B0094241,A526171,User_1363,30,37,5,1256839503,Great product!,Really good product. I order this every month for my family. This is the best food product I have tried in years. So delicious!
1365,B0083507,A479426,User_1364,49,68,3,1287264951,Average,It is okay. Nothing special but does the job. Okay product. Will consider alternatives next time.
1366,B0090579,A748161,User_1365,3,32,4,1343571780,Great product!,Fantastic taste and great value for money. Highly recommend! Top notch quality. I am very satisfied with my purchase.
1367,B0077122,A727675,User_1366,28,29,5,1365369904,Good!,Really good product. I order this every month for my family. I love this product so much. It exceeded all my expectations.
1368,B0061978,A121946,User_1367,35,36,4,1443397508,Good!,Great purchase. The product tastes exactly as described. I love this product so much. It exceeded all my expectations.
1369,B0077178,A449964,User_1368,48,61,4,1206119612,Fantastic!,Absolutely delicious and healthy. I cannot imagine my life without it. Absolutely delicious and healthy. I cannot imagine my life without it.
1370,B0095453,A988400,User_1369,24,38,4,1090189545,Wonderful!,Perfectly packaged and freshly delivered. Very happy with this order. Perfectly packaged and freshly delivered. Very happy with this order.
1371,B0023751,A239151,User_1370,21,41,2,1165645355,Very bad,Disappointed and frustrated. This product ruined my meal. Very bad experience. Product did not match the description at all.
1372,B0081578,A596061,User_1371,12,15,3,1110374270,Passable,It is okay. Nothing special but does the job. It is fine. I have had better but also much worse.
1373,B0043843,A119865,User_1372,8,28,5,1399849185,Fantastic!,Perfectly packaged and freshly delivered. Very happy with this order. I love this product so much. It exceeded all my expectations.
1374,B0040782,A837453,User_1373,28,33,5,1025472287,Fantastic!,Superb quality and flavor. This is now a staple in my household. Great purchase. The product tastes exactly as described.
1375,B0085416,A288943,User_1374,37,50,5,1439144332,Amazing!,Great quality and fast shipping. Will definitely buy again. Great quality and fast shipping. Will definitely buy again.
1376,B0071264,A468414,User_1375,30,39,5,1341283083,Highly recommend,"Superb quality and flavor. This is now a staple in my household. Wonderful taste, great packaging, and arrived on time. Love it!"
1377,B0061894,A746364,User_1376,37,58,4,1038123987,Perfect!,"Wonderful taste, great packaging, and arrived on time. Love it! Superb quality and flavor. This is now a staple in my household."
1378,B0041812,A750574,User_1377,3,16,2,1494413105,Don't buy,Terrible product. Arrived broken and smelled awful. Never again. Worst purchase I have ever made. Do not waste your money.
1379,B0016704,A550064,User_1378,12,33,4,1144230972,5 stars!,Very happy with this purchase. Arrived quickly and well packaged. Very happy with this purchase. Arrived quickly and well packaged.
1380,B0084510,A200330,User_1379,36,66,5,1339251066,Fantastic!,Top notch quality. I am very satisfied with my purchase. Perfectly packaged and freshly delivered. Very happy with this order.
1381,B0011121,A218556,User_1380,6,20,5,1223210902,Highly recommend,"Wonderful taste, great packaging, and arrived on time. Love it! Great purchase. The product tastes exactly as described."
1382,B0094547,A940720,User_1381,40,47,3,1007111545,Okay,It is okay. Nothing special but does the job. It is fine. I have had better but also much worse.
1383,B0010533,A404015,User_1382,30,53,1,1228585527,Disappointed,Packaging was horrible and the product leaked everywhere. Very bad experience. Product did not match the description at all.
1384,B0071638,A326040,User_1383,13,25,2,1225871450,Waste of money,Horrible product. Returned it immediately. Do not buy this. The flavor is disgusting and the texture is completely off.
1385,B0041091,A431905,User_1384,22,22,4,1395341709,Great product!,This product is absolutely amazing! Best purchase I have ever made. Superb quality and flavor. This is now a staple in my household.
1386,B0075069,A628272,User_1385,40,58,5,1399134531,Loved it!,"Perfect in every way. My family loves it and we keep buying more. Wonderful taste, great packaging, and arrived on time. Love it!"
1387,B0086989,A961542,User_1386,12,21,3,1316935306,Fine,Okay product. Will consider alternatives next time. It is okay. Nothing special but does the job.
1388,B0047298,A303151,User_1387,15,20,5,1208980479,Perfect!,This is the best food product I have tried in years. So delicious! Excellent product! The quality is outstanding and it tastes wonderful.
1389,B0090671,A146920,User_1388,43,47,4,1061327772,Good!,Excellent product! The quality is outstanding and it tastes wonderful. This is the best food product I have tried in years. So delicious!
1390,B0086335,A427272,User_1389,29,36,5,1389442832,Amazing!,Fantastic taste and great value for money. Highly recommend! Really good product. I order this every month for my family.
1391,B0090179,A106542,User_1390,7,11,5,1014219001,Great product!,Superb quality and flavor. This is now a staple in my household. Excellent product! The quality is outstanding and it tastes wonderful.
1392,B0095652,A757993,User_1391,24,46,3,1202733130,Alright,"Decent enough for the price. Not amazing but not terrible either. It does what it says. Nothing more, nothing less."
1393,B0048953,A607489,User_1392,48,67,5,1434329961,Good!,Perfectly packaged and freshly delivered. Very happy with this order. Great purchase. The product tastes exactly as described.
1394,B0046266,A602409,User_1393,15,16,5,1464349784,5 stars!,"Incredible product at a very reasonable price. Highly recommended! Wonderful taste, great packaging, and arrived on time. Love it!"
1395,B0050977,A867110,User_1394,46,48,5,1319402188,Loved it!,This is the best food product I have tried in years. So delicious! Perfect in every way. My family loves it and we keep buying more.
1396,B0070627,A878056,User_1395,10,26,2,1336433143,Very bad,Not worth a single penny. Quality is shockingly bad. Tasted terrible. Threw it straight in the bin. Complete waste.
1397,B0099652,A854497,User_1396,29,34,5,1221845985,Perfect!,Best snack I have ever had. My kids absolutely love it too. Superb quality and flavor. This is now a staple in my household.
1398,B0094222,A484072,User_1397,30,38,5,1130108286,Wonderful!,Superb quality and flavor. This is now a staple in my household. Best snack I have ever had. My kids absolutely love it too.
1399,B0096435,A229501,User_1398,12,26,5,1402627160,Loved it!,The taste is divine and it keeps me energized throughout the day. Great quality and fast shipping. Will definitely buy again.
1400,B0043115,A331552,User_1399,24,42,3,1239376731,So so,"Neither impressive nor disappointing. Just a regular purchase. It does what it says. Nothing more, nothing less."
1401,B0050593,A142098,User_1400,48,50,4,1490235452,Highly recommend,Superb quality and flavor. This is now a staple in my household. This is the best food product I have tried in years. So delicious!
1402,B0046320,A548902,User_1401,2,16,5,1166167733,Fantastic!,Best snack I have ever had. My kids absolutely love it too. Superb quality and flavor. This is now a staple in my household.
1403,B0024459,A180541,User_1402,27,40,5,1325953616,Wonderful!,Really good product. I order this every month for my family. Great purchase. The product tastes exactly as described.
1404,B0015664,A111366,User_1403,1,6,5,1054996972,Excellent!,Loved the flavor and texture. Will be ordering more very soon. Really good product. I order this every month for my family.
1405,B0069231,A724257,User_1404,18,44,5,1472957506,Great product!,This is the best food product I have tried in years. So delicious! I love this product so much. It exceeded all my expectations.
1406,B0062820,A887659,User_1405,6,9,5,1435966412,Loved it!,Incredible product at a very reasonable price. Highly recommended! I love this product so much. It exceeded all my expectations.
1407,B0086222,A260581,User_1406,12,33,5,1078938888,5 stars!,Great quality and fast shipping. Will definitely buy again. Incredible product at a very reasonable price. Highly recommended!
1408,B0032328,A246731,User_1407,8,35,5,1428948926,Fantastic!,"Wonderful taste, great packaging, and arrived on time. Love it! This is the best food product I have tried in years. So delicious!"
1409,B0065842,A214016,User_1408,49,58,1,1460796706,Terrible,I regret buying this. The smell is awful and taste is worse. Extremely bitter and unpleasant. Could not eat it at all.
1410,B0027752,A520954,User_1409,48,68,5,1427242570,Fantastic!,Superb quality and flavor. This is now a staple in my household. Absolutely delicious and healthy. I cannot imagine my life without it.
1211,B0023960,A571183,User_1210,8,21,5,1097682258,Excellent!,"This is the best food product I have tried in years. So delicious! Wonderful taste, great packaging, and arrived on time. Love it!"
1412,B0093918,A716220,User_1411,50,67,2,1278567671,Disgusting,Packaging was horrible and the product leaked everywhere. Worst purchase I have ever made. Do not waste your money.
1413,B0055004,A577914,User_1412,50,52,1,1490088862,Horrible,I regret buying this. The smell is awful and taste is worse. Horrible product. Returned it immediately. Do not buy this.
1414,B0047330,A401466,User_1413,28,42,5,1263648986,Loved it!,Very happy with this purchase. Arrived quickly and well packaged. Great purchase. The product tastes exactly as described.
1415,B0095746,A455626,User_1414,8,17,3,1320899168,Passable,It is okay. Nothing special but does the job. Okay product. Will consider alternatives next time.
1416,B0040442,A942610,User_1415,14,27,3,1375838377,Normal,It is okay. Nothing special but does the job. It is fine. I have had better but also much worse.
1417,B0049022,A310938,User_1416,37,37,5,1337598378,5 stars!,Absolutely delicious and healthy. I cannot imagine my life without it. Incredible product at a very reasonable price. Highly recommended!
1418,B0069234,A963089,User_1417,36,56,5,1019850308,5 stars!,Great quality and fast shipping. Will definitely buy again. Perfect in every way. My family loves it and we keep buying more.
1419,B0056485,A582241,User_1418,24,30,2,1207101972,Waste of money,Disappointed and frustrated. This product ruined my meal. Very bad experience. Product did not match the description at all.
1420,B0084454,A215585,User_1419,30,33,3,1181551151,Fine,Average product. Neither good nor bad. Just acceptable. Meets basic expectations. Nothing stands out about it.
1421,B0024303,A396239,User_1420,6,27,4,1004807258,Highly recommend,"Top notch quality. I am very satisfied with my purchase. Wonderful taste, great packaging, and arrived on time. Love it!"
1422,B0061249,A568725,User_1421,11,17,5,1228030894,Good!,Great quality and fast shipping. Will definitely buy again. Perfectly packaged and freshly delivered. Very happy with this order.
1423,B0014062,A350826,User_1422,18,39,5,1041621767,Loved it!,"Absolutely delicious and healthy. I cannot imagine my life without it. Wonderful taste, great packaging, and arrived on time. Love it!"
1424,B0043962,A974903,User_1423,0,5,5,1456074140,Perfect!,Top notch quality. I am very satisfied with my purchase. Great quality and fast shipping. Will definitely buy again.
1425,B0042700,A262526,User_1424,8,25,5,1414863380,Great product!,Great purchase. The product tastes exactly as described. Absolutely delicious and healthy. I cannot imagine my life without it.
1426,B0054680,A145851,User_1425,13,22,5,1142947313,Highly recommend,I love this product so much. It exceeded all my expectations. Absolutely delicious and healthy. I cannot imagine my life without it.
1427,B0085987,A397185,User_1426,12,28,5,1235026344,Fantastic!,Loved the flavor and texture. Will be ordering more very soon. Excellent product! The quality is outstanding and it tastes wonderful.
1428,B0095492,A357770,User_1427,9,23,1,1044841927,Terrible,Packaging was horrible and the product leaked everywhere. Product was stale and expired. Very unhappy with this purchase.
1429,B0077553,A186701,User_1428,21,50,5,1187902816,Perfect!,Absolutely delicious and healthy. I cannot imagine my life without it. Perfectly packaged and freshly delivered. Very happy with this order.
1430,B0037433,A739200,User_1429,2,25,5,1312087525,Fantastic!,Loved the flavor and texture. Will be ordering more very soon. Top notch quality. I am very satisfied with my purchase.
1431,B0090114,A232392,User_1430,39,65,5,1004825781,Excellent!,Top notch quality. I am very satisfied with my purchase. Superb quality and flavor. This is now a staple in my household.
1432,B0077597,A565011,User_1431,39,62,1,1054962294,Not recommended,Poor quality packaging. Items were damaged when received. Nothing as advertised. Feels like a scam. Very unhappy.
1433,B0053173,A395702,User_1432,44,74,4,1057703473,Excellent!,Absolutely delicious and healthy. I cannot imagine my life without it. Excellent product! The quality is outstanding and it tastes wonderful.
1434,B0092139,A361001,User_1433,44,67,5,1483394227,Great product!,Excellent product! The quality is outstanding and it tastes wonderful. This is the best food product I have tried in years. So delicious!
1435,B0093470,A938703,User_1434,48,65,1,1088417236,Waste of money,Worst purchase I have ever made. Do not waste your money. Disappointed and frustrated. This product ruined my meal.
1436,B0084408,A191214,User_1435,49,73,4,1170951029,Perfect!,Superb quality and flavor. This is now a staple in my household. I love this product so much. It exceeded all my expectations.
1437,B0017102,A288340,User_1436,32,33,5,1001194785,Loved it!,Top notch quality. I am very satisfied with my purchase. Excellent product! The quality is outstanding and it tastes wonderful.
1438,B0070563,A533866,User_1437,47,59,5,1074514000,5 stars!,I love this product so much. It exceeded all my expectations. Top notch quality. I am very satisfied with my purchase.
1439,B0089425,A545629,User_1438,7,29,3,1390384179,Acceptable,Neither impressive nor disappointing. Just a regular purchase. It is okay. Nothing special but does the job.
1440,B0085012,A531209,User_1439,4,6,3,1102548155,Not bad,Okay product. Will consider alternatives next time. It is fine. I have had better but also much worse.
1441,B0066255,A468459,User_1440,17,43,5,1043699493,Wonderful!,Outstanding product. Five stars without any hesitation. Top notch quality. I am very satisfied with my purchase.
1442,B0057693,A517483,User_1441,18,21,4,1222970482,Highly recommend,This product is absolutely amazing! Best purchase I have ever made. Perfectly packaged and freshly delivered. Very happy with this order.
1443,B0076359,A997469,User_1442,43,51,4,1023675968,Good!,Absolutely delicious and healthy. I cannot imagine my life without it. Excellent product! The quality is outstanding and it tastes wonderful.
1444,B0051186,A145335,User_1443,43,60,5,1000884615,Good!,Superb quality and flavor. This is now a staple in my household. Excellent product! The quality is outstanding and it tastes wonderful.
1445,B0069040,A284060,User_1444,44,53,4,1488431269,Excellent!,Great quality and fast shipping. Will definitely buy again. Best snack I have ever had. My kids absolutely love it too.
1446,B0076503,A332431,User_1445,49,55,4,1136536691,Excellent!,Perfectly packaged and freshly delivered. Very happy with this order. This product is absolutely amazing! Best purchase I have ever made.
1447,B0039224,A311022,User_1446,1,14,3,1408848606,Average,"Okay product. Will consider alternatives next time. It does what it says. Nothing more, nothing less."
1448,B0098071,A521219,User_1447,14,44,5,1028294825,Great product!,This product is absolutely amazing! Best purchase I have ever made. Really good product. I order this every month for my family.
1449,B0075126,A190647,User_1448,32,35,3,1100527151,So so,Decent enough for the price. Not amazing but not terrible either. Decent enough for the price. Not amazing but not terrible either.
1450,B0053236,A533923,User_1449,39,45,2,1488748206,Disappointed,The flavor is disgusting and the texture is completely off. Extremely bitter and unpleasant. Could not eat it at all.
1451,B0064609,A473086,User_1450,13,16,3,1258018969,Fine,Neither impressive nor disappointing. Just a regular purchase. Neither impressive nor disappointing. Just a regular purchase.
1452,B0097293,A456256,User_1451,0,12,5,1088614562,5 stars!,Excellent product! The quality is outstanding and it tastes wonderful. This product is absolutely amazing! Best purchase I have ever made.
1453,B0082373,A634975,User_1452,23,24,5,1299532004,Fantastic!,Outstanding product. Five stars without any hesitation. I love this product so much. It exceeded all my expectations.
1454,B0019442,A123247,User_1453,31,34,5,1498407261,Fantastic!,Very happy with this purchase. Arrived quickly and well packaged. Great purchase. The product tastes exactly as described.
1455,B0059599,A538849,User_1454,16,46,2,1435593040,Not recommended,Not worth a single penny. Quality is shockingly bad. Disappointed and frustrated. This product ruined my meal.
1456,B0072514,A899890,User_1455,11,31,5,1333388257,5 stars!,Really good product. I order this every month for my family. Absolutely delicious and healthy. I cannot imagine my life without it.
1457,B0078976,A252615,User_1456,4,14,2,1290518855,Poor quality,I regret buying this. The smell is awful and taste is worse. The flavor is disgusting and the texture is completely off.
1458,B0050557,A362717,User_1457,40,63,5,1223136404,Perfect!,The taste is divine and it keeps me energized throughout the day. Top notch quality. I am very satisfied with my purchase.
1459,B0038584,A575727,User_1458,39,63,5,1423699892,Good!,The taste is divine and it keeps me energized throughout the day. This product is absolutely amazing! Best purchase I have ever made.
1460,B0050184,A441692,User_1459,39,41,3,1461736694,Fine,"Average taste. Expected better but it is passable. It does what it says. Nothing more, nothing less."
1461,B0098760,A447872,User_1460,9,21,5,1274575884,Loved it!,Superb quality and flavor. This is now a staple in my household. Loved the flavor and texture. Will be ordering more very soon.
1462,B0015104,A454808,User_1461,8,16,5,1121781469,5 stars!,Great quality and fast shipping. Will definitely buy again. Outstanding product. Five stars without any hesitation.
1463,B0074068,A257067,User_1462,48,48,5,1342991633,Amazing!,Great quality and fast shipping. Will definitely buy again. Best snack I have ever had. My kids absolutely love it too.
1464,B0037592,A541436,User_1463,34,35,5,1071760454,Loved it!,Really good product. I order this every month for my family. Really good product. I order this every month for my family.
1465,B0017443,A579097,User_1464,20,25,3,1060569822,Alright,"It does what it says. Nothing more, nothing less. It does what it says. Nothing more, nothing less."
1466,B0068046,A245590,User_1465,12,13,5,1496875761,Great product!,This product is absolutely amazing! Best purchase I have ever made. I love this product so much. It exceeded all my expectations.
1467,B0095479,A156768,User_1466,11,29,5,1092691875,Great product!,Perfect in every way. My family loves it and we keep buying more. Very happy with this purchase. Arrived quickly and well packaged.
1468,B0097808,A807214,User_1467,46,60,4,1032254086,Excellent!,Very happy with this purchase. Arrived quickly and well packaged. Outstanding product. Five stars without any hesitation.
1469,B0022826,A353707,User_1468,38,45,5,1297525370,Highly recommend,Very happy with this purchase. Arrived quickly and well packaged. Outstanding product. Five stars without any hesitation.
1470,B0071075,A524864,User_1469,50,65,5,1209975956,Amazing!,The taste is divine and it keeps me energized throughout the day. Top notch quality. I am very satisfied with my purchase.
1471,B0071039,A759613,User_1470,30,44,5,1477044223,Highly recommend,Superb quality and flavor. This is now a staple in my household. Absolutely delicious and healthy. I cannot imagine my life without it.
1472,B0060846,A596049,User_1471,1,25,5,1042921951,Wonderful!,Perfectly packaged and freshly delivered. Very happy with this order. Great purchase. The product tastes exactly as described.
1473,B0022310,A883694,User_1472,46,51,5,1141880749,Perfect!,"I love this product so much. It exceeded all my expectations. Wonderful taste, great packaging, and arrived on time. Love it!"
1474,B0099926,A160233,User_1473,24,41,5,1401328638,Amazing!,"Top notch quality. I am very satisfied with my purchase. Wonderful taste, great packaging, and arrived on time. Love it!"
1475,B0093469,A250967,User_1474,12,16,5,1376892089,Wonderful!,I love this product so much. It exceeded all my expectations. Really good product. I order this every month for my family.
1476,B0035336,A576781,User_1475,25,54,3,1331302645,Not bad,It is okay. Nothing special but does the job. It is okay. Nothing special but does the job.
1477,B0051458,A859193,User_1476,19,39,5,1294203087,Wonderful!,Absolutely delicious and healthy. I cannot imagine my life without it. Superb quality and flavor. This is now a staple in my household.
1478,B0096191,A429342,User_1477,24,53,3,1158568470,Average,Average product. Neither good nor bad. Just acceptable. Neither impressive nor disappointing. Just a regular purchase.
1479,B0013347,A218210,User_1478,32,54,5,1075704126,5 stars!,Very happy with this purchase. Arrived quickly and well packaged. Great purchase. The product tastes exactly as described.
1480,B0094137,A108091,User_1479,47,54,5,1199676070,Excellent!,Superb quality and flavor. This is now a staple in my household. Great quality and fast shipping. Will definitely buy again.
1481,B0092105,A108077,User_1480,16,35,4,1019695806,Highly recommend,Great quality and fast shipping. Will definitely buy again. Superb quality and flavor. This is now a staple in my household.
1482,B0010342,A473551,User_1481,37,67,5,1456590975,Fantastic!,Perfect in every way. My family loves it and we keep buying more. This is the best food product I have tried in years. So delicious!
1483,B0074478,A884677,User_1482,41,63,1,1248084480,Very bad,Poor quality packaging. Items were damaged when received. Terrible product. Arrived broken and smelled awful. Never again.
1484,B0076566,A986527,User_1483,12,40,3,1332042422,Alright,Neither impressive nor disappointing. Just a regular purchase. Middling product. Not excited to reorder but might anyway.
1485,B0080071,A982879,User_1484,34,55,5,1212079848,Perfect!,Great purchase. The product tastes exactly as described. This is the best food product I have tried in years. So delicious!
1486,B0038562,A818468,User_1485,6,26,3,1409557304,Average,Middling product. Not excited to reorder but might anyway. Average taste. Expected better but it is passable.
1487,B0060843,A557832,User_1486,47,59,5,1204401092,Loved it!,Superb quality and flavor. This is now a staple in my household. Perfect in every way. My family loves it and we keep buying more.
1488,B0086528,A676569,User_1487,6,8,1,1331725282,Terrible,Terrible product. Arrived broken and smelled awful. Never again. Poor quality packaging. Items were damaged when received.
1489,B0030541,A611105,User_1488,46,59,1,1324544304,Awful,Nothing as advertised. Feels like a scam. Very unhappy. Extremely bitter and unpleasant. Could not eat it at all.
1490,B0029478,A143693,User_1489,31,36,5,1437235172,Loved it!,Superb quality and flavor. This is now a staple in my household. Excellent product! The quality is outstanding and it tastes wonderful.
1491,B0035001,A546972,User_1490,12,13,5,1341798997,Highly recommend,Fantastic taste and great value for money. Highly recommend! Top notch quality. I am very satisfied with my purchase.
1492,B0035869,A707175,User_1491,26,40,1,1403969616,Awful,Not worth a single penny. Quality is shockingly bad. Not worth a single penny. Quality is shockingly bad.
1493,B0075673,A102873,User_1492,18,20,5,1243019246,Great product!,Perfectly packaged and freshly delivered. Very happy with this order. Fantastic taste and great value for money. Highly recommend!
1494,B0052145,A434712,User_1493,37,44,5,1271256688,Good!,This is the best food product I have tried in years. So delicious! I love this product so much. It exceeded all my expectations.
1495,B0047030,A584819,User_1494,48,78,4,1469813787,Amazing!,Fantastic taste and great value for money. Highly recommend! This product is absolutely amazing! Best purchase I have ever made.
1496,B0011789,A179707,User_1495,33,58,4,1140267477,Loved it!,The taste is divine and it keeps me energized throughout the day. Great quality and fast shipping. Will definitely buy again.
1497,B0040971,A910131,User_1496,30,54,5,1088007460,Wonderful!,Perfectly packaged and freshly delivered. Very happy with this order. Best snack I have ever had. My kids absolutely love it too.
1498,B0034784,A174446,User_1497,20,46,5,1017405505,5 stars!,Great purchase. The product tastes exactly as described. Really good product. I order this every month for my family.
1499,B0063582,A286469,User_1498,3,14,5,1033100358,Fantastic!,Superb quality and flavor. This is now a staple in my household. Absolutely delicious and healthy. I cannot imagine my life without it.
1500,B0086237,A187272,User_1499,46,72,3,1347533350,So so,Average product. Neither good nor bad. Just acceptable. It is okay. Nothing special but does the job.
1501,B0087053,A831721,User_1500,17,47,3,1036211312,Alright,Decent enough for the price. Not amazing but not terrible either. It is okay. Nothing special but does the job.
1502,B0089169,A647933,User_1501,39,60,1,1153500836,Poor quality,Horrible product. Returned it immediately. Do not buy this. Worst purchase I have ever made. Do not waste your money.
1503,B0054573,A195745,User_1502,0,20,1,1045514472,Disappointed,Packaging was horrible and the product leaked everywhere. Extremely bitter and unpleasant. Could not eat it at all.
1504,B0027025,A990652,User_1503,47,57,3,1149392150,Okay,Okay product. Will consider alternatives next time. It is okay. Nothing special but does the job.
1505,B0082656,A501679,User_1504,47,66,1,1449977074,Waste of money,Worst purchase I have ever made. Do not waste your money. Very bad experience. Product did not match the description at all.
1506,B0053650,A575676,User_1505,46,58,1,1144786810,Very bad,The flavor is disgusting and the texture is completely off. Nothing as advertised. Feels like a scam. Very unhappy.
1507,B0099406,A821583,User_1506,31,56,4,1073237216,Highly recommend,Very happy with this purchase. Arrived quickly and well packaged. Perfect in every way. My family loves it and we keep buying more.
1508,B0015664,A727916,User_1507,7,22,5,1138184240,Wonderful!,Incredible product at a very reasonable price. Highly recommended! Top notch quality. I am very satisfied with my purchase.
1509,B0034548,A312451,User_1508,48,78,1,1210591155,Not recommended,Worst purchase I have ever made. Do not waste your money. Worst purchase I have ever made. Do not waste your money.
1510,B0039387,A949548,User_1509,10,39,1,1007430551,Terrible,Very disappointed. The taste was nothing like described. Very disappointed. The taste was nothing like described.
1511,B0021403,A288983,User_1510,42,57,3,1344477091,Acceptable,
1512,B0028119,A352631,User_1511,50,72,3,1255381782,Average,Average product. Neither good nor bad. Just acceptable. Decent enough for the price. Not amazing but not terrible either.
1513,B0099571,A482704,User_1512,24,53,4,1119635226,5 stars!,Outstanding product. Five stars without any hesitation. The taste is divine and it keeps me energized throughout the day.
1514,B0061457,A938271,User_1513,27,52,1,1452146510,Don't buy,I regret buying this. The smell is awful and taste is worse. I regret buying this. The smell is awful and taste is worse.
1515,B0051295,A934394,User_1514,7,9,5,1262174257,Great product!,This is the best food product I have tried in years. So delicious! Fantastic taste and great value for money. Highly recommend!
1516,B0035633,A296737,User_1515,23,27,4,1091042516,Fantastic!,The taste is divine and it keeps me energized throughout the day. Very happy with this purchase. Arrived quickly and well packaged.
1517,B0030790,A702249,User_1516,3,21,3,1132441186,Acceptable,Neither impressive nor disappointing. Just a regular purchase. Middling product. Not excited to reorder but might anyway.
1518,B0070109,A942491,User_1517,43,72,5,1378792802,5 stars!,Absolutely delicious and healthy. I cannot imagine my life without it. Great purchase. The product tastes exactly as described.
1519,B0041181,A340791,User_1518,14,17,2,1453087233,Disgusting,Extremely bitter and unpleasant. Could not eat it at all. Tasted terrible. Threw it straight in the bin. Complete waste.
1520,B0051099,A897170,User_1519,18,44,5,1286291865,Highly recommend,Incredible product at a very reasonable price. Highly recommended! Top notch quality. I am very satisfied with my purchase.
1521,B0097945,A830083,User_1520,47,68,5,1492501916,Highly recommend,Top notch quality. I am very satisfied with my purchase. Perfect in every way. My family loves it and we keep buying more.
1522,B0053386,A342584,User_1521,20,29,1,1227170495,Disgusting,Horrible product. Returned it immediately. Do not buy this. I regret buying this. The smell is awful and taste is worse.
1523,B0025581,A117509,User_1522,31,40,5,1036362109,Loved it!,Fantastic taste and great value for money. Highly recommend! This is the best food product I have tried in years. So delicious!
1524,B0047321,A760229,User_1523,45,51,1,1385689614,Not recommended,Nothing as advertised. Feels like a scam. Very unhappy. Terrible product. Arrived broken and smelled awful. Never again.
1525,B0091666,A488576,User_1524,49,54,1,1190033418,Terrible,Disappointed and frustrated. This product ruined my meal. Not worth a single penny. Quality is shockingly bad.
1526,B0069046,A385887,User_1525,35,47,3,1310749065,Okay,Neither impressive nor disappointing. Just a regular purchase. Average taste. Expected better but it is passable.
1527,B0030430,A655457,User_1526,4,20,5,1197683420,Excellent!,Loved the flavor and texture. Will be ordering more very soon. Superb quality and flavor. This is now a staple in my household.
1528,B0044404,A395568,User_1527,25,28,1,1091084015,Don't buy,Product was stale and expired. Very unhappy with this purchase. I regret buying this. The smell is awful and taste is worse.
1529,B0087887,A869734,User_1528,41,46,5,1278538846,Wonderful!,The taste is divine and it keeps me energized throughout the day. Great quality and fast shipping. Will definitely buy again.
1530,B0017029,A711069,User_1529,13,19,5,1378295726,Highly recommend,Top notch quality. I am very satisfied with my purchase. Loved the flavor and texture. Will be ordering more very soon.
1531,B0034690,A834908,User_1530,23,46,2,1497468319,Terrible,Worst purchase I have ever made. Do not waste your money. I regret buying this. The smell is awful and taste is worse.
1532,B0028304,A435200,User_1531,43,69,3,1452612723,So so,Average product. Neither good nor bad. Just acceptable. Decent enough for the price. Not amazing but not terrible either.
1533,B0026771,A185879,User_1532,11,41,5,1172903254,Wonderful!,Great quality and fast shipping. Will definitely buy again. Fantastic taste and great value for money. Highly recommend!
1534,B0042200,A538937,User_1533,40,63,5,1397213397,Highly recommend,Best snack I have ever had. My kids absolutely love it too. Really good product. I order this every month for my family.
1535,B0045106,A446918,User_1534,31,40,5,1321571881,Excellent!,Great quality and fast shipping. Will definitely buy again. Fantastic taste and great value for money. Highly recommend!
1536,B0073186,A596060,User_1535,49,71,2,1380473806,Waste of money,Poor quality packaging. Items were damaged when received. Tasted terrible. Threw it straight in the bin. Complete waste.
1537,B0073871,A957420,User_1536,40,60,3,1465542432,Acceptable,Average product. Neither good nor bad. Just acceptable. It is fine. I have had better but also much worse.
1538,B0019808,A158788,User_1537,7,22,4,1321919817,Great product!,This product is absolutely amazing! Best purchase I have ever made. Fantastic taste and great value for money. Highly recommend!
1539,B0048275,A563849,User_1538,36,54,4,1146705646,Fantastic!,Best snack I have ever had. My kids absolutely love it too. Outstanding product. Five stars without any hesitation.
1540,B0065558,A709937,User_1539,30,50,5,1245327080,Excellent!,Fantastic taste and great value for money. Highly recommend! The taste is divine and it keeps me energized throughout the day.
1541,B0090265,A411217,User_1540,20,22,1,1173768224,Very bad,Product was stale and expired. Very unhappy with this purchase. Very bad experience. Product did not match the description at all.
1542,B0053219,A297494,User_1541,25,51,2,1354172721,Not recommended,Horrible product. Returned it immediately. Do not buy this. Not worth a single penny. Quality is shockingly bad.
1543,B0014375,A252337,User_1542,31,33,2,1252618159,Don't buy,Nothing as advertised. Feels like a scam. Very unhappy. Extremely bitter and unpleasant. Could not eat it at all.
1544,B0086698,A213532,User_1543,42,70,4,1374483108,Loved it!,The taste is divine and it keeps me energized throughout the day. Incredible product at a very reasonable price. Highly recommended!
1545,B0041853,A840571,User_1544,28,53,4,1234514246,Perfect!,Perfectly packaged and freshly delivered. Very happy with this order. Excellent product! The quality is outstanding and it tastes wonderful.
1546,B0056784,A653661,User_1545,5,22,5,1114536082,Highly recommend,Great quality and fast shipping. Will definitely buy again. Perfect in every way. My family loves it and we keep buying more.
1547,B0051151,A338238,User_1546,19,30,4,1480709439,Perfect!,Great quality and fast shipping. Will definitely buy again. I love this product so much. It exceeded all my expectations.
1548,B0058253,A133624,User_1547,19,20,3,1404543878,Fine,Decent enough for the price. Not amazing but not terrible either. Neither impressive nor disappointing. Just a regular purchase.
1549,B0055177,A255090,User_1548,36,51,3,1481932665,Decent,Meets basic expectations. Nothing stands out about it. Average taste. Expected better but it is passable.
1550,B0069176,A384593,User_1549,34,50,1,1262947384,Disgusting,Extremely bitter and unpleasant. Could not eat it at all. Disappointed and frustrated. This product ruined my meal.
1551,B0015492,A285217,User_1550,12,16,5,1377059278,Good!,Fantastic taste and great value for money. Highly recommend! Great quality and fast shipping. Will definitely buy again.
1552,B0029503,A515178,User_1551,22,30,5,1410645702,Fantastic!,Very happy with this purchase. Arrived quickly and well packaged. Perfect in every way. My family loves it and we keep buying more.
1553,B0014816,A816601,User_1552,16,24,4,1326849329,Perfect!,Perfectly packaged and freshly delivered. Very happy with this order. Great purchase. The product tastes exactly as described.
1554,B0015367,A377942,User_1553,16,37,5,1270498663,Great product!,Excellent product! The quality is outstanding and it tastes wonderful. Absolutely delicious and healthy. I cannot imagine my life without it.
1555,B0063880,A532291,User_1554,40,63,5,1091502402,Great product!,Perfect in every way. My family loves it and we keep buying more. Incredible product at a very reasonable price. Highly recommended!
1556,B0024882,A886302,User_1555,9,19,5,1318382380,Excellent!,Very happy with this purchase. Arrived quickly and well packaged. Superb quality and flavor. This is now a staple in my household.
1557,B0071638,A653984,User_1556,15,17,3,1123277409,Passable,Neither impressive nor disappointing. Just a regular purchase. Neither impressive nor disappointing. Just a regular purchase.
2882,B0055212,A735778,User_2881,3,33,5,1246960956,Excellent!,Really good product. I order this every month for my family. Incredible product at a very reasonable price. Highly recommended!
1559,B0019652,A450568,User_1558,17,17,5,1182543744,Loved it!,Really good product. I order this every month for my family. This is the best food product I have tried in years. So delicious!
1560,B0035501,A758589,User_1559,11,27,4,1168787706,Great product!,Outstanding product. Five stars without any hesitation. Absolutely delicious and healthy. I cannot imagine my life without it.
1561,B0064800,A817340,User_1560,33,44,1,1267851607,Very bad,Product was stale and expired. Very unhappy with this purchase. Very bad experience. Product did not match the description at all.
1562,B0050523,A446992,User_1561,38,41,2,1256549372,Awful,Horrible product. Returned it immediately. Do not buy this. Product was stale and expired. Very unhappy with this purchase.
1563,B0044795,A875123,User_1562,22,47,3,1308583464,Decent,Decent enough for the price. Not amazing but not terrible either. Okay product. Will consider alternatives next time.
1564,B0057245,A215730,User_1563,25,40,2,1251915339,Disgusting,Not worth a single penny. Quality is shockingly bad. Extremely bitter and unpleasant. Could not eat it at all.
1565,B0083872,A701397,User_1564,9,21,5,1354376360,Highly recommend,This is the best food product I have tried in years. So delicious! This product is absolutely amazing! Best purchase I have ever made.
1566,B0045926,A125742,User_1565,43,62,5,1440660758,Loved it!,This is the best food product I have tried in years. So delicious! Great quality and fast shipping. Will definitely buy again.
1567,B0071617,A249615,User_1566,29,45,5,1322561936,5 stars!,Top notch quality. I am very satisfied with my purchase. Excellent product! The quality is outstanding and it tastes wonderful.
1568,B0061331,A855755,User_1567,40,67,5,1344301966,Amazing!,Great purchase. The product tastes exactly as described. Best snack I have ever had. My kids absolutely love it too.
1569,B0024569,A136198,User_1568,40,42,5,1287033821,Great product!,"Wonderful taste, great packaging, and arrived on time. Love it! Great purchase. The product tastes exactly as described."
1570,B0030986,A419382,User_1569,3,5,5,1455598127,Fantastic!,Outstanding product. Five stars without any hesitation. I love this product so much. It exceeded all my expectations.
1571,B0024126,A172167,User_1570,27,48,1,1446578008,Terrible,Extremely bitter and unpleasant. Could not eat it at all. Disappointed and frustrated. This product ruined my meal.
1572,B0082222,A997784,User_1571,43,64,5,1112192886,Perfect!,Perfect in every way. My family loves it and we keep buying more. Loved the flavor and texture. Will be ordering more very soon.
1573,B0083887,A912452,User_1572,12,41,3,1209354255,Passable,Average product. Neither good nor bad. Just acceptable. Neither impressive nor disappointing. Just a regular purchase.
1574,B0042673,A784138,User_1573,47,58,1,1238144178,Don't buy,Terrible product. Arrived broken and smelled awful. Never again. I regret buying this. The smell is awful and taste is worse.
1575,B0096857,A167940,User_1574,28,58,4,1233296441,Fantastic!,Best snack I have ever had. My kids absolutely love it too. Perfectly packaged and freshly delivered. Very happy with this order.
1576,B0088258,A438683,User_1575,23,49,5,1008519646,Great product!,Best snack I have ever had. My kids absolutely love it too. Outstanding product. Five stars without any hesitation.
1577,B0022221,A844588,User_1576,24,29,5,1251817388,Wonderful!,Superb quality and flavor. This is now a staple in my household. Great quality and fast shipping. Will definitely buy again.
1578,B0093213,A419586,User_1577,49,76,5,1167440892,Perfect!,
1579,B0029329,A670816,User_1578,13,13,5,1386488435,Amazing!,"Wonderful taste, great packaging, and arrived on time. Love it! Loved the flavor and texture. Will be ordering more very soon."
1580,B0072601,A628927,User_1579,41,57,1,1335938747,Awful,Very bad experience. Product did not match the description at all. Nothing as advertised. Feels like a scam. Very unhappy.
1581,B0098735,A134369,User_1580,31,32,1,1053528718,Disgusting,Terrible product. Arrived broken and smelled awful. Never again. Disappointed and frustrated. This product ruined my meal.
1582,B0011870,A916901,User_1581,22,25,5,1021668748,Amazing!,Perfectly packaged and freshly delivered. Very happy with this order. Top notch quality. I am very satisfied with my purchase.
1583,B0064850,A431415,User_1582,6,19,5,1198090234,Good!,Excellent product! The quality is outstanding and it tastes wonderful. Absolutely delicious and healthy. I cannot imagine my life without it.
1584,B0052588,A203312,User_1583,7,36,5,1314944627,Excellent!,I love this product so much. It exceeded all my expectations. Best snack I have ever had. My kids absolutely love it too.
1585,B0013888,A152327,User_1584,25,36,5,1117262358,Wonderful!,Perfect in every way. My family loves it and we keep buying more. This is the best food product I have tried in years. So delicious!
1586,B0067357,A736267,User_1585,28,49,5,1324938002,Great product!,Great purchase. The product tastes exactly as described. Excellent product! The quality is outstanding and it tastes wonderful.
1587,B0063113,A332110,User_1586,0,11,1,1146347946,Waste of money,Poor quality packaging. Items were damaged when received. Poor quality packaging. Items were damaged when received.
1588,B0023548,A299608,User_1587,2,6,3,1391788680,Acceptable,"It does what it says. Nothing more, nothing less. Average product. Neither good nor bad. Just acceptable."
1589,B0030161,A398249,User_1588,30,60,5,1361127701,Loved it!,Really good product. I order this every month for my family. Great quality and fast shipping. Will definitely buy again.
1590,B0032132,A510360,User_1589,35,50,1,1287486538,Poor quality,Product was stale and expired. Very unhappy with this purchase. Very disappointed. The taste was nothing like described.
1591,B0029585,A912320,User_1590,32,55,1,1055500039,Waste of money,I regret buying this. The smell is awful and taste is worse. Poor quality packaging. Items were damaged when received.
1592,B0080912,A482756,User_1591,50,50,3,1169897643,Average,Neither impressive nor disappointing. Just a regular purchase. Decent enough for the price. Not amazing but not terrible either.
1593,B0095079,A858545,User_1592,3,24,4,1002384726,Loved it!,Superb quality and flavor. This is now a staple in my household. Best snack I have ever had. My kids absolutely love it too.
1594,B0041045,A359850,User_1593,27,42,2,1414400323,Terrible,Nothing as advertised. Feels like a scam. Very unhappy. Very bad experience. Product did not match the description at all.
1595,B0096011,A335164,User_1594,39,43,5,1150721899,Loved it!,Loved the flavor and texture. Will be ordering more very soon. I love this product so much. It exceeded all my expectations.
1596,B0092879,A536886,User_1595,16,38,1,1438788848,Very bad,Poor quality packaging. Items were damaged when received. Worst purchase I have ever made. Do not waste your money.
1597,B0013462,A312947,User_1596,44,67,5,1454716448,Great product!,Great purchase. The product tastes exactly as described. Very happy with this purchase. Arrived quickly and well packaged.
1598,B0057799,A901062,User_1597,7,11,5,1123418808,Loved it!,Excellent product! The quality is outstanding and it tastes wonderful. Very happy with this purchase. Arrived quickly and well packaged.
1599,B0060620,A349682,User_1598,1,20,5,1305909330,Excellent!,This is the best food product I have tried in years. So delicious! Very happy with this purchase. Arrived quickly and well packaged.
1600,B0048802,A106829,User_1599,19,41,5,1029890187,Perfect!,Great quality and fast shipping. Will definitely buy again. Absolutely delicious and healthy. I cannot imagine my life without it.
1601,B0047130,A431045,User_1600,30,31,5,1126906578,Excellent!,Outstanding product. Five stars without any hesitation. Outstanding product. Five stars without any hesitation.
1602,B0064951,A605407,User_1601,23,31,4,1183073052,Amazing!,"Great quality and fast shipping. Will definitely buy again. Wonderful taste, great packaging, and arrived on time. Love it!"
1603,B0083067,A843092,User_1602,11,12,3,1434053906,Okay,"Neither impressive nor disappointing. Just a regular purchase. It does what it says. Nothing more, nothing less."
1604,B0056229,A909758,User_1603,17,46,5,1232814427,Wonderful!,Really good product. I order this every month for my family. Very happy with this purchase. Arrived quickly and well packaged.
1605,B0042549,A486195,User_1604,23,33,5,1398398272,Wonderful!,Great purchase. The product tastes exactly as described. Excellent product! The quality is outstanding and it tastes wonderful.
1606,B0097975,A833901,User_1605,23,46,5,1013645453,5 stars!,Fantastic taste and great value for money. Highly recommend! This product is absolutely amazing! Best purchase I have ever made.
1607,B0010572,A417356,User_1606,38,49,2,1469532620,Don't buy,I regret buying this. The smell is awful and taste is worse. Not worth a single penny. Quality is shockingly bad.
1608,B0043642,A302907,User_1607,6,10,5,1071601330,Great product!,This is the best food product I have tried in years. So delicious! Very happy with this purchase. Arrived quickly and well packaged.
1609,B0058624,A588072,User_1608,41,67,4,1284938327,Fantastic!,Perfectly packaged and freshly delivered. Very happy with this order. Fantastic taste and great value for money. Highly recommend!
1610,B0058459,A834587,User_1609,39,49,4,1190892324,Perfect!,Top notch quality. I am very satisfied with my purchase. Fantastic taste and great value for money. Highly recommend!
1611,B0052446,A155506,User_1610,8,14,5,1412047715,Good!,Loved the flavor and texture. Will be ordering more very soon. Very happy with this purchase. Arrived quickly and well packaged.
1612,B0054578,A103038,User_1611,28,48,5,1296105065,5 stars!,This is the best food product I have tried in years. So delicious! Incredible product at a very reasonable price. Highly recommended!
1613,B0086104,A705698,User_1612,26,42,1,1339663935,Poor quality,Disappointed and frustrated. This product ruined my meal. Nothing as advertised. Feels like a scam. Very unhappy.
1614,B0053642,A959446,User_1613,17,39,3,1220017679,Passable,Meets basic expectations. Nothing stands out about it. It is okay. Nothing special but does the job.
1615,B0016691,A666502,User_1614,47,73,3,1332308181,Fine,Average taste. Expected better but it is passable. It is okay. Nothing special but does the job.
1616,B0026524,A395497,User_1615,28,52,4,1339691638,Highly recommend,Incredible product at a very reasonable price. Highly recommended! Best snack I have ever had. My kids absolutely love it too.
1617,B0063462,A225323,User_1616,17,23,5,1205657444,Fantastic!,Incredible product at a very reasonable price. Highly recommended! Absolutely delicious and healthy. I cannot imagine my life without it.
1618,B0037819,A525323,User_1617,44,44,5,1228457309,Fantastic!,Excellent product! The quality is outstanding and it tastes wonderful. The taste is divine and it keeps me energized throughout the day.
1619,B0053624,A908524,User_1618,14,23,3,1384768555,Acceptable,Meets basic expectations. Nothing stands out about it. It is fine. I have had better but also much worse.
1620,B0066191,A376348,User_1619,2,19,1,1008095126,Disappointed,Extremely bitter and unpleasant. Could not eat it at all. Very disappointed. The taste was nothing like described.
1621,B0010867,A344619,User_1620,17,44,5,1458807021,Highly recommend,Great quality and fast shipping. Will definitely buy again. Perfect in every way. My family loves it and we keep buying more.
1622,B0075499,A572737,User_1621,7,7,1,1331464967,Don't buy,Tasted terrible. Threw it straight in the bin. Complete waste. Worst purchase I have ever made. Do not waste your money.
1623,B0075328,A570782,User_1622,45,73,5,1225026111,Great product!,Perfectly packaged and freshly delivered. Very happy with this order. Superb quality and flavor. This is now a staple in my household.
1624,B0073869,A134608,User_1623,3,23,5,1113536946,5 stars!,Perfect in every way. My family loves it and we keep buying more. Great purchase. The product tastes exactly as described.
1625,B0080639,A770865,User_1624,11,19,1,1191784439,Awful,Horrible product. Returned it immediately. Do not buy this. The flavor is disgusting and the texture is completely off.
1626,B0089392,A778176,User_1625,41,49,3,1164955821,So so,Meets basic expectations. Nothing stands out about it. Middling product. Not excited to reorder but might anyway.
1627,B0098101,A253849,User_1626,14,24,3,1363200286,Not bad,Middling product. Not excited to reorder but might anyway. Meets basic expectations. Nothing stands out about it.
1628,B0050843,A200550,User_1627,14,37,5,1251257179,Wonderful!,The taste is divine and it keeps me energized throughout the day. Absolutely delicious and healthy. I cannot imagine my life without it.
1629,B0038362,A924484,User_1628,31,36,1,1487050219,Very bad,The flavor is disgusting and the texture is completely off. Poor quality packaging. Items were damaged when received.
1630,B0040420,A584884,User_1629,41,50,5,1492444416,Highly recommend,Excellent product! The quality is outstanding and it tastes wonderful. Very happy with this purchase. Arrived quickly and well packaged.
1631,B0094694,A111244,User_1630,12,14,5,1210880643,Fantastic!,Excellent product! The quality is outstanding and it tastes wonderful. Excellent product! The quality is outstanding and it tastes wonderful.
1632,B0027943,A968697,User_1631,6,29,5,1009175721,Excellent!,Great purchase. The product tastes exactly as described. Outstanding product. Five stars without any hesitation.
1633,B0073983,A882962,User_1632,24,24,4,1486810043,Excellent!,This product is absolutely amazing! Best purchase I have ever made. Perfectly packaged and freshly delivered. Very happy with this order.
1634,B0063731,A382648,User_1633,49,51,5,1261010327,Loved it!,This product is absolutely amazing! Best purchase I have ever made. Great quality and fast shipping. Will definitely buy again.
1635,B0035124,A562250,User_1634,34,57,4,1175370692,Great product!,Perfectly packaged and freshly delivered. Very happy with this order. This product is absolutely amazing! Best purchase I have ever made.
1636,B0085570,A164474,User_1635,8,23,1,1453795781,Disappointed,Horrible product. Returned it immediately. Do not buy this. I regret buying this. The smell is awful and taste is worse.
1637,B0088722,A216726,User_1636,21,36,1,1043963069,Awful,Disappointed and frustrated. This product ruined my meal. Packaging was horrible and the product leaked everywhere.
1638,B0018089,A958694,User_1637,7,7,5,1427992686,Perfect!,Great quality and fast shipping. Will definitely buy again. Incredible product at a very reasonable price. Highly recommended!
1639,B0044452,A292871,User_1638,32,60,1,1092026721,Very bad,Very disappointed. The taste was nothing like described. Extremely bitter and unpleasant. Could not eat it at all.
1640,B0098915,A457573,User_1639,14,27,1,1046746729,Terrible,Poor quality packaging. Items were damaged when received. Terrible product. Arrived broken and smelled awful. Never again.
1641,B0063878,A837949,User_1640,43,71,5,1030569676,Excellent!,"Superb quality and flavor. This is now a staple in my household. Wonderful taste, great packaging, and arrived on time. Love it!"
1642,B0014635,A834077,User_1641,7,14,1,1047568183,Not recommended,Disappointed and frustrated. This product ruined my meal. Very disappointed. The taste was nothing like described.
1643,B0013831,A752632,User_1642,21,24,4,1268654883,Fantastic!,"Wonderful taste, great packaging, and arrived on time. Love it! Superb quality and flavor. This is now a staple in my household."
1644,B0078098,A277856,User_1643,27,43,5,1156209971,Highly recommend,I love this product so much. It exceeded all my expectations. Great quality and fast shipping. Will definitely buy again.
1645,B0033323,A678603,User_1644,39,65,5,1069541217,Amazing!,Excellent product! The quality is outstanding and it tastes wonderful. Great purchase. The product tastes exactly as described.
1646,B0042007,A812991,User_1645,16,41,5,1209068213,5 stars!,Fantastic taste and great value for money. Highly recommend! This is the best food product I have tried in years. So delicious!
1647,B0062469,A975219,User_1646,20,24,3,1088688169,Decent,Average product. Neither good nor bad. Just acceptable. It is okay. Nothing special but does the job.
1648,B0084129,A944096,User_1647,27,57,4,1356098761,Fantastic!,Loved the flavor and texture. Will be ordering more very soon. I love this product so much. It exceeded all my expectations.
1649,B0059418,A334854,User_1648,11,35,1,1073432106,Not recommended,Poor quality packaging. Items were damaged when received. Very disappointed. The taste was nothing like described.
1650,B0096597,A322475,User_1649,44,57,5,1203844299,Wonderful!,Really good product. I order this every month for my family. Loved the flavor and texture. Will be ordering more very soon.
1651,B0028627,A758071,User_1650,26,43,5,1166860268,Excellent!,Really good product. I order this every month for my family. Perfect in every way. My family loves it and we keep buying more.
1652,B0065586,A959576,User_1651,5,23,5,1450144964,Excellent!,Incredible product at a very reasonable price. Highly recommended! Loved the flavor and texture. Will be ordering more very soon.
1653,B0083768,A692862,User_1652,44,46,2,1351865336,Disappointed,Extremely bitter and unpleasant. Could not eat it at all. Very bad experience. Product did not match the description at all.
1654,B0012276,A881031,User_1653,35,50,4,1153390595,5 stars!,This product is absolutely amazing! Best purchase I have ever made. Very happy with this purchase. Arrived quickly and well packaged.
1655,B0034083,A593565,User_1654,49,75,3,1491170481,Normal,Average product. Neither good nor bad. Just acceptable. It is okay. Nothing special but does the job.
1656,B0099869,A197029,User_1655,13,39,5,1055718126,Loved it!,Top notch quality. I am very satisfied with my purchase. Perfect in every way. My family loves it and we keep buying more.
1657,B0034085,A570895,User_1656,46,46,5,1282607220,Excellent!,Perfect in every way. My family loves it and we keep buying more. Fantastic taste and great value for money. Highly recommend!
1658,B0029617,A773126,User_1657,42,60,1,1012530234,Very bad,Nothing as advertised. Feels like a scam. Very unhappy. The flavor is disgusting and the texture is completely off.
1659,B0018135,A981399,User_1658,23,27,4,1470540041,Highly recommend,Perfectly packaged and freshly delivered. Very happy with this order. Excellent product! The quality is outstanding and it tastes wonderful.
1660,B0083955,A987986,User_1659,48,53,5,1421473130,Highly recommend,I love this product so much. It exceeded all my expectations. This product is absolutely amazing! Best purchase I have ever made.
1661,B0068212,A665263,User_1660,26,49,5,1070145279,Wonderful!,Perfect in every way. My family loves it and we keep buying more. Best snack I have ever had. My kids absolutely love it too.
1662,B0059089,A492284,User_1661,3,31,4,1458812768,Highly recommend,"This product is absolutely amazing! Best purchase I have ever made. Wonderful taste, great packaging, and arrived on time. Love it!"
1663,B0054192,A499174,User_1662,25,51,5,1148940365,Good!,Perfectly packaged and freshly delivered. Very happy with this order. Excellent product! The quality is outstanding and it tastes wonderful.
1664,B0098674,A654891,User_1663,32,41,5,1185345247,Fantastic!,Top notch quality. I am very satisfied with my purchase. Incredible product at a very reasonable price. Highly recommended!
1665,B0013062,A213708,User_1664,5,21,1,1312688554,Awful,Nothing as advertised. Feels like a scam. Very unhappy. Disappointed and frustrated. This product ruined my meal.
1666,B0062482,A576067,User_1665,3,10,5,1157514990,Fantastic!,Perfect in every way. My family loves it and we keep buying more. Very happy with this purchase. Arrived quickly and well packaged.
1667,B0023655,A496981,User_1666,30,40,4,1032687547,Wonderful!,Incredible product at a very reasonable price. Highly recommended! Perfectly packaged and freshly delivered. Very happy with this order.
1668,B0070019,A734524,User_1667,3,28,1,1269353120,Not recommended,Nothing as advertised. Feels like a scam. Very unhappy. Horrible product. Returned it immediately. Do not buy this.
1669,B0089363,A566039,User_1668,6,8,5,1187389353,Great product!,Great purchase. The product tastes exactly as described. Very happy with this purchase. Arrived quickly and well packaged.
1670,B0014866,A493190,User_1669,10,27,5,1422076105,Amazing!,Really good product. I order this every month for my family. This product is absolutely amazing! Best purchase I have ever made.
1671,B0066579,A138598,User_1670,12,29,4,1325635672,Amazing!,Very happy with this purchase. Arrived quickly and well packaged. Perfectly packaged and freshly delivered. Very happy with this order.
1672,B0094320,A471831,User_1671,36,54,5,1339947997,Great product!,Great quality and fast shipping. Will definitely buy again. Outstanding product. Five stars without any hesitation.
1673,B0070585,A733661,User_1672,5,35,4,1125699155,5 stars!,Loved the flavor and texture. Will be ordering more very soon. Great quality and fast shipping. Will definitely buy again.
1674,B0013113,A198979,User_1673,12,22,5,1172684703,Perfect!,"Superb quality and flavor. This is now a staple in my household. Wonderful taste, great packaging, and arrived on time. Love it!"
1675,B0018799,A617556,User_1674,21,34,1,1217582868,Very bad,I regret buying this. The smell is awful and taste is worse. The flavor is disgusting and the texture is completely off.
1676,B0054664,A875418,User_1675,37,62,3,1200521837,Okay,Meets basic expectations. Nothing stands out about it. Average product. Neither good nor bad. Just acceptable.
1677,B0098895,A348255,User_1676,9,30,5,1129065229,Highly recommend,The taste is divine and it keeps me energized throughout the day. Great quality and fast shipping. Will definitely buy again.
1678,B0024131,A822911,User_1677,49,71,5,1180585199,Highly recommend,I love this product so much. It exceeded all my expectations. Outstanding product. Five stars without any hesitation.
1679,B0032628,A911839,User_1678,50,54,5,1084545126,Wonderful!,Best snack I have ever had. My kids absolutely love it too. Best snack I have ever had. My kids absolutely love it too.
1680,B0015068,A690143,User_1679,45,69,5,1430088995,Good!,Superb quality and flavor. This is now a staple in my household. Perfectly packaged and freshly delivered. Very happy with this order.
1681,B0017316,A350588,User_1680,4,34,2,1148401759,Disgusting,Worst purchase I have ever made. Do not waste your money. Worst purchase I have ever made. Do not waste your money.
1682,B0037158,A132009,User_1681,49,76,4,1344085808,Highly recommend,Loved the flavor and texture. Will be ordering more very soon. Fantastic taste and great value for money. Highly recommend!
1683,B0086548,A900560,User_1682,20,25,4,1131088873,Wonderful!,I love this product so much. It exceeded all my expectations. Loved the flavor and texture. Will be ordering more very soon.
1684,B0037365,A835518,User_1683,23,34,3,1252667285,Passable,Decent enough for the price. Not amazing but not terrible either. Average product. Neither good nor bad. Just acceptable.
1685,B0043141,A172550,User_1684,16,40,5,1414938118,Wonderful!,Excellent product! The quality is outstanding and it tastes wonderful. Top notch quality. I am very satisfied with my purchase.
1686,B0050545,A159984,User_1685,23,50,3,1243286700,Okay,Decent enough for the price. Not amazing but not terrible either. Average product. Neither good nor bad. Just acceptable.
1687,B0090163,A818936,User_1686,23,39,5,1410053911,Wonderful!,Great purchase. The product tastes exactly as described. Perfectly packaged and freshly delivered. Very happy with this order.
1688,B0014346,A464024,User_1687,32,46,1,1391859992,Waste of money,The flavor is disgusting and the texture is completely off. The flavor is disgusting and the texture is completely off.
1689,B0069912,A856137,User_1688,44,70,4,1317134862,Loved it!,Great quality and fast shipping. Will definitely buy again. Perfectly packaged and freshly delivered. Very happy with this order.
1690,B0067202,A480720,User_1689,10,28,5,1177624757,Excellent!,Perfect in every way. My family loves it and we keep buying more. Fantastic taste and great value for money. Highly recommend!
1691,B0088529,A965397,User_1690,42,44,5,1020437250,Wonderful!,I love this product so much. It exceeded all my expectations. Outstanding product. Five stars without any hesitation.
1692,B0072340,A718305,User_1691,5,10,5,1441821598,Great product!,Top notch quality. I am very satisfied with my purchase. Incredible product at a very reasonable price. Highly recommended!
1693,B0031442,A188040,User_1692,12,24,1,1240122085,Waste of money,Disappointed and frustrated. This product ruined my meal. Disappointed and frustrated. This product ruined my meal.
1694,B0025008,A912071,User_1693,44,67,5,1388015879,Loved it!,Really good product. I order this every month for my family. Really good product. I order this every month for my family.
1695,B0060120,A496806,User_1694,9,39,4,1480236097,Perfect!,This is the best food product I have tried in years. So delicious! Top notch quality. I am very satisfied with my purchase.
1696,B0033897,A736040,User_1695,49,61,4,1224066464,Fantastic!,Very happy with this purchase. Arrived quickly and well packaged. Really good product. I order this every month for my family.
1697,B0019684,A906436,User_1696,3,9,5,1494537608,Loved it!,Superb quality and flavor. This is now a staple in my household. Great purchase. The product tastes exactly as described.
1698,B0082251,A674825,User_1697,5,9,3,1366040664,Decent,Neither impressive nor disappointing. Just a regular purchase. Average taste. Expected better but it is passable.
1699,B0095072,A298395,User_1698,26,42,5,1497430336,Wonderful!,Absolutely delicious and healthy. I cannot imagine my life without it. I love this product so much. It exceeded all my expectations.
1700,B0035380,A359363,User_1699,27,37,4,1194627254,Great product!,This is the best food product I have tried in years. So delicious! Excellent product! The quality is outstanding and it tastes wonderful.
1701,B0099897,A852326,User_1700,26,41,3,1415238021,Normal,Average taste. Expected better but it is passable. Decent enough for the price. Not amazing but not terrible either.
1702,B0041151,A782056,User_1701,24,50,5,1415574698,Fantastic!,Excellent product! The quality is outstanding and it tastes wonderful. Great purchase. The product tastes exactly as described.
1703,B0099949,A177213,User_1702,39,43,4,1173271762,Fantastic!,Perfectly packaged and freshly delivered. Very happy with this order. Very happy with this purchase. Arrived quickly and well packaged.
1704,B0040305,A611837,User_1703,9,24,5,1246288132,Wonderful!,Really good product. I order this every month for my family. This product is absolutely amazing! Best purchase I have ever made.
1705,B0087092,A717462,User_1704,46,46,3,1481063951,Alright,Average product. Neither good nor bad. Just acceptable. Neither impressive nor disappointing. Just a regular purchase.
1706,B0093256,A322174,User_1705,13,36,3,1119995490,Okay,Decent enough for the price. Not amazing but not terrible either. It is fine. I have had better but also much worse.
1707,B0019511,A494047,User_1706,24,30,3,1260833742,Passable,Neither impressive nor disappointing. Just a regular purchase. Meets basic expectations. Nothing stands out about it.
1708,B0088154,A401489,User_1707,23,23,4,1470021601,5 stars!,Very happy with this purchase. Arrived quickly and well packaged. The taste is divine and it keeps me energized throughout the day.
1709,B0030650,A774845,User_1708,41,55,4,1461555482,Wonderful!,"Wonderful taste, great packaging, and arrived on time. Love it! Best snack I have ever had. My kids absolutely love it too."
1710,B0085758,A623834,User_1709,48,58,5,1135295363,Perfect!,Superb quality and flavor. This is now a staple in my household. Superb quality and flavor. This is now a staple in my household.
1711,B0059535,A129286,User_1710,11,28,5,1300717944,5 stars!,Excellent product! The quality is outstanding and it tastes wonderful. Top notch quality. I am very satisfied with my purchase.
1712,B0095039,A644349,User_1711,42,64,5,1436163502,Amazing!,Incredible product at a very reasonable price. Highly recommended! Great purchase. The product tastes exactly as described.
1713,B0089875,A731408,User_1712,6,8,2,1402376444,Disgusting,Tasted terrible. Threw it straight in the bin. Complete waste. Product was stale and expired. Very unhappy with this purchase.
1714,B0029229,A848041,User_1713,39,68,2,1428907650,Terrible,Very disappointed. The taste was nothing like described. Very disappointed. The taste was nothing like described.
1715,B0024742,A956289,User_1714,32,50,4,1390169322,Wonderful!,Loved the flavor and texture. Will be ordering more very soon. Perfectly packaged and freshly delivered. Very happy with this order.
1716,B0010320,A370218,User_1715,14,38,1,1189311307,Disappointed,Tasted terrible. Threw it straight in the bin. Complete waste. Product was stale and expired. Very unhappy with this purchase.
1717,B0054194,A857787,User_1716,7,18,5,1390530863,Wonderful!,Absolutely delicious and healthy. I cannot imagine my life without it. Fantastic taste and great value for money. Highly recommend!
1718,B0039403,A414549,User_1717,23,48,3,1494181526,Okay,It is fine. I have had better but also much worse. Neither impressive nor disappointing. Just a regular purchase.
1719,B0013262,A145256,User_1718,50,79,5,1402605953,Amazing!,"Wonderful taste, great packaging, and arrived on time. Love it! This is the best food product I have tried in years. So delicious!"
1720,B0072964,A504443,User_1719,0,0,5,1083059145,Good!,Outstanding product. Five stars without any hesitation. This product is absolutely amazing! Best purchase I have ever made.
1721,B0021146,A467405,User_1720,10,40,5,1177305921,5 stars!,Superb quality and flavor. This is now a staple in my household. Best snack I have ever had. My kids absolutely love it too.
1722,B0030921,A838414,User_1721,39,59,5,1040828247,Loved it!,Great purchase. The product tastes exactly as described. Outstanding product. Five stars without any hesitation.
1723,B0032719,A852222,User_1722,40,52,5,1091516830,Highly recommend,Great quality and fast shipping. Will definitely buy again. The taste is divine and it keeps me energized throughout the day.
1724,B0064775,A940363,User_1723,10,23,3,1091553928,Alright,Decent enough for the price. Not amazing but not terrible either. Neither impressive nor disappointing. Just a regular purchase.
1725,B0015521,A760058,User_1724,50,62,4,1177681603,Fantastic!,Perfect in every way. My family loves it and we keep buying more. Best snack I have ever had. My kids absolutely love it too.
1726,B0017294,A410394,User_1725,10,40,1,1439036214,Don't buy,Tasted terrible. Threw it straight in the bin. Complete waste. Disappointed and frustrated. This product ruined my meal.
1727,B0083298,A472184,User_1726,0,20,4,1399684452,Excellent!,I love this product so much. It exceeded all my expectations. I love this product so much. It exceeded all my expectations.
1728,B0026505,A968257,User_1727,5,23,2,1295713513,Don't buy,Poor quality packaging. Items were damaged when received. Terrible product. Arrived broken and smelled awful. Never again.
1729,B0029047,A256491,User_1728,15,35,5,1445307448,Highly recommend,Perfect in every way. My family loves it and we keep buying more. Top notch quality. I am very satisfied with my purchase.
1730,B0076965,A875999,User_1729,49,57,3,1155928682,So so,"Average taste. Expected better but it is passable. It does what it says. Nothing more, nothing less."
1731,B0040562,A450275,User_1730,40,58,1,1225114643,Terrible,Product was stale and expired. Very unhappy with this purchase. Very disappointed. The taste was nothing like described.
1732,B0095507,A698667,User_1731,9,18,3,1245868187,Average,Average product. Neither good nor bad. Just acceptable. It is fine. I have had better but also much worse.
1733,B0070725,A312474,User_1732,23,52,4,1425797361,Wonderful!,Excellent product! The quality is outstanding and it tastes wonderful. I love this product so much. It exceeded all my expectations.
1734,B0068257,A981786,User_1733,26,28,1,1318136899,Terrible,Nothing as advertised. Feels like a scam. Very unhappy. Very disappointed. The taste was nothing like described.
1735,B0046664,A486513,User_1734,20,40,5,1454032808,Excellent!,I love this product so much. It exceeded all my expectations. Very happy with this purchase. Arrived quickly and well packaged.
1736,B0033832,A589773,User_1735,11,32,3,1343716875,Okay,Decent enough for the price. Not amazing but not terrible either. Decent enough for the price. Not amazing but not terrible either.
1737,B0069510,A122496,User_1736,22,37,4,1027583608,5 stars!,Perfectly packaged and freshly delivered. Very happy with this order. Great quality and fast shipping. Will definitely buy again.
1738,B0017096,A796198,User_1737,33,56,3,1044179645,Decent,Middling product. Not excited to reorder but might anyway. Meets basic expectations. Nothing stands out about it.
1739,B0051360,A621627,User_1738,1,17,4,1354158509,Perfect!,Fantastic taste and great value for money. Highly recommend! Very happy with this purchase. Arrived quickly and well packaged.
1740,B0047496,A993902,User_1739,13,13,5,1264019086,Great product!,Perfect in every way. My family loves it and we keep buying more. Very happy with this purchase. Arrived quickly and well packaged.
1741,B0091322,A500763,User_1740,17,32,5,1432414465,Amazing!,Outstanding product. Five stars without any hesitation. I love this product so much. It exceeded all my expectations.
1742,B0083355,A486579,User_1741,47,72,5,1174279466,Wonderful!,I love this product so much. It exceeded all my expectations. Superb quality and flavor. This is now a staple in my household.
1743,B0052487,A107032,User_1742,11,17,5,1414925130,Amazing!,Best snack I have ever had. My kids absolutely love it too. Absolutely delicious and healthy. I cannot imagine my life without it.
1744,B0074355,A704555,User_1743,6,24,1,1091212990,Waste of money,Disappointed and frustrated. This product ruined my meal. I regret buying this. The smell is awful and taste is worse.
1745,B0080972,A373636,User_1744,46,61,1,1457467776,Disappointed,Very bad experience. Product did not match the description at all. Product was stale and expired. Very unhappy with this purchase.
1746,B0080182,A510997,User_1745,39,42,5,1084717399,5 stars!,Top notch quality. I am very satisfied with my purchase. Great purchase. The product tastes exactly as described.
1747,B0068314,A288666,User_1746,40,66,5,1457369958,5 stars!,Great purchase. The product tastes exactly as described. Very happy with this purchase. Arrived quickly and well packaged.
1748,B0031825,A112949,User_1747,26,35,5,1257856250,Fantastic!,Excellent product! The quality is outstanding and it tastes wonderful. Great quality and fast shipping. Will definitely buy again.
1749,B0081762,A591754,User_1748,7,12,5,1316210787,Good!,Best snack I have ever had. My kids absolutely love it too. Superb quality and flavor. This is now a staple in my household.
1750,B0029043,A664117,User_1749,15,17,1,1403465849,Horrible,Nothing as advertised. Feels like a scam. Very unhappy. Not worth a single penny. Quality is shockingly bad.
1751,B0018144,A779511,User_1750,7,7,5,1340664013,5 stars!,Superb quality and flavor. This is now a staple in my household. Superb quality and flavor. This is now a staple in my household.
1752,B0062458,A435898,User_1751,36,61,5,1487360074,Wonderful!,This product is absolutely amazing! Best purchase I have ever made. Really good product. I order this every month for my family.
1753,B0035364,A546041,User_1752,18,37,4,1094036081,Excellent!,Outstanding product. Five stars without any hesitation. Incredible product at a very reasonable price. Highly recommended!
1754,B0029755,A254355,User_1753,42,44,5,1333485725,Fantastic!,Very happy with this purchase. Arrived quickly and well packaged. Fantastic taste and great value for money. Highly recommend!
1755,B0030811,A784251,User_1754,12,18,5,1146968968,5 stars!,Great purchase. The product tastes exactly as described. Great purchase. The product tastes exactly as described.
1756,B0096538,A856273,User_1755,26,29,4,1302047805,Amazing!,Loved the flavor and texture. Will be ordering more very soon. Loved the flavor and texture. Will be ordering more very soon.
1757,B0077967,A291142,User_1756,24,31,5,1368106872,Fantastic!,Excellent product! The quality is outstanding and it tastes wonderful. Perfectly packaged and freshly delivered. Very happy with this order.
1758,B0013380,A572034,User_1757,18,22,4,1408443511,Wonderful!,"Wonderful taste, great packaging, and arrived on time. Love it! This product is absolutely amazing! Best purchase I have ever made."
1759,B0020374,A216034,User_1758,2,12,2,1455000958,Don't buy,Nothing as advertised. Feels like a scam. Very unhappy. Terrible product. Arrived broken and smelled awful. Never again.
1760,B0031942,A709187,User_1759,46,55,4,1229836978,Excellent!,I love this product so much. It exceeded all my expectations. Loved the flavor and texture. Will be ordering more very soon.
1761,B0065232,A793777,User_1760,49,59,4,1175962296,Perfect!,Superb quality and flavor. This is now a staple in my household. Absolutely delicious and healthy. I cannot imagine my life without it.
1762,B0085618,A958548,User_1761,31,58,5,1471034565,Wonderful!,Great quality and fast shipping. Will definitely buy again. Absolutely delicious and healthy. I cannot imagine my life without it.
1763,B0082536,A267892,User_1762,14,15,4,1087031351,Good!,Fantastic taste and great value for money. Highly recommend! Superb quality and flavor. This is now a staple in my household.
1764,B0016948,A530618,User_1763,14,19,1,1112219750,Waste of money,Poor quality packaging. Items were damaged when received. Very disappointed. The taste was nothing like described.
1765,B0048159,A127335,User_1764,16,44,4,1422269458,Good!,Superb quality and flavor. This is now a staple in my household. Incredible product at a very reasonable price. Highly recommended!
1766,B0043906,A897008,User_1765,16,26,1,1335100378,Very bad,Very disappointed. The taste was nothing like described. Terrible product. Arrived broken and smelled awful. Never again.
1767,B0064520,A234920,User_1766,44,49,1,1213357062,Awful,Not worth a single penny. Quality is shockingly bad. Not worth a single penny. Quality is shockingly bad.
1768,B0064930,A970522,User_1767,20,47,3,1266476425,Decent,Middling product. Not excited to reorder but might anyway. It is fine. I have had better but also much worse.
1769,B0057929,A762259,User_1768,33,49,5,1136792160,Great product!,The taste is divine and it keeps me energized throughout the day. Great purchase. The product tastes exactly as described.
1770,B0075964,A789593,User_1769,49,72,5,1364343999,5 stars!,Loved the flavor and texture. Will be ordering more very soon. Loved the flavor and texture. Will be ordering more very soon.
1771,B0085968,A501630,User_1770,22,39,5,1468916370,Great product!,I love this product so much. It exceeded all my expectations. This is the best food product I have tried in years. So delicious!
1772,B0052473,A925896,User_1771,44,46,2,1313962512,Disappointed,Worst purchase I have ever made. Do not waste your money. Tasted terrible. Threw it straight in the bin. Complete waste.
1773,B0028003,A875544,User_1772,42,48,5,1302655391,Good!,Loved the flavor and texture. Will be ordering more very soon. Great quality and fast shipping. Will definitely buy again.
1774,B0045487,A958870,User_1773,21,27,5,1331013446,Great product!,Absolutely delicious and healthy. I cannot imagine my life without it. Very happy with this purchase. Arrived quickly and well packaged.
1775,B0074365,A168005,User_1774,48,78,2,1028312079,Horrible,
1776,B0063523,A227172,User_1775,14,43,4,1076347952,Highly recommend,Top notch quality. I am very satisfied with my purchase. Perfect in every way. My family loves it and we keep buying more.
1777,B0011722,A688369,User_1776,12,14,5,1032330657,Excellent!,Top notch quality. I am very satisfied with my purchase. Perfectly packaged and freshly delivered. Very happy with this order.
1778,B0084431,A557294,User_1777,29,57,4,1440197994,Highly recommend,"Excellent product! The quality is outstanding and it tastes wonderful. Wonderful taste, great packaging, and arrived on time. Love it!"
1779,B0064651,A637429,User_1778,11,19,4,1120296949,Wonderful!,Fantastic taste and great value for money. Highly recommend! Outstanding product. Five stars without any hesitation.
1780,B0012549,A120937,User_1779,7,36,5,1356897525,Amazing!,Best snack I have ever had. My kids absolutely love it too. Top notch quality. I am very satisfied with my purchase.
1781,B0094768,A875425,User_1780,25,41,5,1277566014,Highly recommend,Superb quality and flavor. This is now a staple in my household. Great purchase. The product tastes exactly as described.
1782,B0065913,A223249,User_1781,23,26,5,1182224234,Amazing!,Really good product. I order this every month for my family. Great quality and fast shipping. Will definitely buy again.
1783,B0044769,A127671,User_1782,12,24,5,1144528308,Amazing!,Absolutely delicious and healthy. I cannot imagine my life without it. Great purchase. The product tastes exactly as described.
1784,B0067666,A735818,User_1783,27,30,5,1020426560,Perfect!,This is the best food product I have tried in years. So delicious! Best snack I have ever had. My kids absolutely love it too.
1785,B0030398,A926222,User_1784,7,8,1,1234965126,Disappointed,Tasted terrible. Threw it straight in the bin. Complete waste. Worst purchase I have ever made. Do not waste your money.
1786,B0092264,A330980,User_1785,34,37,3,1000494694,Average,Middling product. Not excited to reorder but might anyway. Average taste. Expected better but it is passable.
1787,B0043694,A557184,User_1786,6,13,5,1031594835,Excellent!,Perfectly packaged and freshly delivered. Very happy with this order. Absolutely delicious and healthy. I cannot imagine my life without it.
1788,B0054910,A979165,User_1787,13,18,1,1300793013,Poor quality,Disappointed and frustrated. This product ruined my meal. I regret buying this. The smell is awful and taste is worse.
1789,B0033184,A103384,User_1788,18,41,1,1140782690,Disgusting,The flavor is disgusting and the texture is completely off. Tasted terrible. Threw it straight in the bin. Complete waste.
1790,B0057420,A716179,User_1789,44,51,5,1407811514,Amazing!,Excellent product! The quality is outstanding and it tastes wonderful. Best snack I have ever had. My kids absolutely love it too.
1791,B0070428,A780896,User_1790,29,33,5,1048144565,5 stars!,I love this product so much. It exceeded all my expectations. Excellent product! The quality is outstanding and it tastes wonderful.
1792,B0038510,A171306,User_1791,11,19,3,1183872201,Okay,It is fine. I have had better but also much worse. Neither impressive nor disappointing. Just a regular purchase.
1793,B0069381,A718206,User_1792,37,37,3,1306204333,Not bad,Decent enough for the price. Not amazing but not terrible either. It is okay. Nothing special but does the job.
1794,B0082104,A391858,User_1793,1,19,4,1383593558,Good!,Outstanding product. Five stars without any hesitation. Loved the flavor and texture. Will be ordering more very soon.
1795,B0071050,A985330,User_1794,32,37,1,1044102951,Don't buy,Product was stale and expired. Very unhappy with this purchase. Horrible product. Returned it immediately. Do not buy this.
1796,B0042847,A699545,User_1795,47,57,1,1069204178,Awful,Not worth a single penny. Quality is shockingly bad. Very disappointed. The taste was nothing like described.
1797,B0071508,A103657,User_1796,16,27,5,1151863885,Wonderful!,Superb quality and flavor. This is now a staple in my household. Incredible product at a very reasonable price. Highly recommended!
1798,B0074856,A954150,User_1797,49,70,5,1077042138,Perfect!,"Superb quality and flavor. This is now a staple in my household. Wonderful taste, great packaging, and arrived on time. Love it!"
1799,B0081756,A682743,User_1798,43,59,3,1222721259,Acceptable,Middling product. Not excited to reorder but might anyway. It is fine. I have had better but also much worse.
1800,B0080299,A170509,User_1799,42,46,1,1302919681,Disappointed,Terrible product. Arrived broken and smelled awful. Never again. Poor quality packaging. Items were damaged when received.
1801,B0044192,A785433,User_1800,13,36,5,1397174788,5 stars!,This product is absolutely amazing! Best purchase I have ever made. Outstanding product. Five stars without any hesitation.
1802,B0011847,A590055,User_1801,28,58,5,1171733637,Perfect!,Absolutely delicious and healthy. I cannot imagine my life without it. Fantastic taste and great value for money. Highly recommend!
1803,B0067870,A151336,User_1802,25,43,3,1252214203,Normal,Decent enough for the price. Not amazing but not terrible either. Average taste. Expected better but it is passable.
1804,B0010472,A151368,User_1803,37,53,5,1477247343,Good!,"This is the best food product I have tried in years. So delicious! Wonderful taste, great packaging, and arrived on time. Love it!"
1805,B0089429,A305840,User_1804,50,64,1,1171886493,Waste of money,Horrible product. Returned it immediately. Do not buy this. Very bad experience. Product did not match the description at all.
1806,B0045728,A242537,User_1805,31,60,4,1118850425,Good!,"Superb quality and flavor. This is now a staple in my household. Wonderful taste, great packaging, and arrived on time. Love it!"
1807,B0064601,A623862,User_1806,18,37,1,1449445020,Don't buy,Packaging was horrible and the product leaked everywhere. Tasted terrible. Threw it straight in the bin. Complete waste.
1808,B0051691,A823826,User_1807,4,29,5,1372979832,Amazing!,"Excellent product! The quality is outstanding and it tastes wonderful. Wonderful taste, great packaging, and arrived on time. Love it!"
1809,B0072724,A525948,User_1808,37,40,5,1291712985,Amazing!,Top notch quality. I am very satisfied with my purchase. Great quality and fast shipping. Will definitely buy again.
1810,B0071355,A799160,User_1809,42,68,5,1182916604,5 stars!,"Wonderful taste, great packaging, and arrived on time. Love it! This product is absolutely amazing! Best purchase I have ever made."
1811,B0070050,A276253,User_1810,50,77,5,1037146441,Amazing!,This is the best food product I have tried in years. So delicious! Perfect in every way. My family loves it and we keep buying more.
1812,B0016928,A652999,User_1811,9,32,4,1379656805,Amazing!,Incredible product at a very reasonable price. Highly recommended! Perfect in every way. My family loves it and we keep buying more.
1813,B0066882,A125295,User_1812,2,17,5,1108295632,Loved it!,The taste is divine and it keeps me energized throughout the day. I love this product so much. It exceeded all my expectations.
1814,B0021326,A461471,User_1813,6,34,3,1362771688,So so,
1815,B0028648,A985007,User_1814,36,49,5,1326563437,Highly recommend,"Wonderful taste, great packaging, and arrived on time. Love it! Perfectly packaged and freshly delivered. Very happy with this order."
1816,B0090585,A941237,User_1815,43,67,2,1467478706,Not recommended,The flavor is disgusting and the texture is completely off. Not worth a single penny. Quality is shockingly bad.
1817,B0077364,A800791,User_1816,19,21,5,1258811701,Amazing!,Perfect in every way. My family loves it and we keep buying more. Great purchase. The product tastes exactly as described.
1818,B0075552,A799377,User_1817,50,78,5,1201388903,Excellent!,Top notch quality. I am very satisfied with my purchase. Incredible product at a very reasonable price. Highly recommended!
1819,B0089516,A823847,User_1818,44,54,2,1378726381,Poor quality,Very disappointed. The taste was nothing like described. Poor quality packaging. Items were damaged when received.
1820,B0069475,A649330,User_1819,29,42,5,1132960248,Excellent!,Superb quality and flavor. This is now a staple in my household. Top notch quality. I am very satisfied with my purchase.
1821,B0030074,A584266,User_1820,5,29,3,1179158878,So so,It is fine. I have had better but also much worse. It is okay. Nothing special but does the job.
1822,B0081533,A587524,User_1821,39,56,5,1086449611,Highly recommend,"Wonderful taste, great packaging, and arrived on time. Love it! Outstanding product. Five stars without any hesitation."
1823,B0050149,A963272,User_1822,25,46,3,1330190114,Decent,Average taste. Expected better but it is passable. It is okay. Nothing special but does the job.
1824,B0030324,A614795,User_1823,3,11,4,1152643256,Great product!,Best snack I have ever had. My kids absolutely love it too. Top notch quality. I am very satisfied with my purchase.
1825,B0062282,A992482,User_1824,6,32,1,1223998975,Disgusting,Tasted terrible. Threw it straight in the bin. Complete waste. Very disappointed. The taste was nothing like described.
1826,B0078478,A619846,User_1825,47,65,4,1037754429,Great product!,Loved the flavor and texture. Will be ordering more very soon. Really good product. I order this every month for my family.
1827,B0018034,A923021,User_1826,33,37,1,1167660984,Disappointed,I regret buying this. The smell is awful and taste is worse. I regret buying this. The smell is awful and taste is worse.
1828,B0088477,A152169,User_1827,19,39,5,1070244723,Highly recommend,Loved the flavor and texture. Will be ordering more very soon. Perfect in every way. My family loves it and we keep buying more.
1829,B0027869,A188737,User_1828,4,4,5,1388166340,Great product!,This product is absolutely amazing! Best purchase I have ever made. Loved the flavor and texture. Will be ordering more very soon.
1830,B0077193,A391011,User_1829,13,16,4,1233209293,Loved it!,Fantastic taste and great value for money. Highly recommend! Best snack I have ever had. My kids absolutely love it too.
1831,B0029218,A803620,User_1830,7,16,5,1401491983,Good!,Best snack I have ever had. My kids absolutely love it too. Top notch quality. I am very satisfied with my purchase.
1832,B0062566,A717264,User_1831,43,57,5,1089968277,Fantastic!,Excellent product! The quality is outstanding and it tastes wonderful. Outstanding product. Five stars without any hesitation.
1833,B0019332,A586692,User_1832,40,40,3,1011685293,Decent,Middling product. Not excited to reorder but might anyway. Average product. Neither good nor bad. Just acceptable.
1834,B0094397,A240647,User_1833,30,39,5,1145556210,Wonderful!,Outstanding product. Five stars without any hesitation. Excellent product! The quality is outstanding and it tastes wonderful.
1835,B0059500,A831550,User_1834,42,50,5,1031971085,5 stars!,Fantastic taste and great value for money. Highly recommend! The taste is divine and it keeps me energized throughout the day.
1527,B0030430,A655457,User_1526,4,20,5,1197683420,Excellent!,Loved the flavor and texture. Will be ordering more very soon. Superb quality and flavor. This is now a staple in my household.
1837,B0025666,A631125,User_1836,37,46,5,1190142014,Good!,Fantastic taste and great value for money. Highly recommend! The taste is divine and it keeps me energized throughout the day.
1838,B0067350,A235729,User_1837,8,22,4,1075557774,5 stars!,Perfectly packaged and freshly delivered. Very happy with this order. Top notch quality. I am very satisfied with my purchase.
1839,B0013518,A205441,User_1838,22,38,3,1012037726,Decent,It is fine. I have had better but also much worse. Average taste. Expected better but it is passable.
1840,B0010171,A210290,User_1839,24,40,3,1213606119,Alright,"Meets basic expectations. Nothing stands out about it. It does what it says. Nothing more, nothing less."
1841,B0054774,A690524,User_1840,45,72,5,1424452016,Wonderful!,Perfect in every way. My family loves it and we keep buying more. Superb quality and flavor. This is now a staple in my household.
1842,B0035673,A452165,User_1841,25,27,2,1132106669,Awful,Product was stale and expired. Very unhappy with this purchase. Not worth a single penny. Quality is shockingly bad.
1843,B0074578,A547534,User_1842,42,47,3,1109786407,Passable,It is fine. I have had better but also much worse. Neither impressive nor disappointing. Just a regular purchase.
1844,B0019769,A778931,User_1843,44,54,5,1141444714,Highly recommend,Best snack I have ever had. My kids absolutely love it too. Best snack I have ever had. My kids absolutely love it too.
1845,B0094603,A787905,User_1844,2,2,5,1475208046,Great product!,The taste is divine and it keeps me energized throughout the day. Superb quality and flavor. This is now a staple in my household.
1846,B0077626,A910453,User_1845,31,60,3,1218837604,Average,"Decent enough for the price. Not amazing but not terrible either. It does what it says. Nothing more, nothing less."
1847,B0065606,A870964,User_1846,6,34,1,1040925454,Disappointed,The flavor is disgusting and the texture is completely off. Not worth a single penny. Quality is shockingly bad.
1848,B0014361,A729038,User_1847,39,47,3,1037016083,Okay,Neither impressive nor disappointing. Just a regular purchase. Neither impressive nor disappointing. Just a regular purchase.
1849,B0053868,A520722,User_1848,40,66,5,1283043749,Fantastic!,I love this product so much. It exceeded all my expectations. Top notch quality. I am very satisfied with my purchase.
1850,B0060750,A420768,User_1849,24,28,4,1321488137,Wonderful!,Excellent product! The quality is outstanding and it tastes wonderful. Really good product. I order this every month for my family.
1851,B0062142,A555096,User_1850,16,31,3,1267458384,Fine,Middling product. Not excited to reorder but might anyway. Meets basic expectations. Nothing stands out about it.
1852,B0081139,A129539,User_1851,27,53,5,1282167023,Highly recommend,"Wonderful taste, great packaging, and arrived on time. Love it! Outstanding product. Five stars without any hesitation."
1853,B0077542,A614700,User_1852,13,14,4,1266302078,Great product!,Very happy with this purchase. Arrived quickly and well packaged. I love this product so much. It exceeded all my expectations.
1854,B0011386,A571437,User_1853,36,53,1,1101390992,Waste of money,Disappointed and frustrated. This product ruined my meal. Terrible product. Arrived broken and smelled awful. Never again.
1855,B0036380,A312106,User_1854,13,31,3,1240960317,Fine,Okay product. Will consider alternatives next time. Decent enough for the price. Not amazing but not terrible either.
1856,B0019734,A766621,User_1855,35,62,1,1077268086,Disgusting,Extremely bitter and unpleasant. Could not eat it at all. The flavor is disgusting and the texture is completely off.
1857,B0094051,A433378,User_1856,4,22,5,1279859758,Excellent!,I love this product so much. It exceeded all my expectations. Top notch quality. I am very satisfied with my purchase.
1858,B0062614,A723510,User_1857,31,38,4,1096399530,Great product!,"Best snack I have ever had. My kids absolutely love it too. Wonderful taste, great packaging, and arrived on time. Love it!"
1859,B0059545,A479602,User_1858,18,47,4,1349345657,Loved it!,Incredible product at a very reasonable price. Highly recommended! Really good product. I order this every month for my family.
1860,B0050057,A509304,User_1859,10,40,1,1205298080,Very bad,Nothing as advertised. Feels like a scam. Very unhappy. I regret buying this. The smell is awful and taste is worse.
1861,B0071859,A829142,User_1860,39,55,5,1484222165,Perfect!,Incredible product at a very reasonable price. Highly recommended! The taste is divine and it keeps me energized throughout the day.
1862,B0085658,A936928,User_1861,30,59,4,1187544224,Fantastic!,Perfectly packaged and freshly delivered. Very happy with this order. Great quality and fast shipping. Will definitely buy again.
1863,B0058192,A690275,User_1862,26,34,3,1323857876,Normal,Average taste. Expected better but it is passable. It is okay. Nothing special but does the job.
1864,B0093358,A819162,User_1863,46,56,5,1479480208,Perfect!,Great quality and fast shipping. Will definitely buy again. Perfect in every way. My family loves it and we keep buying more.
1865,B0018402,A217512,User_1864,36,64,3,1445801071,Average,"It is okay. Nothing special but does the job. It does what it says. Nothing more, nothing less."
1866,B0028919,A721640,User_1865,38,61,4,1101250546,Excellent!,Great quality and fast shipping. Will definitely buy again. Superb quality and flavor. This is now a staple in my household.
1867,B0071107,A957143,User_1866,17,40,5,1353804207,Highly recommend,I love this product so much. It exceeded all my expectations. Incredible product at a very reasonable price. Highly recommended!
1868,B0086366,A275362,User_1867,27,42,5,1117312764,5 stars!,Great quality and fast shipping. Will definitely buy again. Loved the flavor and texture. Will be ordering more very soon.
1869,B0078641,A256548,User_1868,49,74,4,1371269631,Good!,Outstanding product. Five stars without any hesitation. This product is absolutely amazing! Best purchase I have ever made.
1870,B0035022,A138712,User_1869,35,50,1,1272509646,Terrible,Extremely bitter and unpleasant. Could not eat it at all. Very bad experience. Product did not match the description at all.
1871,B0026149,A471301,User_1870,35,39,5,1022047597,Excellent!,Absolutely delicious and healthy. I cannot imagine my life without it. Perfect in every way. My family loves it and we keep buying more.
1872,B0032832,A955590,User_1871,12,22,5,1154004322,5 stars!,Fantastic taste and great value for money. Highly recommend! Perfectly packaged and freshly delivered. Very happy with this order.
1873,B0044407,A985313,User_1872,37,37,5,1054980749,Great product!,Great quality and fast shipping. Will definitely buy again. Outstanding product. Five stars without any hesitation.
1874,B0027502,A225961,User_1873,46,53,4,1382197538,Good!,Incredible product at a very reasonable price. Highly recommended! The taste is divine and it keeps me energized throughout the day.
1875,B0082960,A314593,User_1874,11,20,1,1329086343,Poor quality,Very disappointed. The taste was nothing like described. Terrible product. Arrived broken and smelled awful. Never again.
1876,B0099746,A486290,User_1875,8,27,5,1035410240,Amazing!,Superb quality and flavor. This is now a staple in my household. Perfectly packaged and freshly delivered. Very happy with this order.
1877,B0057312,A520760,User_1876,34,40,4,1258215112,Amazing!,Fantastic taste and great value for money. Highly recommend! I love this product so much. It exceeded all my expectations.
1878,B0041224,A351824,User_1877,23,47,5,1045649534,Amazing!,Superb quality and flavor. This is now a staple in my household. Outstanding product. Five stars without any hesitation.
1879,B0058900,A997038,User_1878,44,61,5,1431884903,5 stars!,Outstanding product. Five stars without any hesitation. Best snack I have ever had. My kids absolutely love it too.
1880,B0098113,A864760,User_1879,31,39,5,1474760663,Fantastic!,Great quality and fast shipping. Will definitely buy again. Superb quality and flavor. This is now a staple in my household.
1881,B0099872,A974416,User_1880,47,64,5,1432395757,Amazing!,Perfect in every way. My family loves it and we keep buying more. Best snack I have ever had. My kids absolutely love it too.
1882,B0045396,A696570,User_1881,44,58,4,1206476239,Loved it!,Superb quality and flavor. This is now a staple in my household. Perfect in every way. My family loves it and we keep buying more.
1883,B0020905,A874402,User_1882,2,10,4,1025914597,Wonderful!,Top notch quality. I am very satisfied with my purchase. Fantastic taste and great value for money. Highly recommend!
1884,B0062285,A795096,User_1883,17,44,4,1131645504,Good!,"Absolutely delicious and healthy. I cannot imagine my life without it. Wonderful taste, great packaging, and arrived on time. Love it!"
1885,B0012360,A581887,User_1884,28,29,5,1108626384,Excellent!,Loved the flavor and texture. Will be ordering more very soon. This product is absolutely amazing! Best purchase I have ever made.
1886,B0021107,A935799,User_1885,3,24,5,1444675162,Perfect!,Absolutely delicious and healthy. I cannot imagine my life without it. Excellent product! The quality is outstanding and it tastes wonderful.
1887,B0085602,A396022,User_1886,48,76,4,1396202725,Fantastic!,Incredible product at a very reasonable price. Highly recommended! Superb quality and flavor. This is now a staple in my household.
1888,B0089158,A866096,User_1887,21,44,5,1431308943,Good!,This is the best food product I have tried in years. So delicious! The taste is divine and it keeps me energized throughout the day.
1889,B0021219,A656423,User_1888,6,23,1,1363662828,Terrible,Nothing as advertised. Feels like a scam. Very unhappy. Horrible product. Returned it immediately. Do not buy this.
1890,B0090845,A920443,User_1889,36,59,5,1124235761,Excellent!,"Wonderful taste, great packaging, and arrived on time. Love it! Incredible product at a very reasonable price. Highly recommended!"
1891,B0082924,A802775,User_1890,29,52,5,1032832510,Excellent!,Best snack I have ever had. My kids absolutely love it too. This is the best food product I have tried in years. So delicious!
1892,B0099248,A739433,User_1891,43,73,3,1270906883,Acceptable,"It does what it says. Nothing more, nothing less. Decent enough for the price. Not amazing but not terrible either."
1893,B0044300,A283194,User_1892,36,48,5,1437658192,5 stars!,Outstanding product. Five stars without any hesitation. Incredible product at a very reasonable price. Highly recommended!
1894,B0082897,A468790,User_1893,50,70,5,1200631167,Amazing!,This is the best food product I have tried in years. So delicious! Superb quality and flavor. This is now a staple in my household.
1895,B0012584,A147064,User_1894,36,57,1,1156699449,Awful,Very bad experience. Product did not match the description at all. Terrible product. Arrived broken and smelled awful. Never again.
1896,B0078458,A151073,User_1895,1,15,5,1151060118,Wonderful!,This is the best food product I have tried in years. So delicious! Excellent product! The quality is outstanding and it tastes wonderful.
1897,B0067670,A620082,User_1896,13,26,5,1046620370,Perfect!,Great quality and fast shipping. Will definitely buy again. Superb quality and flavor. This is now a staple in my household.
1898,B0010362,A474262,User_1897,28,33,5,1284080393,Great product!,I love this product so much. It exceeded all my expectations. This is the best food product I have tried in years. So delicious!
1899,B0025532,A210981,User_1898,14,34,5,1349022472,Highly recommend,This is the best food product I have tried in years. So delicious! This is the best food product I have tried in years. So delicious!
1900,B0071771,A545032,User_1899,41,42,5,1161792407,Great product!,Perfectly packaged and freshly delivered. Very happy with this order. Great quality and fast shipping. Will definitely buy again.
1901,B0010153,A589659,User_1900,35,57,5,1134110899,Good!,Best snack I have ever had. My kids absolutely love it too. Top notch quality. I am very satisfied with my purchase.
1902,B0077428,A883294,User_1901,34,56,4,1225292080,5 stars!,This is the best food product I have tried in years. So delicious! This is the best food product I have tried in years. So delicious!
1903,B0099804,A378589,User_1902,32,46,4,1350411092,Great product!,Outstanding product. Five stars without any hesitation. Superb quality and flavor. This is now a staple in my household.
1904,B0062479,A949843,User_1903,36,47,5,1431826908,5 stars!,I love this product so much. It exceeded all my expectations. Outstanding product. Five stars without any hesitation.
1905,B0073687,A857574,User_1904,18,22,1,1464403534,Waste of money,Tasted terrible. Threw it straight in the bin. Complete waste. Nothing as advertised. Feels like a scam. Very unhappy.
1906,B0023470,A650440,User_1905,41,52,5,1230792897,Excellent!,Perfectly packaged and freshly delivered. Very happy with this order. Superb quality and flavor. This is now a staple in my household.
1907,B0058105,A536276,User_1906,23,24,4,1029109967,Highly recommend,"Wonderful taste, great packaging, and arrived on time. Love it! Perfectly packaged and freshly delivered. Very happy with this order."
1908,B0032354,A770000,User_1907,38,44,4,1357003207,Great product!,Perfect in every way. My family loves it and we keep buying more. The taste is divine and it keeps me energized throughout the day.
1909,B0015165,A595854,User_1908,50,68,2,1097031022,Don't buy,Extremely bitter and unpleasant. Could not eat it at all. I regret buying this. The smell is awful and taste is worse.
1910,B0072854,A298324,User_1909,42,65,2,1363452776,Terrible,Worst purchase I have ever made. Do not waste your money. Nothing as advertised. Feels like a scam. Very unhappy.
1911,B0071255,A480744,User_1910,32,50,5,1008532539,Fantastic!,I love this product so much. It exceeded all my expectations. I love this product so much. It exceeded all my expectations.
1912,B0095047,A667636,User_1911,3,22,4,1338476261,Perfect!,Great purchase. The product tastes exactly as described. Incredible product at a very reasonable price. Highly recommended!
1913,B0023560,A226508,User_1912,17,23,5,1324748703,5 stars!,Best snack I have ever had. My kids absolutely love it too. Best snack I have ever had. My kids absolutely love it too.
1914,B0017184,A677761,User_1913,15,40,1,1492863784,Horrible,Product was stale and expired. Very unhappy with this purchase. Disappointed and frustrated. This product ruined my meal.
1915,B0071773,A237067,User_1914,47,50,1,1106953561,Horrible,The flavor is disgusting and the texture is completely off. Worst purchase I have ever made. Do not waste your money.
1916,B0047385,A866323,User_1915,5,16,1,1046794645,Horrible,Packaging was horrible and the product leaked everywhere. I regret buying this. The smell is awful and taste is worse.
1917,B0017630,A218495,User_1916,14,28,5,1119463507,Fantastic!,I love this product so much. It exceeded all my expectations. Superb quality and flavor. This is now a staple in my household.
1918,B0047353,A613869,User_1917,15,39,1,1252987413,Don't buy,Worst purchase I have ever made. Do not waste your money. Very bad experience. Product did not match the description at all.
1919,B0039633,A862250,User_1918,21,31,3,1488871482,Acceptable,Middling product. Not excited to reorder but might anyway. Decent enough for the price. Not amazing but not terrible either.
1920,B0039482,A620762,User_1919,31,51,5,1297064187,Fantastic!,Great purchase. The product tastes exactly as described. Great purchase. The product tastes exactly as described.
1921,B0065659,A374873,User_1920,10,13,3,1290064543,Okay,"It does what it says. Nothing more, nothing less. Decent enough for the price. Not amazing but not terrible either."
1922,B0081823,A634345,User_1921,2,28,4,1025919763,Highly recommend,Incredible product at a very reasonable price. Highly recommended! Loved the flavor and texture. Will be ordering more very soon.
1923,B0085888,A571098,User_1922,33,62,5,1392539203,Perfect!,Excellent product! The quality is outstanding and it tastes wonderful. I love this product so much. It exceeded all my expectations.
1924,B0058888,A395858,User_1923,44,61,5,1085011238,Excellent!,Great purchase. The product tastes exactly as described. Superb quality and flavor. This is now a staple in my household.
1925,B0068016,A623371,User_1924,37,56,5,1367302100,5 stars!,"Wonderful taste, great packaging, and arrived on time. Love it! Fantastic taste and great value for money. Highly recommend!"
1926,B0088263,A573040,User_1925,26,46,5,1487749859,Wonderful!,Great quality and fast shipping. Will definitely buy again. I love this product so much. It exceeded all my expectations.
1927,B0059716,A736708,User_1926,46,51,5,1035870535,Highly recommend,"Great purchase. The product tastes exactly as described. Wonderful taste, great packaging, and arrived on time. Love it!"
1928,B0069377,A350355,User_1927,9,37,2,1016865854,Very bad,Very bad experience. Product did not match the description at all. Disappointed and frustrated. This product ruined my meal.
1929,B0029879,A491974,User_1928,20,34,5,1311574038,Excellent!,The taste is divine and it keeps me energized throughout the day. Superb quality and flavor. This is now a staple in my household.
1930,B0094949,A744055,User_1929,19,34,4,1129007598,Loved it!,The taste is divine and it keeps me energized throughout the day. This is the best food product I have tried in years. So delicious!
1931,B0048492,A753211,User_1930,20,32,5,1499182413,Amazing!,The taste is divine and it keeps me energized throughout the day. Best snack I have ever had. My kids absolutely love it too.
1932,B0064038,A799051,User_1931,27,43,4,1223072109,Loved it!,Excellent product! The quality is outstanding and it tastes wonderful. Perfect in every way. My family loves it and we keep buying more.
2900,B0096787,A709710,User_2899,29,40,5,1104038445,Perfect!,Loved the flavor and texture. Will be ordering more very soon. Excellent product! The quality is outstanding and it tastes wonderful.
1934,B0097777,A449272,User_1933,10,19,5,1389159964,Loved it!,This is the best food product I have tried in years. So delicious! Loved the flavor and texture. Will be ordering more very soon.
1935,B0017039,A786403,User_1934,42,50,3,1388266290,Fine,Average taste. Expected better but it is passable. Middling product. Not excited to reorder but might anyway.
1936,B0052929,A676786,User_1935,38,66,5,1221832662,Good!,Very happy with this purchase. Arrived quickly and well packaged. Incredible product at a very reasonable price. Highly recommended!
1937,B0018830,A421802,User_1936,31,57,5,1267721806,Good!,Incredible product at a very reasonable price. Highly recommended! Incredible product at a very reasonable price. Highly recommended!
1938,B0022004,A326660,User_1937,27,50,1,1245717887,Disgusting,The flavor is disgusting and the texture is completely off. Worst purchase I have ever made. Do not waste your money.
1939,B0014585,A663134,User_1938,45,67,5,1420435649,Great product!,Perfect in every way. My family loves it and we keep buying more. Top notch quality. I am very satisfied with my purchase.
1940,B0084796,A346621,User_1939,16,18,3,1248988527,Not bad,Average product. Neither good nor bad. Just acceptable. It is fine. I have had better but also much worse.
1941,B0010066,A490954,User_1940,47,72,3,1244232995,Average,Average taste. Expected better but it is passable. Average product. Neither good nor bad. Just acceptable.
1942,B0016716,A505409,User_1941,21,29,5,1128939264,Perfect!,I love this product so much. It exceeded all my expectations. Really good product. I order this every month for my family.
1943,B0098642,A733770,User_1942,27,30,5,1458118209,Good!,Best snack I have ever had. My kids absolutely love it too. I love this product so much. It exceeded all my expectations.
1944,B0071470,A706799,User_1943,42,68,3,1223358591,Alright,Meets basic expectations. Nothing stands out about it. Okay product. Will consider alternatives next time.
1945,B0016684,A718926,User_1944,37,49,3,1183646397,Decent,It is okay. Nothing special but does the job. It is okay. Nothing special but does the job.
1946,B0023911,A592490,User_1945,9,24,3,1410837605,Not bad,"It does what it says. Nothing more, nothing less. It does what it says. Nothing more, nothing less."
1947,B0075059,A888241,User_1946,12,32,1,1244888432,Not recommended,I regret buying this. The smell is awful and taste is worse. Packaging was horrible and the product leaked everywhere.
1948,B0082780,A230228,User_1947,4,19,3,1202655429,So so,"Meets basic expectations. Nothing stands out about it. It does what it says. Nothing more, nothing less."
1949,B0057463,A286063,User_1948,44,52,4,1167048413,Excellent!,Very happy with this purchase. Arrived quickly and well packaged. Excellent product! The quality is outstanding and it tastes wonderful.
1950,B0013680,A467701,User_1949,33,54,5,1191706132,Wonderful!,The taste is divine and it keeps me energized throughout the day. Outstanding product. Five stars without any hesitation.
1951,B0033148,A251619,User_1950,31,56,3,1187149933,Not bad,"Average taste. Expected better but it is passable. It does what it says. Nothing more, nothing less."
1952,B0011549,A910571,User_1951,6,13,5,1160414448,Amazing!,Perfectly packaged and freshly delivered. Very happy with this order. Superb quality and flavor. This is now a staple in my household.
1953,B0058788,A137849,User_1952,15,36,5,1177609882,5 stars!,"Wonderful taste, great packaging, and arrived on time. Love it! Great purchase. The product tastes exactly as described."
1954,B0016300,A983271,User_1953,22,44,5,1331507049,Great product!,Excellent product! The quality is outstanding and it tastes wonderful. Top notch quality. I am very satisfied with my purchase.
1955,B0029476,A184152,User_1954,26,47,5,1475466427,Fantastic!,Perfect in every way. My family loves it and we keep buying more. Loved the flavor and texture. Will be ordering more very soon.
1956,B0055615,A741344,User_1955,3,20,5,1031231163,Excellent!,"Wonderful taste, great packaging, and arrived on time. Love it! This is the best food product I have tried in years. So delicious!"
1957,B0097179,A309869,User_1956,25,50,1,1111683817,Waste of money,Product was stale and expired. Very unhappy with this purchase. Tasted terrible. Threw it straight in the bin. Complete waste.
1958,B0047887,A164573,User_1957,31,54,4,1134321933,Amazing!,Absolutely delicious and healthy. I cannot imagine my life without it. This is the best food product I have tried in years. So delicious!
1959,B0084101,A830887,User_1958,14,32,5,1482923089,Excellent!,"Great quality and fast shipping. Will definitely buy again. Wonderful taste, great packaging, and arrived on time. Love it!"
1960,B0072069,A498423,User_1959,39,49,3,1270724813,Passable,"Meets basic expectations. Nothing stands out about it. It does what it says. Nothing more, nothing less."
1961,B0031426,A366519,User_1960,5,29,4,1059499656,Excellent!,Incredible product at a very reasonable price. Highly recommended! This product is absolutely amazing! Best purchase I have ever made.
1962,B0099925,A546468,User_1961,41,42,2,1329306199,Very bad,Disappointed and frustrated. This product ruined my meal. The flavor is disgusting and the texture is completely off.
1963,B0092145,A771520,User_1962,34,46,5,1177609584,Highly recommend,Superb quality and flavor. This is now a staple in my household. Incredible product at a very reasonable price. Highly recommended!
1964,B0040099,A706003,User_1963,21,34,3,1432676420,Normal,"It does what it says. Nothing more, nothing less. Average taste. Expected better but it is passable."
1965,B0099479,A229067,User_1964,48,78,4,1462174606,Good!,Outstanding product. Five stars without any hesitation. This product is absolutely amazing! Best purchase I have ever made.
1966,B0090972,A255927,User_1965,10,19,5,1373560023,Good!,Best snack I have ever had. My kids absolutely love it too. Absolutely delicious and healthy. I cannot imagine my life without it.
1967,B0033019,A500056,User_1966,47,50,4,1134281231,Amazing!,Outstanding product. Five stars without any hesitation. Outstanding product. Five stars without any hesitation.
1968,B0014295,A949195,User_1967,47,75,1,1108470664,Not recommended,Nothing as advertised. Feels like a scam. Very unhappy. Tasted terrible. Threw it straight in the bin. Complete waste.
1969,B0020735,A614748,User_1968,46,68,4,1192322295,Perfect!,I love this product so much. It exceeded all my expectations. I love this product so much. It exceeded all my expectations.
1970,B0011566,A217373,User_1969,38,67,1,1414205537,Don't buy,Nothing as advertised. Feels like a scam. Very unhappy. Terrible product. Arrived broken and smelled awful. Never again.
1971,B0098418,A705375,User_1970,19,44,5,1396789866,Fantastic!,The taste is divine and it keeps me energized throughout the day. Absolutely delicious and healthy. I cannot imagine my life without it.
1972,B0032563,A193372,User_1971,29,35,5,1387576134,Amazing!,Best snack I have ever had. My kids absolutely love it too. This product is absolutely amazing! Best purchase I have ever made.
1973,B0091278,A696217,User_1972,27,29,5,1059613756,Amazing!,The taste is divine and it keeps me energized throughout the day. Loved the flavor and texture. Will be ordering more very soon.
1974,B0071691,A540641,User_1973,18,47,5,1057916922,Wonderful!,Great purchase. The product tastes exactly as described. Incredible product at a very reasonable price. Highly recommended!
1975,B0057772,A713698,User_1974,31,54,1,1484119389,Terrible,Extremely bitter and unpleasant. Could not eat it at all. Worst purchase I have ever made. Do not waste your money.
1976,B0091837,A703136,User_1975,14,32,4,1027123743,Wonderful!,Superb quality and flavor. This is now a staple in my household. Incredible product at a very reasonable price. Highly recommended!
1977,B0089042,A298337,User_1976,30,48,3,1075006269,Normal,"Neither impressive nor disappointing. Just a regular purchase. It does what it says. Nothing more, nothing less."
1978,B0072045,A321059,User_1977,6,23,5,1204987348,Great product!,"Wonderful taste, great packaging, and arrived on time. Love it! Really good product. I order this every month for my family."
1979,B0045262,A487512,User_1978,9,21,5,1335148059,Great product!,Loved the flavor and texture. Will be ordering more very soon. The taste is divine and it keeps me energized throughout the day.
1980,B0094989,A350583,User_1979,49,64,5,1109692802,Good!,Loved the flavor and texture. Will be ordering more very soon. Best snack I have ever had. My kids absolutely love it too.
1981,B0070386,A811190,User_1980,20,42,5,1308270369,Good!,"Wonderful taste, great packaging, and arrived on time. Love it! Really good product. I order this every month for my family."
1982,B0098400,A139396,User_1981,48,65,5,1169186355,Loved it!,Great purchase. The product tastes exactly as described. This product is absolutely amazing! Best purchase I have ever made.
1983,B0095714,A323228,User_1982,20,34,1,1199428117,Disappointed,Extremely bitter and unpleasant. Could not eat it at all. Packaging was horrible and the product leaked everywhere.
1984,B0096980,A757576,User_1983,6,19,2,1110285922,Very bad,Extremely bitter and unpleasant. Could not eat it at all. Extremely bitter and unpleasant. Could not eat it at all.
1985,B0053746,A180008,User_1984,33,56,1,1126185764,Not recommended,Nothing as advertised. Feels like a scam. Very unhappy. Poor quality packaging. Items were damaged when received.
1986,B0093886,A357232,User_1985,27,42,4,1441622098,Good!,Very happy with this purchase. Arrived quickly and well packaged. Top notch quality. I am very satisfied with my purchase.
1987,B0040155,A901799,User_1986,26,38,5,1026476473,Perfect!,Best snack I have ever had. My kids absolutely love it too. Loved the flavor and texture. Will be ordering more very soon.
1988,B0088531,A682078,User_1987,33,43,5,1288490926,Amazing!,Fantastic taste and great value for money. Highly recommend! Great purchase. The product tastes exactly as described.
1989,B0065346,A601628,User_1988,18,34,5,1331930557,Highly recommend,Superb quality and flavor. This is now a staple in my household. The taste is divine and it keeps me energized throughout the day.
1990,B0052112,A683859,User_1989,33,52,2,1392765898,Horrible,Not worth a single penny. Quality is shockingly bad. Very bad experience. Product did not match the description at all.
1991,B0087988,A327278,User_1990,10,26,5,1403247828,Highly recommend,Top notch quality. I am very satisfied with my purchase. Very happy with this purchase. Arrived quickly and well packaged.
1992,B0069153,A141529,User_1991,11,15,1,1072635487,Waste of money,Packaging was horrible and the product leaked everywhere. Terrible product. Arrived broken and smelled awful. Never again.
1993,B0050531,A436526,User_1992,44,47,5,1103154746,Loved it!,"This product is absolutely amazing! Best purchase I have ever made. Wonderful taste, great packaging, and arrived on time. Love it!"
1994,B0043345,A772550,User_1993,29,48,4,1371056981,Fantastic!,Really good product. I order this every month for my family. Fantastic taste and great value for money. Highly recommend!
1995,B0031888,A512420,User_1994,40,40,5,1133943381,5 stars!,Superb quality and flavor. This is now a staple in my household. Incredible product at a very reasonable price. Highly recommended!
1996,B0055422,A656132,User_1995,46,55,3,1101249697,Passable,Average taste. Expected better but it is passable. Average taste. Expected better but it is passable.
1997,B0029837,A239046,User_1996,37,41,5,1350469941,Great product!,Absolutely delicious and healthy. I cannot imagine my life without it. This is the best food product I have tried in years. So delicious!
1998,B0060276,A640645,User_1997,36,39,5,1471790439,Amazing!,Very happy with this purchase. Arrived quickly and well packaged. This is the best food product I have tried in years. So delicious!
1999,B0096914,A936598,User_1998,36,60,5,1044154944,5 stars!,Best snack I have ever had. My kids absolutely love it too. The taste is divine and it keeps me energized throughout the day.
2000,B0098893,A873894,User_1999,10,10,3,1110474609,Fine,Middling product. Not excited to reorder but might anyway. Average taste. Expected better but it is passable.
2001,B0099188,A858852,User_2000,9,14,2,1196077842,Not recommended,Worst purchase I have ever made. Do not waste your money. Very disappointed. The taste was nothing like described.
2002,B0090678,A920958,User_2001,8,24,4,1364382329,Good!,This product is absolutely amazing! Best purchase I have ever made. Really good product. I order this every month for my family.
2003,B0043805,A600633,User_2002,19,35,1,1400079980,Horrible,Nothing as advertised. Feels like a scam. Very unhappy. Tasted terrible. Threw it straight in the bin. Complete waste.
2004,B0097680,A492074,User_2003,49,61,1,1037491320,Waste of money,Worst purchase I have ever made. Do not waste your money. Extremely bitter and unpleasant. Could not eat it at all.
771,B0057553,A639297,User_770,31,54,5,1431217253,Loved it!,The taste is divine and it keeps me energized throughout the day. This is the best food product I have tried in years. So delicious!
2006,B0031726,A346857,User_2005,27,44,3,1351556611,Decent,"It does what it says. Nothing more, nothing less. Decent enough for the price. Not amazing but not terrible either."
2007,B0017360,A445426,User_2006,11,11,5,1279184425,5 stars!,This is the best food product I have tried in years. So delicious! Fantastic taste and great value for money. Highly recommend!
2008,B0046868,A984057,User_2007,39,56,3,1169061176,Fine,It is fine. I have had better but also much worse. Okay product. Will consider alternatives next time.
2009,B0020928,A447584,User_2008,47,47,3,1180582528,Decent,"It does what it says. Nothing more, nothing less. Neither impressive nor disappointing. Just a regular purchase."
2010,B0063013,A286579,User_2009,37,46,5,1400887914,Good!,Superb quality and flavor. This is now a staple in my household. Best snack I have ever had. My kids absolutely love it too.
2011,B0047252,A544098,User_2010,17,18,4,1421693794,Fantastic!,Superb quality and flavor. This is now a staple in my household. This is the best food product I have tried in years. So delicious!
2012,B0024811,A823041,User_2011,17,37,4,1015296453,Amazing!,Loved the flavor and texture. Will be ordering more very soon. Absolutely delicious and healthy. I cannot imagine my life without it.
2013,B0055773,A280003,User_2012,40,54,5,1249381942,Fantastic!,The taste is divine and it keeps me energized throughout the day. This product is absolutely amazing! Best purchase I have ever made.
2014,B0037680,A155850,User_2013,23,23,4,1012261069,Good!,Loved the flavor and texture. Will be ordering more very soon. Incredible product at a very reasonable price. Highly recommended!
2015,B0067777,A242345,User_2014,26,52,5,1076910071,Great product!,Perfect in every way. My family loves it and we keep buying more. Excellent product! The quality is outstanding and it tastes wonderful.
2016,B0048236,A727282,User_2015,20,23,2,1202140526,Terrible,Terrible product. Arrived broken and smelled awful. Never again. Packaging was horrible and the product leaked everywhere.
2017,B0015157,A808351,User_2016,43,70,3,1134431973,Normal,"Average taste. Expected better but it is passable. It does what it says. Nothing more, nothing less."
2018,B0099120,A390209,User_2017,0,30,3,1009322207,Alright,Decent enough for the price. Not amazing but not terrible either. Middling product. Not excited to reorder but might anyway.
2019,B0058023,A913225,User_2018,4,10,2,1232016632,Terrible,Nothing as advertised. Feels like a scam. Very unhappy. Horrible product. Returned it immediately. Do not buy this.
2020,B0022178,A675522,User_2019,5,10,2,1074418126,Awful,Extremely bitter and unpleasant. Could not eat it at all. Poor quality packaging. Items were damaged when received.
2021,B0034596,A614808,User_2020,26,31,5,1429647427,Perfect!,This is the best food product I have tried in years. So delicious! Perfectly packaged and freshly delivered. Very happy with this order.
2022,B0041241,A365899,User_2021,22,25,5,1427157019,Perfect!,"This product is absolutely amazing! Best purchase I have ever made. Wonderful taste, great packaging, and arrived on time. Love it!"
2023,B0070107,A603373,User_2022,7,36,5,1226874239,Great product!,The taste is divine and it keeps me energized throughout the day. I love this product so much. It exceeded all my expectations.
2024,B0090295,A628671,User_2023,40,70,5,1007626651,Fantastic!,I love this product so much. It exceeded all my expectations. Excellent product! The quality is outstanding and it tastes wonderful.
2025,B0040116,A229908,User_2024,29,31,5,1206967604,5 stars!,Excellent product! The quality is outstanding and it tastes wonderful. This product is absolutely amazing! Best purchase I have ever made.
2026,B0068214,A219261,User_2025,19,20,3,1236231996,Decent,"It does what it says. Nothing more, nothing less. Average taste. Expected better but it is passable."
2027,B0065541,A295346,User_2026,36,46,5,1151097394,Highly recommend,"Wonderful taste, great packaging, and arrived on time. Love it! Excellent product! The quality is outstanding and it tastes wonderful."
2028,B0061835,A685661,User_2027,18,26,5,1385098234,Highly recommend,Very happy with this purchase. Arrived quickly and well packaged. This is the best food product I have tried in years. So delicious!
2029,B0085160,A265301,User_2028,37,48,1,1056974686,Horrible,Product was stale and expired. Very unhappy with this purchase. Very disappointed. The taste was nothing like described.
2030,B0089681,A522818,User_2029,37,49,5,1171705384,Good!,Best snack I have ever had. My kids absolutely love it too. Top notch quality. I am very satisfied with my purchase.
2031,B0068627,A719593,User_2030,41,66,5,1339432347,5 stars!,The taste is divine and it keeps me energized throughout the day. Very happy with this purchase. Arrived quickly and well packaged.
2032,B0059718,A996001,User_2031,35,61,1,1066194071,Don't buy,Product was stale and expired. Very unhappy with this purchase. Worst purchase I have ever made. Do not waste your money.
2033,B0079936,A796729,User_2032,16,22,2,1400693619,Disappointed,Product was stale and expired. Very unhappy with this purchase. Very disappointed. The taste was nothing like described.
2034,B0025101,A717856,User_2033,8,22,5,1442864202,Wonderful!,Great quality and fast shipping. Will definitely buy again. Fantastic taste and great value for money. Highly recommend!
2035,B0098612,A306535,User_2034,2,12,5,1159425808,Fantastic!,Superb quality and flavor. This is now a staple in my household. The taste is divine and it keeps me energized throughout the day.
2036,B0059377,A404488,User_2035,26,41,1,1164126620,Not recommended,Tasted terrible. Threw it straight in the bin. Complete waste. The flavor is disgusting and the texture is completely off.
2037,B0010628,A882246,User_2036,10,24,5,1437531797,Amazing!,Fantastic taste and great value for money. Highly recommend! Excellent product! The quality is outstanding and it tastes wonderful.
2038,B0079493,A486284,User_2037,36,58,5,1272217696,Fantastic!,This product is absolutely amazing! Best purchase I have ever made. Top notch quality. I am very satisfied with my purchase.
2039,B0051973,A228157,User_2038,46,57,5,1256362291,Amazing!,Absolutely delicious and healthy. I cannot imagine my life without it. Loved the flavor and texture. Will be ordering more very soon.
2040,B0055023,A574016,User_2039,14,38,5,1234601549,Good!,Loved the flavor and texture. Will be ordering more very soon. Absolutely delicious and healthy. I cannot imagine my life without it.
2041,B0075064,A341967,User_2040,49,57,3,1084388894,So so,Meets basic expectations. Nothing stands out about it. Average product. Neither good nor bad. Just acceptable.
2042,B0021587,A698302,User_2041,32,37,3,1057639763,Decent,Neither impressive nor disappointing. Just a regular purchase. Middling product. Not excited to reorder but might anyway.
2043,B0070005,A273227,User_2042,48,52,3,1485583222,Passable,Middling product. Not excited to reorder but might anyway. Meets basic expectations. Nothing stands out about it.
2044,B0049476,A939535,User_2043,50,74,4,1225520965,Amazing!,Really good product. I order this every month for my family. Great quality and fast shipping. Will definitely buy again.
2045,B0088474,A233729,User_2044,29,29,5,1153356743,Highly recommend,Superb quality and flavor. This is now a staple in my household. Top notch quality. I am very satisfied with my purchase.
2046,B0096153,A244121,User_2045,19,21,1,1301982944,Awful,Worst purchase I have ever made. Do not waste your money. Disappointed and frustrated. This product ruined my meal.
2047,B0016085,A707135,User_2046,9,30,4,1131363417,Loved it!,Very happy with this purchase. Arrived quickly and well packaged. Great purchase. The product tastes exactly as described.
2048,B0057601,A331764,User_2047,22,25,5,1394471567,Highly recommend,Superb quality and flavor. This is now a staple in my household. This product is absolutely amazing! Best purchase I have ever made.
2049,B0078283,A186721,User_2048,29,51,5,1136888935,Excellent!,Absolutely delicious and healthy. I cannot imagine my life without it. Very happy with this purchase. Arrived quickly and well packaged.
2050,B0049095,A561893,User_2049,48,77,5,1354819349,5 stars!,Fantastic taste and great value for money. Highly recommend! Absolutely delicious and healthy. I cannot imagine my life without it.
2051,B0090658,A776110,User_2050,25,42,5,1072912312,Fantastic!,"Really good product. I order this every month for my family. Wonderful taste, great packaging, and arrived on time. Love it!"
2052,B0061247,A582439,User_2051,38,43,4,1243291597,Loved it!,Loved the flavor and texture. Will be ordering more very soon. The taste is divine and it keeps me energized throughout the day.
2053,B0077660,A635490,User_2052,0,19,1,1374340363,Don't buy,The flavor is disgusting and the texture is completely off. The flavor is disgusting and the texture is completely off.
2054,B0076733,A552462,User_2053,31,37,5,1471775456,Highly recommend,Absolutely delicious and healthy. I cannot imagine my life without it. I love this product so much. It exceeded all my expectations.
2055,B0020333,A451951,User_2054,24,44,4,1448436979,5 stars!,"Wonderful taste, great packaging, and arrived on time. Love it! Great purchase. The product tastes exactly as described."
2056,B0046049,A108467,User_2055,43,69,5,1478608420,Excellent!,"Perfect in every way. My family loves it and we keep buying more. Wonderful taste, great packaging, and arrived on time. Love it!"
2057,B0045765,A931747,User_2056,25,46,5,1310793977,Highly recommend,This is the best food product I have tried in years. So delicious! Great purchase. The product tastes exactly as described.
2058,B0087100,A356161,User_2057,43,66,4,1243530920,5 stars!,Fantastic taste and great value for money. Highly recommend! Top notch quality. I am very satisfied with my purchase.
2059,B0090252,A695232,User_2058,8,26,5,1133814101,5 stars!,Absolutely delicious and healthy. I cannot imagine my life without it. This product is absolutely amazing! Best purchase I have ever made.
2060,B0014569,A782646,User_2059,27,51,5,1029276524,Excellent!,Top notch quality. I am very satisfied with my purchase. This product is absolutely amazing! Best purchase I have ever made.
2061,B0077568,A390353,User_2060,28,44,4,1093557751,Fantastic!,Great purchase. The product tastes exactly as described. This is the best food product I have tried in years. So delicious!
2062,B0017643,A818966,User_2061,50,55,5,1313066770,Great product!,Loved the flavor and texture. Will be ordering more very soon. Really good product. I order this every month for my family.
2063,B0037713,A856255,User_2062,0,10,3,1151329735,Decent,Meets basic expectations. Nothing stands out about it. Neither impressive nor disappointing. Just a regular purchase.
2064,B0054224,A950516,User_2063,39,62,3,1028819283,Alright,Middling product. Not excited to reorder but might anyway. Average taste. Expected better but it is passable.
2065,B0075970,A984990,User_2064,2,5,3,1234495694,Acceptable,Neither impressive nor disappointing. Just a regular purchase. It is okay. Nothing special but does the job.
2066,B0062529,A560720,User_2065,43,54,3,1304290683,Passable,It is fine. I have had better but also much worse. Okay product. Will consider alternatives next time.
2067,B0032402,A491665,User_2066,17,22,4,1175659588,Perfect!,"Really good product. I order this every month for my family. Wonderful taste, great packaging, and arrived on time. Love it!"
2068,B0047125,A977131,User_2067,19,39,5,1442946908,5 stars!,Great purchase. The product tastes exactly as described. This product is absolutely amazing! Best purchase I have ever made.
2069,B0015915,A894857,User_2068,47,59,4,1256616689,Perfect!,Fantastic taste and great value for money. Highly recommend! Superb quality and flavor. This is now a staple in my household.
2070,B0098321,A775461,User_2069,46,50,4,1492969203,Highly recommend,I love this product so much. It exceeded all my expectations. Incredible product at a very reasonable price. Highly recommended!
2071,B0056594,A779867,User_2070,44,63,5,1090663990,Wonderful!,Great purchase. The product tastes exactly as described. This is the best food product I have tried in years. So delicious!
2072,B0068223,A158175,User_2071,4,14,5,1185154220,Good!,Best snack I have ever had. My kids absolutely love it too. The taste is divine and it keeps me energized throughout the day.
2073,B0043487,A431628,User_2072,32,55,4,1090048707,Excellent!,Perfect in every way. My family loves it and we keep buying more. Perfectly packaged and freshly delivered. Very happy with this order.
2074,B0044803,A441475,User_2073,11,41,5,1357929841,Good!,"Wonderful taste, great packaging, and arrived on time. Love it! Great purchase. The product tastes exactly as described."
2075,B0053345,A605786,User_2074,27,57,2,1018026636,Very bad,I regret buying this. The smell is awful and taste is worse. Tasted terrible. Threw it straight in the bin. Complete waste.
2076,B0013513,A826372,User_2075,39,55,5,1084655482,Amazing!,Very happy with this purchase. Arrived quickly and well packaged. The taste is divine and it keeps me energized throughout the day.
2077,B0084047,A792234,User_2076,30,36,5,1122884276,Fantastic!,Outstanding product. Five stars without any hesitation. Great quality and fast shipping. Will definitely buy again.
2078,B0090897,A618991,User_2077,17,33,2,1397567402,Not recommended,Nothing as advertised. Feels like a scam. Very unhappy. Product was stale and expired. Very unhappy with this purchase.
2079,B0085701,A859976,User_2078,17,17,1,1428211971,Awful,Very bad experience. Product did not match the description at all. Nothing as advertised. Feels like a scam. Very unhappy.
2080,B0083117,A605954,User_2079,17,31,5,1416065977,Amazing!,This product is absolutely amazing! Best purchase I have ever made. Great purchase. The product tastes exactly as described.
2081,B0067243,A918911,User_2080,1,23,5,1193930899,Loved it!,Really good product. I order this every month for my family. Fantastic taste and great value for money. Highly recommend!
2082,B0037407,A986079,User_2081,29,47,5,1272326304,Fantastic!,I love this product so much. It exceeded all my expectations. Perfectly packaged and freshly delivered. Very happy with this order.
2083,B0033941,A689870,User_2082,35,35,5,1332862102,Wonderful!,Perfectly packaged and freshly delivered. Very happy with this order. Really good product. I order this every month for my family.
2084,B0043873,A182709,User_2083,29,56,5,1110727019,Highly recommend,Really good product. I order this every month for my family. Superb quality and flavor. This is now a staple in my household.
2085,B0059005,A580960,User_2084,43,55,2,1243712894,Not recommended,Worst purchase I have ever made. Do not waste your money. Extremely bitter and unpleasant. Could not eat it at all.
2086,B0041914,A415260,User_2085,35,46,4,1248086431,Wonderful!,Great quality and fast shipping. Will definitely buy again. The taste is divine and it keeps me energized throughout the day.
2087,B0051594,A313741,User_2086,48,58,5,1412537192,Amazing!,Best snack I have ever had. My kids absolutely love it too. Superb quality and flavor. This is now a staple in my household.
2088,B0029052,A177766,User_2087,37,42,5,1059945185,Fantastic!,Top notch quality. I am very satisfied with my purchase. This product is absolutely amazing! Best purchase I have ever made.
2089,B0067851,A231637,User_2088,48,57,5,1086333153,Good!,The taste is divine and it keeps me energized throughout the day. Great purchase. The product tastes exactly as described.
2090,B0087484,A801830,User_2089,8,20,5,1200918276,Perfect!,Loved the flavor and texture. Will be ordering more very soon. Outstanding product. Five stars without any hesitation.
2091,B0024323,A415902,User_2090,13,16,5,1293237809,Loved it!,Fantastic taste and great value for money. Highly recommend! Fantastic taste and great value for money. Highly recommend!
2092,B0022736,A321965,User_2091,26,37,5,1097032267,Perfect!,Excellent product! The quality is outstanding and it tastes wonderful. Excellent product! The quality is outstanding and it tastes wonderful.
2093,B0025277,A416470,User_2092,20,44,2,1288306629,Awful,Nothing as advertised. Feels like a scam. Very unhappy. Disappointed and frustrated. This product ruined my meal.
2094,B0021865,A771863,User_2093,25,40,5,1141984946,Loved it!,Fantastic taste and great value for money. Highly recommend! Really good product. I order this every month for my family.
2095,B0017438,A434773,User_2094,11,23,1,1284929075,Not recommended,Product was stale and expired. Very unhappy with this purchase. Horrible product. Returned it immediately. Do not buy this.
2096,B0077905,A316421,User_2095,43,72,5,1411517202,Highly recommend,Incredible product at a very reasonable price. Highly recommended! Really good product. I order this every month for my family.
2097,B0058751,A466731,User_2096,12,32,5,1300293015,Excellent!,The taste is divine and it keeps me energized throughout the day. Great purchase. The product tastes exactly as described.
2098,B0019282,A359664,User_2097,36,59,4,1323510888,Fantastic!,Outstanding product. Five stars without any hesitation. Perfect in every way. My family loves it and we keep buying more.
2099,B0080022,A627333,User_2098,36,56,5,1479968860,Highly recommend,This product is absolutely amazing! Best purchase I have ever made. Really good product. I order this every month for my family.
2100,B0042805,A829460,User_2099,50,70,4,1045436645,Fantastic!,I love this product so much. It exceeded all my expectations. Superb quality and flavor. This is now a staple in my household.
2101,B0063786,A180207,User_2100,23,46,5,1317688417,Wonderful!,Best snack I have ever had. My kids absolutely love it too. Very happy with this purchase. Arrived quickly and well packaged.
2102,B0098791,A172047,User_2101,8,17,3,1359648173,Normal,Decent enough for the price. Not amazing but not terrible either. It is fine. I have had better but also much worse.
2103,B0065612,A823448,User_2102,15,36,5,1477996828,Wonderful!,This product is absolutely amazing! Best purchase I have ever made. Very happy with this purchase. Arrived quickly and well packaged.
2104,B0077066,A446476,User_2103,41,44,5,1444126017,Perfect!,Outstanding product. Five stars without any hesitation. Excellent product! The quality is outstanding and it tastes wonderful.
2105,B0089913,A618996,User_2104,29,52,1,1385647761,Disappointed,Horrible product. Returned it immediately. Do not buy this. The flavor is disgusting and the texture is completely off.
2106,B0082601,A468803,User_2105,30,57,3,1316468624,Alright,It is okay. Nothing special but does the job. It is okay. Nothing special but does the job.
2107,B0097596,A133195,User_2106,41,58,4,1161144987,Fantastic!,Great purchase. The product tastes exactly as described. This is the best food product I have tried in years. So delicious!
2108,B0052140,A998680,User_2107,18,43,2,1445684104,Terrible,Packaging was horrible and the product leaked everywhere. Packaging was horrible and the product leaked everywhere.
2109,B0088178,A716154,User_2108,40,60,5,1323921279,Perfect!,Great quality and fast shipping. Will definitely buy again. Superb quality and flavor. This is now a staple in my household.
2110,B0039146,A247558,User_2109,48,74,5,1192326752,Amazing!,Fantastic taste and great value for money. Highly recommend! Fantastic taste and great value for money. Highly recommend!
2111,B0031750,A581744,User_2110,42,52,5,1044318775,Excellent!,Fantastic taste and great value for money. Highly recommend! Excellent product! The quality is outstanding and it tastes wonderful.
2112,B0020010,A265592,User_2111,6,16,5,1206208393,Amazing!,Outstanding product. Five stars without any hesitation. Loved the flavor and texture. Will be ordering more very soon.
2113,B0041819,A152600,User_2112,48,56,5,1364373391,Loved it!,I love this product so much. It exceeded all my expectations. Top notch quality. I am very satisfied with my purchase.
2114,B0056788,A748964,User_2113,36,44,5,1389354097,Amazing!,Top notch quality. I am very satisfied with my purchase. Really good product. I order this every month for my family.
2115,B0085612,A384870,User_2114,14,42,5,1179214754,Good!,Perfect in every way. My family loves it and we keep buying more. Perfect in every way. My family loves it and we keep buying more.
1927,B0059716,A736708,User_1926,46,51,5,1035870535,Highly recommend,"Great purchase. The product tastes exactly as described. Wonderful taste, great packaging, and arrived on time. Love it!"
2117,B0025438,A136322,User_2116,9,28,5,1312661476,Highly recommend,"Top notch quality. I am very satisfied with my purchase. Wonderful taste, great packaging, and arrived on time. Love it!"
2118,B0075546,A868682,User_2117,13,31,5,1036088273,Good!,Absolutely delicious and healthy. I cannot imagine my life without it. This is the best food product I have tried in years. So delicious!
2119,B0097295,A925457,User_2118,46,62,5,1402191526,5 stars!,The taste is divine and it keeps me energized throughout the day. This product is absolutely amazing! Best purchase I have ever made.
2120,B0037478,A297232,User_2119,10,21,1,1379497495,Disgusting,Extremely bitter and unpleasant. Could not eat it at all. Nothing as advertised. Feels like a scam. Very unhappy.
2121,B0016857,A499019,User_2120,23,35,5,1376019521,Perfect!,The taste is divine and it keeps me energized throughout the day. Best snack I have ever had. My kids absolutely love it too.
2122,B0096386,A720258,User_2121,30,58,3,1313520146,Decent,It is fine. I have had better but also much worse. Decent enough for the price. Not amazing but not terrible either.
2123,B0069501,A835921,User_2122,13,20,5,1148336632,Amazing!,I love this product so much. It exceeded all my expectations. Really good product. I order this every month for my family.
2124,B0036025,A996158,User_2123,31,45,5,1168345166,5 stars!,Perfectly packaged and freshly delivered. Very happy with this order. Fantastic taste and great value for money. Highly recommend!
2125,B0095306,A491286,User_2124,23,44,5,1448937303,Loved it!,This product is absolutely amazing! Best purchase I have ever made. Best snack I have ever had. My kids absolutely love it too.
2126,B0046044,A572600,User_2125,35,65,4,1438354931,Amazing!,Fantastic taste and great value for money. Highly recommend! Really good product. I order this every month for my family.
2127,B0079713,A774918,User_2126,36,52,4,1211303658,Wonderful!,Incredible product at a very reasonable price. Highly recommended! I love this product so much. It exceeded all my expectations.
809,B0076419,A239011,User_808,16,18,1,1433211745,Disappointed,Nothing as advertised. Feels like a scam. Very unhappy. Horrible product. Returned it immediately. Do not buy this.
2129,B0015227,A537995,User_2128,17,19,5,1157413706,Perfect!,Great quality and fast shipping. Will definitely buy again. Perfectly packaged and freshly delivered. Very happy with this order.
2130,B0030473,A295510,User_2129,33,42,1,1160270549,Not recommended,I regret buying this. The smell is awful and taste is worse. Horrible product. Returned it immediately. Do not buy this.
2131,B0029372,A741530,User_2130,6,23,5,1232228336,Wonderful!,Outstanding product. Five stars without any hesitation. Outstanding product. Five stars without any hesitation.
2132,B0096067,A369045,User_2131,30,33,3,1134980748,Fine,It is okay. Nothing special but does the job. Okay product. Will consider alternatives next time.
2133,B0064865,A306652,User_2132,37,43,4,1412024407,Perfect!,Loved the flavor and texture. Will be ordering more very soon. Very happy with this purchase. Arrived quickly and well packaged.
2134,B0044694,A309156,User_2133,27,54,4,1172566256,Fantastic!,"Wonderful taste, great packaging, and arrived on time. Love it! The taste is divine and it keeps me energized throughout the day."
2135,B0030298,A704627,User_2134,16,40,3,1077513229,Okay,"It is fine. I have had better but also much worse. It does what it says. Nothing more, nothing less."
2136,B0055372,A205297,User_2135,32,47,5,1127913015,5 stars!,This is the best food product I have tried in years. So delicious! Loved the flavor and texture. Will be ordering more very soon.
2137,B0090766,A526704,User_2136,17,38,5,1442739408,5 stars!,"Wonderful taste, great packaging, and arrived on time. Love it! This is the best food product I have tried in years. So delicious!"
2138,B0074925,A661869,User_2137,31,31,4,1313628597,Highly recommend,"Wonderful taste, great packaging, and arrived on time. Love it! Top notch quality. I am very satisfied with my purchase."
2139,B0096861,A495908,User_2138,11,13,5,1003170250,Highly recommend,Best snack I have ever had. My kids absolutely love it too. Loved the flavor and texture. Will be ordering more very soon.
2140,B0027597,A966945,User_2139,21,41,1,1016198627,Poor quality,Tasted terrible. Threw it straight in the bin. Complete waste. Product was stale and expired. Very unhappy with this purchase.
2141,B0011134,A929414,User_2140,48,55,1,1138420104,Very bad,Horrible product. Returned it immediately. Do not buy this. Poor quality packaging. Items were damaged when received.
2142,B0053902,A582986,User_2141,30,33,5,1038950145,Perfect!,"Best snack I have ever had. My kids absolutely love it too. Wonderful taste, great packaging, and arrived on time. Love it!"
2143,B0053500,A104995,User_2142,43,47,1,1198857672,Disgusting,Disappointed and frustrated. This product ruined my meal. Very bad experience. Product did not match the description at all.
2144,B0048863,A945767,User_2143,39,60,5,1091200956,Highly recommend,Very happy with this purchase. Arrived quickly and well packaged. Absolutely delicious and healthy. I cannot imagine my life without it.
2145,B0081650,A646155,User_2144,14,43,5,1162757252,Amazing!,Best snack I have ever had. My kids absolutely love it too. Loved the flavor and texture. Will be ordering more very soon.
2146,B0031491,A663197,User_2145,21,44,5,1468700328,Amazing!,"Wonderful taste, great packaging, and arrived on time. Love it! Superb quality and flavor. This is now a staple in my household."
2147,B0085293,A430745,User_2146,36,48,5,1083865145,Excellent!,Really good product. I order this every month for my family. Top notch quality. I am very satisfied with my purchase.
2148,B0077769,A440276,User_2147,26,37,1,1470323747,Terrible,Terrible product. Arrived broken and smelled awful. Never again. Not worth a single penny. Quality is shockingly bad.
2149,B0073474,A117377,User_2148,45,51,5,1471832835,Good!,Perfect in every way. My family loves it and we keep buying more. Top notch quality. I am very satisfied with my purchase.
2150,B0081835,A519153,User_2149,20,33,5,1458388008,Good!,"This is the best food product I have tried in years. So delicious! Wonderful taste, great packaging, and arrived on time. Love it!"
2151,B0023366,A700446,User_2150,13,32,2,1395896067,Disappointed,The flavor is disgusting and the texture is completely off. Extremely bitter and unpleasant. Could not eat it at all.
2152,B0089922,A895887,User_2151,10,20,4,1282565292,Loved it!,This is the best food product I have tried in years. So delicious! Fantastic taste and great value for money. Highly recommend!
2153,B0028468,A385502,User_2152,49,70,1,1201692130,Terrible,I regret buying this. The smell is awful and taste is worse. Very bad experience. Product did not match the description at all.
2154,B0018419,A338896,User_2153,37,49,5,1266027598,Fantastic!,Loved the flavor and texture. Will be ordering more very soon. Outstanding product. Five stars without any hesitation.
2155,B0046951,A911609,User_2154,23,37,5,1289021742,Perfect!,Great quality and fast shipping. Will definitely buy again. Really good product. I order this every month for my family.
2156,B0071666,A707345,User_2155,20,44,3,1196214627,Average,Average product. Neither good nor bad. Just acceptable. It is fine. I have had better but also much worse.
2157,B0099533,A774461,User_2156,19,37,1,1177292882,Disgusting,Horrible product. Returned it immediately. Do not buy this. Poor quality packaging. Items were damaged when received.
2158,B0043473,A385827,User_2157,36,53,5,1137248833,5 stars!,I love this product so much. It exceeded all my expectations. Top notch quality. I am very satisfied with my purchase.
1067,B0026894,A902143,User_1066,15,17,1,1391125669,Poor quality,Horrible product. Returned it immediately. Do not buy this. Very disappointed. The taste was nothing like described.
2160,B0080756,A940816,User_2159,47,75,5,1478126177,Wonderful!,I love this product so much. It exceeded all my expectations. Really good product. I order this every month for my family.
2161,B0046705,A211311,User_2160,23,33,5,1005011947,Wonderful!,Really good product. I order this every month for my family. Top notch quality. I am very satisfied with my purchase.
2162,B0068570,A163379,User_2161,7,27,4,1422765983,Highly recommend,This is the best food product I have tried in years. So delicious! This is the best food product I have tried in years. So delicious!
2163,B0049983,A924022,User_2162,3,32,4,1037112000,Perfect!,Absolutely delicious and healthy. I cannot imagine my life without it. Loved the flavor and texture. Will be ordering more very soon.
2164,B0060671,A851675,User_2163,32,59,3,1269566353,Okay,Okay product. Will consider alternatives next time. It is okay. Nothing special but does the job.
2165,B0010644,A170735,User_2164,36,46,1,1315638460,Awful,Not worth a single penny. Quality is shockingly bad. Extremely bitter and unpleasant. Could not eat it at all.
2166,B0048625,A116401,User_2165,49,52,4,1252289632,Perfect!,I love this product so much. It exceeded all my expectations. The taste is divine and it keeps me energized throughout the day.
2167,B0032872,A414407,User_2166,41,47,5,1409145268,Fantastic!,Best snack I have ever had. My kids absolutely love it too. I love this product so much. It exceeded all my expectations.
2168,B0086529,A252994,User_2167,29,43,1,1262029409,Awful,Not worth a single penny. Quality is shockingly bad. Tasted terrible. Threw it straight in the bin. Complete waste.
2169,B0042493,A999790,User_2168,41,59,3,1321648115,Decent,Decent enough for the price. Not amazing but not terrible either. Okay product. Will consider alternatives next time.
2170,B0069725,A610430,User_2169,36,45,4,1369095238,Excellent!,Best snack I have ever had. My kids absolutely love it too. Great purchase. The product tastes exactly as described.
2171,B0023591,A917387,User_2170,20,33,4,1186106243,Loved it!,Absolutely delicious and healthy. I cannot imagine my life without it. This product is absolutely amazing! Best purchase I have ever made.
2172,B0073147,A885040,User_2171,29,49,5,1410437050,Perfect!,Outstanding product. Five stars without any hesitation. The taste is divine and it keeps me energized throughout the day.
2173,B0081780,A721810,User_2172,45,72,2,1024187075,Horrible,Not worth a single penny. Quality is shockingly bad. Horrible product. Returned it immediately. Do not buy this.
2174,B0043039,A596965,User_2173,11,14,5,1067073977,Amazing!,Very happy with this purchase. Arrived quickly and well packaged. Perfect in every way. My family loves it and we keep buying more.
2175,B0099416,A373093,User_2174,22,52,5,1479581572,Perfect!,Perfectly packaged and freshly delivered. Very happy with this order. Great quality and fast shipping. Will definitely buy again.
2176,B0072185,A752459,User_2175,19,24,5,1367679088,Loved it!,Really good product. I order this every month for my family. Outstanding product. Five stars without any hesitation.
2177,B0033624,A302324,User_2176,1,5,5,1161738353,5 stars!,This is the best food product I have tried in years. So delicious! Outstanding product. Five stars without any hesitation.
2178,B0020564,A465751,User_2177,28,55,3,1201729529,Okay,It is fine. I have had better but also much worse. Average product. Neither good nor bad. Just acceptable.
2179,B0044373,A391928,User_2178,28,42,1,1242357972,Terrible,I regret buying this. The smell is awful and taste is worse. Worst purchase I have ever made. Do not waste your money.
2180,B0066332,A982369,User_2179,11,27,4,1023347432,Great product!,Very happy with this purchase. Arrived quickly and well packaged. Absolutely delicious and healthy. I cannot imagine my life without it.
2181,B0020292,A712930,User_2180,7,37,3,1401907079,Fine,Meets basic expectations. Nothing stands out about it. Average product. Neither good nor bad. Just acceptable.
2182,B0070032,A257552,User_2181,12,18,5,1330747663,Excellent!,Perfectly packaged and freshly delivered. Very happy with this order. Superb quality and flavor. This is now a staple in my household.
2183,B0034007,A220305,User_2182,32,35,3,1364572958,Acceptable,Meets basic expectations. Nothing stands out about it. Okay product. Will consider alternatives next time.
2184,B0075409,A101464,User_2183,25,55,3,1404491568,So so,It is okay. Nothing special but does the job. It is okay. Nothing special but does the job.
2185,B0054033,A211992,User_2184,27,57,3,1122680341,Average,Okay product. Will consider alternatives next time. Okay product. Will consider alternatives next time.
2186,B0080167,A992129,User_2185,41,61,2,1227375058,Very bad,Product was stale and expired. Very unhappy with this purchase. Worst purchase I have ever made. Do not waste your money.
2187,B0016215,A650053,User_2186,46,66,1,1263116434,Awful,Disappointed and frustrated. This product ruined my meal. Packaging was horrible and the product leaked everywhere.
2188,B0045576,A938542,User_2187,36,36,3,1076908247,Decent,It is okay. Nothing special but does the job. Decent enough for the price. Not amazing but not terrible either.
2189,B0055106,A174452,User_2188,3,22,5,1407361757,Good!,Perfect in every way. My family loves it and we keep buying more. Perfect in every way. My family loves it and we keep buying more.
2190,B0028881,A629457,User_2189,23,42,2,1344499212,Awful,Horrible product. Returned it immediately. Do not buy this. I regret buying this. The smell is awful and taste is worse.
2191,B0091460,A672205,User_2190,33,63,5,1184529047,Highly recommend,Excellent product! The quality is outstanding and it tastes wonderful. Great purchase. The product tastes exactly as described.
4617,B0027860,A459806,User_4616,39,47,5,1055075380,Excellent!,Fantastic taste and great value for money. Highly recommend! Best snack I have ever had. My kids absolutely love it too.
2193,B0065551,A744824,User_2192,20,20,5,1023869833,Fantastic!,Absolutely delicious and healthy. I cannot imagine my life without it. Superb quality and flavor. This is now a staple in my household.
2194,B0068459,A535849,User_2193,47,74,1,1398843406,Terrible,
2195,B0066080,A740989,User_2194,46,62,5,1068813315,Fantastic!,Great purchase. The product tastes exactly as described. Great quality and fast shipping. Will definitely buy again.
2196,B0091221,A752687,User_2195,5,18,5,1487256879,Loved it!,Fantastic taste and great value for money. Highly recommend! This product is absolutely amazing! Best purchase I have ever made.
2197,B0075987,A772662,User_2196,34,48,3,1270319097,So so,Average product. Neither good nor bad. Just acceptable. It is fine. I have had better but also much worse.
2198,B0077956,A219143,User_2197,30,58,5,1374563450,Wonderful!,Perfectly packaged and freshly delivered. Very happy with this order. This product is absolutely amazing! Best purchase I have ever made.
2199,B0095072,A324529,User_2198,42,64,3,1014956616,Passable,Decent enough for the price. Not amazing but not terrible either. Okay product. Will consider alternatives next time.
2200,B0091088,A263183,User_2199,14,30,5,1030760418,Highly recommend,Loved the flavor and texture. Will be ordering more very soon. The taste is divine and it keeps me energized throughout the day.
2201,B0069637,A899707,User_2200,45,57,4,1428131379,Great product!,Perfect in every way. My family loves it and we keep buying more. Outstanding product. Five stars without any hesitation.
2202,B0087290,A988691,User_2201,16,21,5,1371081038,Loved it!,Perfectly packaged and freshly delivered. Very happy with this order. Fantastic taste and great value for money. Highly recommend!
2203,B0081009,A758145,User_2202,42,60,2,1166208487,Poor quality,Product was stale and expired. Very unhappy with this purchase. The flavor is disgusting and the texture is completely off.
2204,B0078778,A714700,User_2203,27,38,5,1357572862,5 stars!,The taste is divine and it keeps me energized throughout the day. This is the best food product I have tried in years. So delicious!
2205,B0070427,A357341,User_2204,40,41,1,1041187559,Waste of money,Very bad experience. Product did not match the description at all. I regret buying this. The smell is awful and taste is worse.
2206,B0071687,A487670,User_2205,50,57,1,1247726308,Terrible,Poor quality packaging. Items were damaged when received. Terrible product. Arrived broken and smelled awful. Never again.
2207,B0053338,A570074,User_2206,22,28,5,1259608112,Wonderful!,Really good product. I order this every month for my family. This product is absolutely amazing! Best purchase I have ever made.
2208,B0048429,A436550,User_2207,29,48,5,1483349713,Loved it!,The taste is divine and it keeps me energized throughout the day. Absolutely delicious and healthy. I cannot imagine my life without it.
2209,B0046540,A320344,User_2208,21,31,5,1381761064,Perfect!,Top notch quality. I am very satisfied with my purchase. Fantastic taste and great value for money. Highly recommend!
2210,B0053173,A654350,User_2209,49,66,3,1017422506,Not bad,Decent enough for the price. Not amazing but not terrible either. Average taste. Expected better but it is passable.
2211,B0077203,A421583,User_2210,50,61,5,1444881075,Great product!,Fantastic taste and great value for money. Highly recommend! Really good product. I order this every month for my family.
2212,B0043814,A935269,User_2211,14,28,5,1341044953,Great product!,This product is absolutely amazing! Best purchase I have ever made. Incredible product at a very reasonable price. Highly recommended!
2213,B0069233,A627221,User_2212,8,35,2,1265905192,Awful,Very disappointed. The taste was nothing like described. Extremely bitter and unpleasant. Could not eat it at all.
2214,B0048654,A764965,User_2213,11,23,4,1129554189,Perfect!,Top notch quality. I am very satisfied with my purchase. Great purchase. The product tastes exactly as described.
2215,B0019079,A181331,User_2214,43,50,1,1144874461,Not recommended,Disappointed and frustrated. This product ruined my meal. Extremely bitter and unpleasant. Could not eat it at all.
2216,B0040880,A205639,User_2215,33,52,2,1376375212,Horrible,Worst purchase I have ever made. Do not waste your money. I regret buying this. The smell is awful and taste is worse.
2217,B0046390,A193483,User_2216,3,28,2,1456670707,Don't buy,Very bad experience. Product did not match the description at all. Horrible product. Returned it immediately. Do not buy this.
2218,B0010559,A440735,User_2217,10,13,5,1227288418,5 stars!,Incredible product at a very reasonable price. Highly recommended! Outstanding product. Five stars without any hesitation.
2219,B0025144,A851451,User_2218,48,70,2,1023027952,Disappointed,Tasted terrible. Threw it straight in the bin. Complete waste. Tasted terrible. Threw it straight in the bin. Complete waste.
2220,B0090003,A623747,User_2219,3,33,5,1361271610,Amazing!,Perfectly packaged and freshly delivered. Very happy with this order. Great purchase. The product tastes exactly as described.
2221,B0027851,A139409,User_2220,26,54,3,1133246019,Alright,Neither impressive nor disappointing. Just a regular purchase. Average taste. Expected better but it is passable.
2222,B0086184,A996628,User_2221,4,12,5,1056825574,Good!,Really good product. I order this every month for my family. Perfect in every way. My family loves it and we keep buying more.
2223,B0037922,A297816,User_2222,38,68,1,1222052712,Disgusting,Tasted terrible. Threw it straight in the bin. Complete waste. Product was stale and expired. Very unhappy with this purchase.
2224,B0064519,A414119,User_2223,10,34,5,1052475981,Wonderful!,Great purchase. The product tastes exactly as described. Perfect in every way. My family loves it and we keep buying more.
2225,B0010427,A580306,User_2224,25,43,3,1118949145,So so,"It does what it says. Nothing more, nothing less. Neither impressive nor disappointing. Just a regular purchase."
2226,B0053030,A487376,User_2225,8,36,5,1356279682,Amazing!,Superb quality and flavor. This is now a staple in my household. I love this product so much. It exceeded all my expectations.
2227,B0088914,A514839,User_2226,9,30,5,1160026571,Wonderful!,The taste is divine and it keeps me energized throughout the day. Perfect in every way. My family loves it and we keep buying more.
2228,B0067011,A155795,User_2227,19,35,4,1006752145,Perfect!,Really good product. I order this every month for my family. This product is absolutely amazing! Best purchase I have ever made.
2229,B0033854,A774261,User_2228,19,45,5,1400788728,Wonderful!,Perfectly packaged and freshly delivered. Very happy with this order. Loved the flavor and texture. Will be ordering more very soon.
2230,B0069464,A197002,User_2229,48,77,5,1261631842,Great product!,Perfectly packaged and freshly delivered. Very happy with this order. Top notch quality. I am very satisfied with my purchase.
2231,B0053630,A977779,User_2230,16,19,1,1315360900,Waste of money,Disappointed and frustrated. This product ruined my meal. Product was stale and expired. Very unhappy with this purchase.
2232,B0096964,A532051,User_2231,48,57,5,1331830719,Wonderful!,Great purchase. The product tastes exactly as described. The taste is divine and it keeps me energized throughout the day.
2233,B0018388,A400199,User_2232,42,57,5,1068452477,Loved it!,Fantastic taste and great value for money. Highly recommend! I love this product so much. It exceeded all my expectations.
2234,B0086208,A982442,User_2233,49,57,1,1430512226,Very bad,Nothing as advertised. Feels like a scam. Very unhappy. Nothing as advertised. Feels like a scam. Very unhappy.
2235,B0037367,A820493,User_2234,21,34,1,1367880771,Don't buy,I regret buying this. The smell is awful and taste is worse. Product was stale and expired. Very unhappy with this purchase.
2236,B0042921,A269210,User_2235,6,28,1,1400374660,Terrible,Product was stale and expired. Very unhappy with this purchase. The flavor is disgusting and the texture is completely off.
2237,B0059398,A503018,User_2236,37,50,1,1047138780,Disappointed,Worst purchase I have ever made. Do not waste your money. Very bad experience. Product did not match the description at all.
2238,B0042662,A296478,User_2237,35,54,2,1206878471,Poor quality,Very disappointed. The taste was nothing like described. Not worth a single penny. Quality is shockingly bad.
2239,B0077624,A416552,User_2238,2,21,2,1475260936,Waste of money,Nothing as advertised. Feels like a scam. Very unhappy. Very bad experience. Product did not match the description at all.
2240,B0089011,A972593,User_2239,48,55,4,1143985872,Great product!,Fantastic taste and great value for money. Highly recommend! The taste is divine and it keeps me energized throughout the day.
2241,B0013567,A450563,User_2240,22,42,5,1187931787,Good!,Perfectly packaged and freshly delivered. Very happy with this order. Great purchase. The product tastes exactly as described.
2242,B0024533,A439040,User_2241,2,32,2,1258466548,Don't buy,Horrible product. Returned it immediately. Do not buy this. Packaging was horrible and the product leaked everywhere.
2243,B0030079,A397619,User_2242,11,11,5,1173738758,Fantastic!,Great purchase. The product tastes exactly as described. This product is absolutely amazing! Best purchase I have ever made.
2244,B0046542,A536444,User_2243,1,24,5,1452599197,Excellent!,Really good product. I order this every month for my family. Fantastic taste and great value for money. Highly recommend!
2245,B0079204,A270568,User_2244,15,23,5,1095287574,5 stars!,This is the best food product I have tried in years. So delicious! Superb quality and flavor. This is now a staple in my household.
2246,B0047531,A103404,User_2245,49,74,5,1261883337,Amazing!,Great quality and fast shipping. Will definitely buy again. Really good product. I order this every month for my family.
2247,B0048614,A286508,User_2246,48,59,5,1185387396,Excellent!,Incredible product at a very reasonable price. Highly recommended! Incredible product at a very reasonable price. Highly recommended!
2248,B0072720,A229436,User_2247,21,32,1,1154930895,Very bad,Poor quality packaging. Items were damaged when received. Horrible product. Returned it immediately. Do not buy this.
2249,B0089173,A970872,User_2248,46,48,5,1347676006,Great product!,Outstanding product. Five stars without any hesitation. Really good product. I order this every month for my family.
2250,B0041772,A341712,User_2249,48,60,5,1096197721,Highly recommend,Really good product. I order this every month for my family. Perfectly packaged and freshly delivered. Very happy with this order.
2251,B0065303,A458280,User_2250,23,47,5,1385235861,Wonderful!,Loved the flavor and texture. Will be ordering more very soon. Superb quality and flavor. This is now a staple in my household.
2252,B0097697,A843491,User_2251,12,30,4,1269959058,Great product!,Excellent product! The quality is outstanding and it tastes wonderful. Really good product. I order this every month for my family.
2253,B0055806,A362836,User_2252,34,39,5,1382053741,Perfect!,Best snack I have ever had. My kids absolutely love it too. Incredible product at a very reasonable price. Highly recommended!
2254,B0063362,A931569,User_2253,45,64,4,1494774508,Great product!,I love this product so much. It exceeded all my expectations. Very happy with this purchase. Arrived quickly and well packaged.
2255,B0025575,A508301,User_2254,34,45,3,1357899506,Normal,Neither impressive nor disappointing. Just a regular purchase. Average taste. Expected better but it is passable.
2256,B0019162,A753245,User_2255,36,38,5,1469211027,Fantastic!,Absolutely delicious and healthy. I cannot imagine my life without it. Fantastic taste and great value for money. Highly recommend!
2257,B0057204,A843645,User_2256,35,39,4,1108028433,Loved it!,Outstanding product. Five stars without any hesitation. Top notch quality. I am very satisfied with my purchase.
2258,B0063685,A829564,User_2257,44,51,1,1466650359,Disappointed,Product was stale and expired. Very unhappy with this purchase. Terrible product. Arrived broken and smelled awful. Never again.
2259,B0082664,A277856,User_2258,0,9,5,1067378430,Highly recommend,Outstanding product. Five stars without any hesitation. Top notch quality. I am very satisfied with my purchase.
2260,B0062699,A251085,User_2259,26,43,5,1408172599,Wonderful!,This product is absolutely amazing! Best purchase I have ever made. Perfectly packaged and freshly delivered. Very happy with this order.
2261,B0027839,A795846,User_2260,33,51,5,1301479013,Highly recommend,The taste is divine and it keeps me energized throughout the day. Very happy with this purchase. Arrived quickly and well packaged.
2262,B0027342,A362100,User_2261,16,29,5,1405038580,5 stars!,The taste is divine and it keeps me energized throughout the day. Absolutely delicious and healthy. I cannot imagine my life without it.
2263,B0041456,A697285,User_2262,44,48,5,1214540368,Great product!,Outstanding product. Five stars without any hesitation. Really good product. I order this every month for my family.
2264,B0018139,A398310,User_2263,50,66,5,1263005483,Great product!,Outstanding product. Five stars without any hesitation. Incredible product at a very reasonable price. Highly recommended!
2265,B0070992,A104158,User_2264,14,37,1,1368973075,Disgusting,Extremely bitter and unpleasant. Could not eat it at all. The flavor is disgusting and the texture is completely off.
2266,B0013699,A614002,User_2265,36,62,5,1482707641,Amazing!,Incredible product at a very reasonable price. Highly recommended! Outstanding product. Five stars without any hesitation.
2267,B0096144,A977168,User_2266,27,29,5,1269575362,Fantastic!,Perfectly packaged and freshly delivered. Very happy with this order. Top notch quality. I am very satisfied with my purchase.
2268,B0064904,A187409,User_2267,41,42,3,1181704112,Alright,Decent enough for the price. Not amazing but not terrible either. It is okay. Nothing special but does the job.
2269,B0053946,A887217,User_2268,4,34,3,1494150021,Normal,It is fine. I have had better but also much worse. Decent enough for the price. Not amazing but not terrible either.
2270,B0090385,A566431,User_2269,45,64,2,1048484681,Terrible,Very bad experience. Product did not match the description at all. Product was stale and expired. Very unhappy with this purchase.
2271,B0043072,A358075,User_2270,19,36,5,1190619705,Wonderful!,Perfect in every way. My family loves it and we keep buying more. Absolutely delicious and healthy. I cannot imagine my life without it.
2272,B0077955,A798779,User_2271,32,62,1,1365101834,Disgusting,Product was stale and expired. Very unhappy with this purchase. The flavor is disgusting and the texture is completely off.
2273,B0013965,A409438,User_2272,39,40,5,1028040433,Good!,Incredible product at a very reasonable price. Highly recommended! The taste is divine and it keeps me energized throughout the day.
2274,B0051428,A340201,User_2273,39,41,1,1227045375,Very bad,The flavor is disgusting and the texture is completely off. Very bad experience. Product did not match the description at all.
2275,B0040417,A389611,User_2274,49,73,5,1487086685,Fantastic!,Excellent product! The quality is outstanding and it tastes wonderful. Very happy with this purchase. Arrived quickly and well packaged.
2276,B0023387,A503619,User_2275,21,23,3,1474868761,Average,Decent enough for the price. Not amazing but not terrible either. It is okay. Nothing special but does the job.
2277,B0059645,A501630,User_2276,24,46,5,1210056929,Excellent!,Absolutely delicious and healthy. I cannot imagine my life without it. The taste is divine and it keeps me energized throughout the day.
2278,B0014603,A165073,User_2277,22,27,4,1279746598,Amazing!,Really good product. I order this every month for my family. Excellent product! The quality is outstanding and it tastes wonderful.
2279,B0027212,A940368,User_2278,11,19,1,1272778905,Very bad,Disappointed and frustrated. This product ruined my meal. Product was stale and expired. Very unhappy with this purchase.
2280,B0027109,A754544,User_2279,28,52,4,1037707866,5 stars!,Outstanding product. Five stars without any hesitation. Superb quality and flavor. This is now a staple in my household.
2281,B0068918,A457062,User_2280,3,24,4,1186576678,Perfect!,This is the best food product I have tried in years. So delicious! This product is absolutely amazing! Best purchase I have ever made.
2282,B0093317,A973673,User_2281,20,32,4,1192507877,Good!,Excellent product! The quality is outstanding and it tastes wonderful. This product is absolutely amazing! Best purchase I have ever made.
2283,B0049257,A371778,User_2282,11,17,5,1398742400,Great product!,The taste is divine and it keeps me energized throughout the day. The taste is divine and it keeps me energized throughout the day.
2284,B0041624,A595226,User_2283,6,33,5,1251307141,5 stars!,Loved the flavor and texture. Will be ordering more very soon. Excellent product! The quality is outstanding and it tastes wonderful.
2285,B0042515,A818463,User_2284,11,39,1,1058954668,Disgusting,Poor quality packaging. Items were damaged when received. Very bad experience. Product did not match the description at all.
2286,B0016928,A151996,User_2285,1,20,5,1371819969,Wonderful!,Excellent product! The quality is outstanding and it tastes wonderful. Best snack I have ever had. My kids absolutely love it too.
2287,B0037941,A855753,User_2286,6,17,5,1174537390,Amazing!,Incredible product at a very reasonable price. Highly recommended! Fantastic taste and great value for money. Highly recommend!
2288,B0067670,A794148,User_2287,31,37,1,1195853551,Very bad,Very bad experience. Product did not match the description at all. Extremely bitter and unpleasant. Could not eat it at all.
2289,B0098498,A153096,User_2288,24,49,5,1448743976,Perfect!,Perfectly packaged and freshly delivered. Very happy with this order. Really good product. I order this every month for my family.
2290,B0033102,A537382,User_2289,15,26,4,1223273811,5 stars!,Fantastic taste and great value for money. Highly recommend! Incredible product at a very reasonable price. Highly recommended!
2291,B0095271,A153187,User_2290,22,23,5,1363645760,Good!,Loved the flavor and texture. Will be ordering more very soon. Very happy with this purchase. Arrived quickly and well packaged.
2292,B0074495,A934777,User_2291,5,26,3,1223553101,Alright,It is fine. I have had better but also much worse. Middling product. Not excited to reorder but might anyway.
2293,B0018835,A929853,User_2292,44,61,2,1043460158,Disgusting,Disappointed and frustrated. This product ruined my meal. Extremely bitter and unpleasant. Could not eat it at all.
2294,B0080371,A361971,User_2293,8,22,5,1461496480,5 stars!,Incredible product at a very reasonable price. Highly recommended! Very happy with this purchase. Arrived quickly and well packaged.
2295,B0064244,A698401,User_2294,27,39,1,1226220222,Waste of money,Product was stale and expired. Very unhappy with this purchase. Tasted terrible. Threw it straight in the bin. Complete waste.
2296,B0093327,A651015,User_2295,35,50,4,1222577549,5 stars!,This product is absolutely amazing! Best purchase I have ever made. Loved the flavor and texture. Will be ordering more very soon.
2297,B0095026,A994679,User_2296,33,59,5,1300474805,Good!,"Wonderful taste, great packaging, and arrived on time. Love it! Loved the flavor and texture. Will be ordering more very soon."
2298,B0031227,A180731,User_2297,47,48,5,1312602272,5 stars!,"I love this product so much. It exceeded all my expectations. Wonderful taste, great packaging, and arrived on time. Love it!"
2299,B0047259,A153971,User_2298,22,52,5,1478613184,Loved it!,"Great quality and fast shipping. Will definitely buy again. Wonderful taste, great packaging, and arrived on time. Love it!"
2300,B0049092,A562943,User_2299,23,44,5,1161875242,Perfect!,Great purchase. The product tastes exactly as described. Best snack I have ever had. My kids absolutely love it too.
2301,B0069843,A706171,User_2300,11,39,1,1023165339,Poor quality,Disappointed and frustrated. This product ruined my meal. Worst purchase I have ever made. Do not waste your money.
2302,B0056156,A911378,User_2301,13,31,5,1303693466,Wonderful!,Really good product. I order this every month for my family. I love this product so much. It exceeded all my expectations.
2303,B0064836,A474834,User_2302,44,47,5,1128588021,Loved it!,This product is absolutely amazing! Best purchase I have ever made. Great quality and fast shipping. Will definitely buy again.
2304,B0034648,A213619,User_2303,24,50,3,1225795982,Decent,"It is okay. Nothing special but does the job. It does what it says. Nothing more, nothing less."
2305,B0018208,A510185,User_2304,38,45,5,1400650069,Highly recommend,Absolutely delicious and healthy. I cannot imagine my life without it. Great quality and fast shipping. Will definitely buy again.
2306,B0023780,A299109,User_2305,41,64,5,1128303187,Loved it!,This is the best food product I have tried in years. So delicious! Great purchase. The product tastes exactly as described.
2307,B0027047,A453681,User_2306,24,32,3,1208311086,So so,Neither impressive nor disappointing. Just a regular purchase. It is okay. Nothing special but does the job.
2308,B0091991,A239944,User_2307,38,38,1,1134692418,Awful,Worst purchase I have ever made. Do not waste your money. Horrible product. Returned it immediately. Do not buy this.
2309,B0020026,A178180,User_2308,42,64,5,1218684797,Highly recommend,Absolutely delicious and healthy. I cannot imagine my life without it. Great quality and fast shipping. Will definitely buy again.
2310,B0037486,A372376,User_2309,4,9,5,1343182202,Wonderful!,Fantastic taste and great value for money. Highly recommend! Fantastic taste and great value for money. Highly recommend!
2311,B0081251,A763126,User_2310,34,43,5,1007597259,Amazing!,Excellent product! The quality is outstanding and it tastes wonderful. This is the best food product I have tried in years. So delicious!
2312,B0011879,A899586,User_2311,25,51,4,1183413958,Great product!,The taste is divine and it keeps me energized throughout the day. This is the best food product I have tried in years. So delicious!
2313,B0074427,A873995,User_2312,8,24,3,1305304671,Fine,"It does what it says. Nothing more, nothing less. Average product. Neither good nor bad. Just acceptable."
2314,B0081372,A189556,User_2313,14,15,3,1473846701,Average,It is fine. I have had better but also much worse. It is fine. I have had better but also much worse.
2315,B0034380,A876169,User_2314,15,28,2,1198908434,Very bad,Poor quality packaging. Items were damaged when received. Very disappointed. The taste was nothing like described.
2316,B0083085,A285934,User_2315,49,50,5,1168353896,Fantastic!,
2317,B0073998,A100477,User_2316,46,56,1,1064112345,Disappointed,Extremely bitter and unpleasant. Could not eat it at all. Not worth a single penny. Quality is shockingly bad.
2318,B0080724,A278737,User_2317,11,22,5,1373448710,Amazing!,This product is absolutely amazing! Best purchase I have ever made. Perfect in every way. My family loves it and we keep buying more.
2319,B0016224,A273495,User_2318,18,34,5,1221899840,Highly recommend,Great quality and fast shipping. Will definitely buy again. Absolutely delicious and healthy. I cannot imagine my life without it.
2320,B0061785,A405203,User_2319,1,28,5,1062581484,Wonderful!,Excellent product! The quality is outstanding and it tastes wonderful. Very happy with this purchase. Arrived quickly and well packaged.
2321,B0064551,A763861,User_2320,10,14,5,1463651717,Perfect!,Outstanding product. Five stars without any hesitation. Perfectly packaged and freshly delivered. Very happy with this order.
2322,B0020167,A211876,User_2321,26,42,4,1486680181,Great product!,Really good product. I order this every month for my family. Great quality and fast shipping. Will definitely buy again.
2323,B0051805,A611290,User_2322,2,6,5,1038521191,5 stars!,Perfectly packaged and freshly delivered. Very happy with this order. Excellent product! The quality is outstanding and it tastes wonderful.
2324,B0049165,A454370,User_2323,36,37,3,1117619582,Okay,"It does what it says. Nothing more, nothing less. It is okay. Nothing special but does the job."
2325,B0055444,A518759,User_2324,48,68,1,1111159233,Disappointed,Not worth a single penny. Quality is shockingly bad. Very bad experience. Product did not match the description at all.
2326,B0091603,A170647,User_2325,36,56,4,1315149877,Wonderful!,Incredible product at a very reasonable price. Highly recommended! I love this product so much. It exceeded all my expectations.
2327,B0076932,A501572,User_2326,43,58,5,1179433644,Loved it!,Perfectly packaged and freshly delivered. Very happy with this order. Absolutely delicious and healthy. I cannot imagine my life without it.
2328,B0053427,A639592,User_2327,29,46,5,1222976507,Highly recommend,Superb quality and flavor. This is now a staple in my household. Top notch quality. I am very satisfied with my purchase.
2329,B0077318,A143626,User_2328,24,32,3,1100867138,Decent,"It does what it says. Nothing more, nothing less. Decent enough for the price. Not amazing but not terrible either."
2330,B0062604,A736876,User_2329,9,10,3,1100591117,Acceptable,Okay product. Will consider alternatives next time. It is okay. Nothing special but does the job.
2331,B0059375,A453826,User_2330,40,51,5,1070705287,Highly recommend,Incredible product at a very reasonable price. Highly recommended! Outstanding product. Five stars without any hesitation.
2332,B0040362,A557307,User_2331,46,60,5,1140015451,Wonderful!,Absolutely delicious and healthy. I cannot imagine my life without it. Great purchase. The product tastes exactly as described.
2333,B0056352,A365387,User_2332,20,41,5,1486565691,5 stars!,Absolutely delicious and healthy. I cannot imagine my life without it. Top notch quality. I am very satisfied with my purchase.
2334,B0066755,A796734,User_2333,45,51,5,1199420778,Loved it!,Best snack I have ever had. My kids absolutely love it too. Very happy with this purchase. Arrived quickly and well packaged.
2335,B0052743,A970319,User_2334,48,73,5,1499883893,Perfect!,Perfectly packaged and freshly delivered. Very happy with this order. Superb quality and flavor. This is now a staple in my household.
2336,B0048856,A190066,User_2335,30,33,5,1040071878,Highly recommend,"Wonderful taste, great packaging, and arrived on time. Love it! Very happy with this purchase. Arrived quickly and well packaged."
2337,B0020473,A654467,User_2336,12,18,5,1274212089,Good!,"Top notch quality. I am very satisfied with my purchase. Wonderful taste, great packaging, and arrived on time. Love it!"
2338,B0078535,A867486,User_2337,28,28,5,1079774021,Highly recommend,Excellent product! The quality is outstanding and it tastes wonderful. Absolutely delicious and healthy. I cannot imagine my life without it.
2339,B0013764,A452086,User_2338,17,40,2,1200356351,Not recommended,Nothing as advertised. Feels like a scam. Very unhappy. Very bad experience. Product did not match the description at all.
2340,B0031659,A382919,User_2339,36,61,2,1212024558,Waste of money,Not worth a single penny. Quality is shockingly bad. Poor quality packaging. Items were damaged when received.
2341,B0092375,A227765,User_2340,15,42,1,1325876072,Poor quality,Poor quality packaging. Items were damaged when received. Nothing as advertised. Feels like a scam. Very unhappy.
2342,B0082217,A301059,User_2341,39,68,1,1216944630,Horrible,Not worth a single penny. Quality is shockingly bad. Disappointed and frustrated. This product ruined my meal.
2343,B0099215,A328937,User_2342,43,46,2,1036172207,Terrible,Extremely bitter and unpleasant. Could not eat it at all. I regret buying this. The smell is awful and taste is worse.
2344,B0078452,A806857,User_2343,21,48,1,1318610826,Terrible,Very disappointed. The taste was nothing like described. Terrible product. Arrived broken and smelled awful. Never again.
2345,B0033071,A306631,User_2344,19,45,5,1069073412,Loved it!,Superb quality and flavor. This is now a staple in my household. Very happy with this purchase. Arrived quickly and well packaged.
2346,B0054379,A555868,User_2345,21,43,5,1043767965,Wonderful!,Perfectly packaged and freshly delivered. Very happy with this order. Really good product. I order this every month for my family.
2347,B0028285,A511110,User_2346,10,23,5,1078020411,Highly recommend,"Wonderful taste, great packaging, and arrived on time. Love it! Fantastic taste and great value for money. Highly recommend!"
2348,B0019964,A477127,User_2347,35,55,5,1344262612,Perfect!,Perfectly packaged and freshly delivered. Very happy with this order. Great purchase. The product tastes exactly as described.
2349,B0032459,A866319,User_2348,28,31,4,1380653675,Highly recommend,This is the best food product I have tried in years. So delicious! Outstanding product. Five stars without any hesitation.
2350,B0096870,A942655,User_2349,24,39,1,1230670140,Poor quality,Poor quality packaging. Items were damaged when received. Disappointed and frustrated. This product ruined my meal.
2351,B0078591,A112932,User_2350,37,55,5,1485084749,Wonderful!,This product is absolutely amazing! Best purchase I have ever made. The taste is divine and it keeps me energized throughout the day.
2352,B0080817,A247302,User_2351,5,33,5,1304678709,5 stars!,This product is absolutely amazing! Best purchase I have ever made. Loved the flavor and texture. Will be ordering more very soon.
2353,B0059968,A643045,User_2352,9,12,5,1242155350,Excellent!,Excellent product! The quality is outstanding and it tastes wonderful. Perfect in every way. My family loves it and we keep buying more.
2354,B0066726,A457086,User_2353,22,41,3,1454012798,Average,"It does what it says. Nothing more, nothing less. Okay product. Will consider alternatives next time."
2355,B0086546,A726295,User_2354,23,50,3,1396788240,Decent,It is fine. I have had better but also much worse. It is okay. Nothing special but does the job.
2356,B0015439,A938991,User_2355,20,48,4,1478878798,Wonderful!,Best snack I have ever had. My kids absolutely love it too. This is the best food product I have tried in years. So delicious!
2357,B0051431,A170608,User_2356,27,37,5,1167444699,Wonderful!,"Outstanding product. Five stars without any hesitation. Wonderful taste, great packaging, and arrived on time. Love it!"
2358,B0090406,A444708,User_2357,2,6,5,1299597042,Perfect!,Top notch quality. I am very satisfied with my purchase. I love this product so much. It exceeded all my expectations.
2359,B0045718,A552035,User_2358,24,30,3,1450706668,Acceptable,Middling product. Not excited to reorder but might anyway. It is okay. Nothing special but does the job.
2360,B0061132,A830482,User_2359,44,56,3,1407920544,Acceptable,Neither impressive nor disappointing. Just a regular purchase. Neither impressive nor disappointing. Just a regular purchase.
2361,B0087244,A895887,User_2360,8,38,5,1375658702,5 stars!,Best snack I have ever had. My kids absolutely love it too. Great purchase. The product tastes exactly as described.
2362,B0089393,A435014,User_2361,18,26,5,1471026621,Wonderful!,This is the best food product I have tried in years. So delicious! Incredible product at a very reasonable price. Highly recommended!
2363,B0078940,A678735,User_2362,7,7,5,1208216114,Perfect!,Top notch quality. I am very satisfied with my purchase. I love this product so much. It exceeded all my expectations.
2364,B0050653,A222235,User_2363,4,9,1,1311242259,Disappointed,Not worth a single penny. Quality is shockingly bad. Not worth a single penny. Quality is shockingly bad.
2365,B0033016,A560581,User_2364,4,4,5,1260964402,Great product!,Perfect in every way. My family loves it and we keep buying more. The taste is divine and it keeps me energized throughout the day.
2366,B0080366,A778215,User_2365,4,8,1,1297129062,Disgusting,I regret buying this. The smell is awful and taste is worse. Not worth a single penny. Quality is shockingly bad.
2367,B0075732,A742383,User_2366,7,8,4,1163301384,Fantastic!,Top notch quality. I am very satisfied with my purchase. Really good product. I order this every month for my family.
2368,B0030489,A203708,User_2367,11,13,2,1282176370,Very bad,Worst purchase I have ever made. Do not waste your money. Disappointed and frustrated. This product ruined my meal.
2369,B0079810,A799382,User_2368,13,14,1,1258629454,Disappointed,Very disappointed. The taste was nothing like described. Terrible product. Arrived broken and smelled awful. Never again.
2370,B0047559,A491339,User_2369,12,27,2,1306590012,Don't buy,Nothing as advertised. Feels like a scam. Very unhappy. The flavor is disgusting and the texture is completely off.
2371,B0068852,A862343,User_2370,30,39,2,1404620427,Not recommended,I regret buying this. The smell is awful and taste is worse. Packaging was horrible and the product leaked everywhere.
2372,B0014719,A596441,User_2371,11,27,1,1444141098,Poor quality,Very bad experience. Product did not match the description at all. Horrible product. Returned it immediately. Do not buy this.
2373,B0053035,A675462,User_2372,34,52,5,1272444681,Highly recommend,Excellent product! The quality is outstanding and it tastes wonderful. Very happy with this purchase. Arrived quickly and well packaged.
2374,B0030200,A278714,User_2373,20,44,3,1336872016,Decent,Average product. Neither good nor bad. Just acceptable. Average product. Neither good nor bad. Just acceptable.
2375,B0015826,A693304,User_2374,26,42,3,1325621287,Passable,Decent enough for the price. Not amazing but not terrible either. Neither impressive nor disappointing. Just a regular purchase.
2376,B0041790,A162436,User_2375,47,54,5,1219232581,5 stars!,Very happy with this purchase. Arrived quickly and well packaged. Great purchase. The product tastes exactly as described.
2377,B0020386,A838082,User_2376,3,5,5,1397029885,Great product!,"This is the best food product I have tried in years. So delicious! Wonderful taste, great packaging, and arrived on time. Love it!"
2378,B0097798,A445184,User_2377,43,67,5,1106406165,Great product!,Great quality and fast shipping. Will definitely buy again. Perfectly packaged and freshly delivered. Very happy with this order.
2379,B0038864,A286310,User_2378,37,61,3,1045781469,Normal,It is fine. I have had better but also much worse. It is okay. Nothing special but does the job.
2380,B0098409,A873560,User_2379,16,39,3,1306904145,Passable,Okay product. Will consider alternatives next time. Middling product. Not excited to reorder but might anyway.
4708,B0067292,A720663,User_4707,39,56,5,1210921019,5 stars!,Fantastic taste and great value for money. Highly recommend! Great quality and fast shipping. Will definitely buy again.
2382,B0090857,A418785,User_2381,37,42,5,1499136523,Loved it!,Loved the flavor and texture. Will be ordering more very soon. Really good product. I order this every month for my family.
2383,B0080830,A721437,User_2382,20,49,5,1120509728,Wonderful!,Superb quality and flavor. This is now a staple in my household. Great purchase. The product tastes exactly as described.
2384,B0082808,A286941,User_2383,9,13,1,1031382860,Poor quality,Nothing as advertised. Feels like a scam. Very unhappy. Packaging was horrible and the product leaked everywhere.
2385,B0070328,A278450,User_2384,50,60,1,1186565058,Not recommended,Nothing as advertised. Feels like a scam. Very unhappy. Nothing as advertised. Feels like a scam. Very unhappy.
2386,B0021949,A189804,User_2385,27,52,5,1086992595,Good!,Perfect in every way. My family loves it and we keep buying more. Absolutely delicious and healthy. I cannot imagine my life without it.
2387,B0031965,A954002,User_2386,11,17,1,1265568898,Disgusting,Disappointed and frustrated. This product ruined my meal. Poor quality packaging. Items were damaged when received.
2388,B0037473,A713308,User_2387,21,27,5,1336604357,Amazing!,Absolutely delicious and healthy. I cannot imagine my life without it. Loved the flavor and texture. Will be ordering more very soon.
2389,B0030885,A221784,User_2388,17,24,5,1027353704,Perfect!,Absolutely delicious and healthy. I cannot imagine my life without it. Excellent product! The quality is outstanding and it tastes wonderful.
2390,B0012198,A774365,User_2389,10,25,5,1139517056,Excellent!,Perfectly packaged and freshly delivered. Very happy with this order. Loved the flavor and texture. Will be ordering more very soon.
2391,B0037261,A818876,User_2390,20,42,3,1380438226,Average,It is okay. Nothing special but does the job. Okay product. Will consider alternatives next time.
2392,B0066700,A207630,User_2391,31,56,5,1109986434,Perfect!,"Wonderful taste, great packaging, and arrived on time. Love it! Perfect in every way. My family loves it and we keep buying more."
2393,B0060021,A782004,User_2392,21,41,5,1208671614,Highly recommend,Loved the flavor and texture. Will be ordering more very soon. This product is absolutely amazing! Best purchase I have ever made.
2394,B0078544,A396894,User_2393,8,24,4,1306394119,Fantastic!,Perfectly packaged and freshly delivered. Very happy with this order. Great purchase. The product tastes exactly as described.
2395,B0067210,A267806,User_2394,30,32,5,1469790752,Fantastic!,Superb quality and flavor. This is now a staple in my household. Perfect in every way. My family loves it and we keep buying more.
2396,B0048401,A698138,User_2395,20,42,5,1446020612,Loved it!,Superb quality and flavor. This is now a staple in my household. Great purchase. The product tastes exactly as described.
2397,B0026616,A711211,User_2396,21,39,5,1098356064,Perfect!,Really good product. I order this every month for my family. Loved the flavor and texture. Will be ordering more very soon.
2398,B0068001,A737119,User_2397,50,70,1,1096868119,Horrible,I regret buying this. The smell is awful and taste is worse. Worst purchase I have ever made. Do not waste your money.
2399,B0072984,A383466,User_2398,31,49,5,1409051489,Loved it!,Outstanding product. Five stars without any hesitation. The taste is divine and it keeps me energized throughout the day.
2400,B0081452,A628248,User_2399,48,52,4,1186586601,Excellent!,This product is absolutely amazing! Best purchase I have ever made. Really good product. I order this every month for my family.
2401,B0061013,A218387,User_2400,38,66,5,1436853798,Wonderful!,I love this product so much. It exceeded all my expectations. Best snack I have ever had. My kids absolutely love it too.
2402,B0027849,A404289,User_2401,49,55,3,1302472418,So so,Average taste. Expected better but it is passable. Average product. Neither good nor bad. Just acceptable.
2403,B0066030,A215509,User_2402,49,50,1,1392868546,Horrible,Product was stale and expired. Very unhappy with this purchase. I regret buying this. The smell is awful and taste is worse.
2404,B0080985,A398051,User_2403,39,54,5,1042187930,5 stars!,Outstanding product. Five stars without any hesitation. This product is absolutely amazing! Best purchase I have ever made.
2405,B0096953,A107172,User_2404,38,66,5,1226536051,5 stars!,This is the best food product I have tried in years. So delicious! Really good product. I order this every month for my family.
2406,B0054292,A887564,User_2405,46,47,4,1134453768,Amazing!,Very happy with this purchase. Arrived quickly and well packaged. Perfectly packaged and freshly delivered. Very happy with this order.
2407,B0034399,A188175,User_2406,15,40,2,1071482817,Awful,Worst purchase I have ever made. Do not waste your money. Extremely bitter and unpleasant. Could not eat it at all.
2408,B0071760,A326910,User_2407,9,18,5,1126197221,Loved it!,"This product is absolutely amazing! Best purchase I have ever made. Wonderful taste, great packaging, and arrived on time. Love it!"
2409,B0028877,A955184,User_2408,49,78,5,1002321639,Wonderful!,Great purchase. The product tastes exactly as described. I love this product so much. It exceeded all my expectations.
2410,B0079361,A638160,User_2409,28,52,3,1064693689,Passable,It is fine. I have had better but also much worse. Neither impressive nor disappointing. Just a regular purchase.
2411,B0070655,A479392,User_2410,45,64,5,1072017523,Loved it!,This is the best food product I have tried in years. So delicious! Top notch quality. I am very satisfied with my purchase.
2412,B0059639,A827048,User_2411,1,4,5,1259135163,5 stars!,Excellent product! The quality is outstanding and it tastes wonderful. The taste is divine and it keeps me energized throughout the day.
2413,B0013808,A837434,User_2412,9,19,5,1151165391,5 stars!,Really good product. I order this every month for my family. Incredible product at a very reasonable price. Highly recommended!
2414,B0041876,A516045,User_2413,41,51,1,1217629488,Waste of money,Nothing as advertised. Feels like a scam. Very unhappy. Extremely bitter and unpleasant. Could not eat it at all.
2415,B0029600,A705286,User_2414,20,38,4,1314826503,Amazing!,Really good product. I order this every month for my family. Perfectly packaged and freshly delivered. Very happy with this order.
2416,B0010824,A709307,User_2415,46,68,2,1492157256,Terrible,Terrible product. Arrived broken and smelled awful. Never again. Disappointed and frustrated. This product ruined my meal.
2417,B0076298,A298769,User_2416,9,12,1,1385736354,Not recommended,Packaging was horrible and the product leaked everywhere. Very disappointed. The taste was nothing like described.
2418,B0073323,A708685,User_2417,21,23,5,1411324205,5 stars!,Outstanding product. Five stars without any hesitation. I love this product so much. It exceeded all my expectations.
2419,B0068829,A226874,User_2418,3,19,5,1005358761,Perfect!,I love this product so much. It exceeded all my expectations. Loved the flavor and texture. Will be ordering more very soon.
2420,B0083536,A398330,User_2419,28,33,4,1059375913,Loved it!,Absolutely delicious and healthy. I cannot imagine my life without it. Perfect in every way. My family loves it and we keep buying more.
2421,B0039687,A996239,User_2420,41,62,5,1261916509,Good!,This is the best food product I have tried in years. So delicious! Outstanding product. Five stars without any hesitation.
2422,B0045210,A276589,User_2421,2,9,5,1209622913,Good!,Great quality and fast shipping. Will definitely buy again. Outstanding product. Five stars without any hesitation.
2423,B0067361,A532210,User_2422,20,30,1,1109414021,Don't buy,Poor quality packaging. Items were damaged when received. Horrible product. Returned it immediately. Do not buy this.
2424,B0020484,A437062,User_2423,1,22,5,1057938660,Wonderful!,Absolutely delicious and healthy. I cannot imagine my life without it. This product is absolutely amazing! Best purchase I have ever made.
2425,B0010950,A261308,User_2424,12,30,1,1404342071,Terrible,Nothing as advertised. Feels like a scam. Very unhappy. Extremely bitter and unpleasant. Could not eat it at all.
2426,B0063306,A105999,User_2425,22,44,5,1325310853,Good!,Outstanding product. Five stars without any hesitation. The taste is divine and it keeps me energized throughout the day.
2427,B0033854,A226569,User_2426,13,17,5,1048574360,Excellent!,Superb quality and flavor. This is now a staple in my household. Best snack I have ever had. My kids absolutely love it too.
2428,B0097272,A969110,User_2427,23,39,5,1306375077,Perfect!,"Perfectly packaged and freshly delivered. Very happy with this order. Wonderful taste, great packaging, and arrived on time. Love it!"
2429,B0080378,A270173,User_2428,12,22,5,1443184434,5 stars!,Very happy with this purchase. Arrived quickly and well packaged. Perfectly packaged and freshly delivered. Very happy with this order.
2430,B0039826,A960661,User_2429,1,15,3,1269729063,Not bad,Neither impressive nor disappointing. Just a regular purchase. Average product. Neither good nor bad. Just acceptable.
2431,B0039080,A845120,User_2430,7,8,5,1462921585,Highly recommend,Best snack I have ever had. My kids absolutely love it too. Absolutely delicious and healthy. I cannot imagine my life without it.
2432,B0044859,A132011,User_2431,47,70,5,1228302903,Fantastic!,Fantastic taste and great value for money. Highly recommend! Very happy with this purchase. Arrived quickly and well packaged.
2433,B0093588,A213322,User_2432,29,30,5,1130844570,5 stars!,Very happy with this purchase. Arrived quickly and well packaged. The taste is divine and it keeps me energized throughout the day.
2434,B0093007,A572094,User_2433,32,32,5,1250552783,Loved it!,Outstanding product. Five stars without any hesitation. The taste is divine and it keeps me energized throughout the day.
2435,B0055476,A416639,User_2434,31,61,5,1366239696,Loved it!,Very happy with this purchase. Arrived quickly and well packaged. Excellent product! The quality is outstanding and it tastes wonderful.
2436,B0093441,A145045,User_2435,38,62,1,1349817353,Waste of money,I regret buying this. The smell is awful and taste is worse. The flavor is disgusting and the texture is completely off.
2437,B0058271,A259537,User_2436,4,23,5,1009115686,Loved it!,Loved the flavor and texture. Will be ordering more very soon. Loved the flavor and texture. Will be ordering more very soon.
2438,B0072958,A154149,User_2437,17,46,4,1449283029,Good!,This product is absolutely amazing! Best purchase I have ever made. This product is absolutely amazing! Best purchase I have ever made.
2439,B0041813,A749361,User_2438,3,14,5,1281409154,Great product!,Top notch quality. I am very satisfied with my purchase. Absolutely delicious and healthy. I cannot imagine my life without it.
2440,B0054842,A630672,User_2439,17,30,5,1194787909,Great product!,Very happy with this purchase. Arrived quickly and well packaged. Great purchase. The product tastes exactly as described.
2441,B0065742,A778011,User_2440,19,23,1,1358284538,Very bad,Product was stale and expired. Very unhappy with this purchase. Not worth a single penny. Quality is shockingly bad.
2442,B0032738,A417431,User_2441,11,11,4,1185702848,Wonderful!,Very happy with this purchase. Arrived quickly and well packaged. Fantastic taste and great value for money. Highly recommend!
2443,B0035280,A835933,User_2442,1,23,5,1121452117,Amazing!,Outstanding product. Five stars without any hesitation. Top notch quality. I am very satisfied with my purchase.
2444,B0095245,A422147,User_2443,25,46,5,1436102349,Great product!,I love this product so much. It exceeded all my expectations. Perfect in every way. My family loves it and we keep buying more.
2445,B0026916,A557011,User_2444,26,31,5,1208470493,Wonderful!,Great quality and fast shipping. Will definitely buy again. Loved the flavor and texture. Will be ordering more very soon.
2446,B0069364,A748303,User_2445,45,54,3,1002378874,Acceptable,Middling product. Not excited to reorder but might anyway. It is okay. Nothing special but does the job.
2447,B0075497,A627639,User_2446,42,50,1,1225518634,Terrible,Worst purchase I have ever made. Do not waste your money. Not worth a single penny. Quality is shockingly bad.
2448,B0094451,A638433,User_2447,41,42,3,1423116995,Okay,"It does what it says. Nothing more, nothing less. It does what it says. Nothing more, nothing less."
2449,B0014790,A645859,User_2448,45,72,3,1080480139,Fine,Neither impressive nor disappointing. Just a regular purchase. Meets basic expectations. Nothing stands out about it.
2450,B0017331,A509997,User_2449,23,37,1,1093295689,Disgusting,Product was stale and expired. Very unhappy with this purchase. The flavor is disgusting and the texture is completely off.
2451,B0043382,A522833,User_2450,46,63,1,1103427201,Horrible,Extremely bitter and unpleasant. Could not eat it at all. Poor quality packaging. Items were damaged when received.
2452,B0053331,A481668,User_2451,37,49,5,1006480490,Highly recommend,Really good product. I order this every month for my family. Superb quality and flavor. This is now a staple in my household.
2453,B0037913,A754564,User_2452,43,60,5,1221850104,Wonderful!,"Superb quality and flavor. This is now a staple in my household. Wonderful taste, great packaging, and arrived on time. Love it!"
2454,B0054519,A411736,User_2453,21,50,5,1101234056,Highly recommend,Great purchase. The product tastes exactly as described. I love this product so much. It exceeded all my expectations.
2455,B0079565,A670172,User_2454,21,37,5,1186991069,Good!,Top notch quality. I am very satisfied with my purchase. Top notch quality. I am very satisfied with my purchase.
2456,B0056720,A177702,User_2455,40,66,3,1223971129,Alright,Decent enough for the price. Not amazing but not terrible either. Middling product. Not excited to reorder but might anyway.
2457,B0086547,A824599,User_2456,50,56,2,1252570879,Not recommended,Horrible product. Returned it immediately. Do not buy this. Not worth a single penny. Quality is shockingly bad.
2458,B0071579,A668813,User_2457,32,49,1,1110641092,Very bad,Nothing as advertised. Feels like a scam. Very unhappy. Very disappointed. The taste was nothing like described.
2459,B0038616,A254010,User_2458,35,56,4,1344227258,Amazing!,Fantastic taste and great value for money. Highly recommend! The taste is divine and it keeps me energized throughout the day.
2460,B0017981,A585858,User_2459,20,43,3,1395624176,Average,"It does what it says. Nothing more, nothing less. Okay product. Will consider alternatives next time."
2461,B0026492,A295682,User_2460,42,68,1,1189400288,Don't buy,The flavor is disgusting and the texture is completely off. Extremely bitter and unpleasant. Could not eat it at all.
2462,B0070592,A938116,User_2461,14,34,5,1263245041,Great product!,The taste is divine and it keeps me energized throughout the day. Superb quality and flavor. This is now a staple in my household.
2463,B0038917,A728996,User_2462,6,21,4,1244154829,Perfect!,Perfect in every way. My family loves it and we keep buying more. Very happy with this purchase. Arrived quickly and well packaged.
2464,B0093365,A230678,User_2463,19,45,5,1200635883,Excellent!,"I love this product so much. It exceeded all my expectations. Wonderful taste, great packaging, and arrived on time. Love it!"
2465,B0097712,A359305,User_2464,1,10,4,1210234829,Good!,Fantastic taste and great value for money. Highly recommend! Very happy with this purchase. Arrived quickly and well packaged.
2466,B0026588,A794235,User_2465,28,58,4,1333043432,Amazing!,Excellent product! The quality is outstanding and it tastes wonderful. I love this product so much. It exceeded all my expectations.
2467,B0032310,A504315,User_2466,19,29,4,1392673069,Fantastic!,Superb quality and flavor. This is now a staple in my household. Absolutely delicious and healthy. I cannot imagine my life without it.
2468,B0082188,A579264,User_2467,37,66,5,1155333554,Fantastic!,"Very happy with this purchase. Arrived quickly and well packaged. Wonderful taste, great packaging, and arrived on time. Love it!"
2469,B0055140,A800474,User_2468,2,17,4,1089228641,Wonderful!,Perfectly packaged and freshly delivered. Very happy with this order. The taste is divine and it keeps me energized throughout the day.
2470,B0068741,A442830,User_2469,48,65,5,1411431634,Excellent!,This product is absolutely amazing! Best purchase I have ever made. This is the best food product I have tried in years. So delicious!
2471,B0012968,A736140,User_2470,22,52,2,1326409890,Disgusting,Nothing as advertised. Feels like a scam. Very unhappy. I regret buying this. The smell is awful and taste is worse.
2472,B0050917,A206725,User_2471,31,55,3,1279622391,Okay,It is fine. I have had better but also much worse. It is okay. Nothing special but does the job.
2473,B0031393,A536566,User_2472,15,38,3,1166101425,Average,It is fine. I have had better but also much worse. Average taste. Expected better but it is passable.
2474,B0043367,A427335,User_2473,24,47,1,1429704860,Poor quality,Tasted terrible. Threw it straight in the bin. Complete waste. Disappointed and frustrated. This product ruined my meal.
2475,B0015473,A386377,User_2474,19,36,4,1034834431,5 stars!,Perfectly packaged and freshly delivered. Very happy with this order. Loved the flavor and texture. Will be ordering more very soon.
2476,B0029974,A827553,User_2475,26,29,1,1001002429,Disgusting,Horrible product. Returned it immediately. Do not buy this. Packaging was horrible and the product leaked everywhere.
2477,B0053393,A770317,User_2476,28,30,4,1429099082,Perfect!,Perfect in every way. My family loves it and we keep buying more. The taste is divine and it keeps me energized throughout the day.
2478,B0054850,A704728,User_2477,41,64,5,1159970681,Perfect!,Top notch quality. I am very satisfied with my purchase. This is the best food product I have tried in years. So delicious!
2479,B0054269,A229765,User_2478,28,37,5,1472377975,Highly recommend,The taste is divine and it keeps me energized throughout the day. Fantastic taste and great value for money. Highly recommend!
2480,B0048057,A428576,User_2479,7,28,3,1004509614,So so,It is okay. Nothing special but does the job. Average taste. Expected better but it is passable.
2481,B0063810,A300685,User_2480,15,15,5,1449949325,Wonderful!,I love this product so much. It exceeded all my expectations. Very happy with this purchase. Arrived quickly and well packaged.
2482,B0078315,A934558,User_2481,11,18,4,1381143605,Amazing!,Excellent product! The quality is outstanding and it tastes wonderful. Absolutely delicious and healthy. I cannot imagine my life without it.
2483,B0089119,A256797,User_2482,44,74,5,1018970190,Wonderful!,The taste is divine and it keeps me energized throughout the day. Loved the flavor and texture. Will be ordering more very soon.
2484,B0099644,A854264,User_2483,47,77,3,1116548218,Decent,Average product. Neither good nor bad. Just acceptable. Decent enough for the price. Not amazing but not terrible either.
2485,B0039220,A219201,User_2484,50,72,5,1459102465,5 stars!,This product is absolutely amazing! Best purchase I have ever made. Top notch quality. I am very satisfied with my purchase.
4023,B0086393,A664583,User_4022,21,40,4,1014888381,Great product!,Incredible product at a very reasonable price. Highly recommended! The taste is divine and it keeps me energized throughout the day.
2487,B0068965,A786430,User_2486,5,13,4,1085548909,Great product!,Incredible product at a very reasonable price. Highly recommended! Great purchase. The product tastes exactly as described.
2488,B0070051,A126672,User_2487,15,44,3,1251670960,Alright,Okay product. Will consider alternatives next time. It is fine. I have had better but also much worse.
2489,B0095097,A199722,User_2488,5,23,3,1109113333,Decent,Decent enough for the price. Not amazing but not terrible either. Average product. Neither good nor bad. Just acceptable.
2490,B0015069,A203152,User_2489,16,31,5,1009913954,Perfect!,Very happy with this purchase. Arrived quickly and well packaged. Top notch quality. I am very satisfied with my purchase.
2491,B0048426,A299950,User_2490,35,36,5,1117038711,Great product!,Excellent product! The quality is outstanding and it tastes wonderful. The taste is divine and it keeps me energized throughout the day.
2492,B0023665,A164630,User_2491,0,11,5,1403940171,Excellent!,"Perfect in every way. My family loves it and we keep buying more. Wonderful taste, great packaging, and arrived on time. Love it!"
2493,B0023631,A642514,User_2492,33,33,5,1068430096,Fantastic!,This product is absolutely amazing! Best purchase I have ever made. Fantastic taste and great value for money. Highly recommend!
2494,B0064469,A429929,User_2493,13,19,5,1165645064,Wonderful!,Perfect in every way. My family loves it and we keep buying more. Really good product. I order this every month for my family.
2495,B0072478,A244068,User_2494,11,23,1,1411774317,Very bad,Packaging was horrible and the product leaked everywhere. Packaging was horrible and the product leaked everywhere.
2496,B0083127,A328304,User_2495,32,36,5,1281192033,Highly recommend,Incredible product at a very reasonable price. Highly recommended! I love this product so much. It exceeded all my expectations.
2497,B0080442,A207312,User_2496,10,17,3,1093477124,Passable,Average product. Neither good nor bad. Just acceptable. It is fine. I have had better but also much worse.
2498,B0019063,A476757,User_2497,26,27,5,1380882169,Amazing!,Great purchase. The product tastes exactly as described. Superb quality and flavor. This is now a staple in my household.
2499,B0057144,A522200,User_2498,1,7,1,1238633341,Waste of money,Terrible product. Arrived broken and smelled awful. Never again. Horrible product. Returned it immediately. Do not buy this.
2500,B0086517,A969082,User_2499,38,64,1,1163534087,Poor quality,Disappointed and frustrated. This product ruined my meal. The flavor is disgusting and the texture is completely off.
2501,B0065224,A659541,User_2500,15,34,3,1464325358,Decent,Decent enough for the price. Not amazing but not terrible either. It is fine. I have had better but also much worse.
2502,B0093575,A904784,User_2501,1,14,5,1372998652,Fantastic!,Loved the flavor and texture. Will be ordering more very soon. I love this product so much. It exceeded all my expectations.
2503,B0047419,A279123,User_2502,17,29,4,1204514039,5 stars!,I love this product so much. It exceeded all my expectations. Perfect in every way. My family loves it and we keep buying more.
2504,B0062393,A347277,User_2503,30,46,5,1111142320,Amazing!,"Really good product. I order this every month for my family. Wonderful taste, great packaging, and arrived on time. Love it!"
2505,B0094531,A403898,User_2504,21,23,5,1401659777,Wonderful!,The taste is divine and it keeps me energized throughout the day. Incredible product at a very reasonable price. Highly recommended!
2506,B0070323,A291921,User_2505,40,42,2,1426169795,Disgusting,The flavor is disgusting and the texture is completely off. Extremely bitter and unpleasant. Could not eat it at all.
2507,B0040519,A669528,User_2506,32,39,5,1174417110,Fantastic!,This is the best food product I have tried in years. So delicious! This is the best food product I have tried in years. So delicious!
2508,B0079159,A362883,User_2507,19,25,5,1068356949,5 stars!,Really good product. I order this every month for my family. Outstanding product. Five stars without any hesitation.
2509,B0061245,A850010,User_2508,16,35,1,1366957001,Awful,Extremely bitter and unpleasant. Could not eat it at all. Tasted terrible. Threw it straight in the bin. Complete waste.
2510,B0054993,A112970,User_2509,12,33,5,1389031434,Amazing!,Very happy with this purchase. Arrived quickly and well packaged. Perfectly packaged and freshly delivered. Very happy with this order.
2511,B0059822,A862593,User_2510,13,38,2,1123087465,Horrible,I regret buying this. The smell is awful and taste is worse. Extremely bitter and unpleasant. Could not eat it at all.
2512,B0089786,A231474,User_2511,40,47,4,1422542389,Amazing!,Best snack I have ever had. My kids absolutely love it too. Excellent product! The quality is outstanding and it tastes wonderful.
2513,B0011331,A254718,User_2512,15,27,5,1183363236,5 stars!,Really good product. I order this every month for my family. Excellent product! The quality is outstanding and it tastes wonderful.
2514,B0048931,A861819,User_2513,21,25,5,1450463025,Perfect!,This is the best food product I have tried in years. So delicious! The taste is divine and it keeps me energized throughout the day.
2515,B0046508,A870468,User_2514,35,47,4,1221812419,Excellent!,I love this product so much. It exceeded all my expectations. This is the best food product I have tried in years. So delicious!
2516,B0077488,A364029,User_2515,35,53,5,1043413310,Wonderful!,Very happy with this purchase. Arrived quickly and well packaged. This is the best food product I have tried in years. So delicious!
2517,B0097975,A513701,User_2516,17,18,1,1062242604,Disappointed,Extremely bitter and unpleasant. Could not eat it at all. Very bad experience. Product did not match the description at all.
2518,B0044675,A282615,User_2517,27,39,3,1298924003,Not bad,It is fine. I have had better but also much worse. Middling product. Not excited to reorder but might anyway.
2519,B0097966,A512159,User_2518,48,73,4,1276409073,5 stars!,Perfect in every way. My family loves it and we keep buying more. Excellent product! The quality is outstanding and it tastes wonderful.
2520,B0066522,A599765,User_2519,35,52,3,1370710372,Average,It is okay. Nothing special but does the job. Average product. Neither good nor bad. Just acceptable.
2521,B0075465,A974125,User_2520,42,60,5,1404154174,Good!,Fantastic taste and great value for money. Highly recommend! Great purchase. The product tastes exactly as described.
2522,B0039919,A185640,User_2521,27,34,5,1081200055,Amazing!,Fantastic taste and great value for money. Highly recommend! Really good product. I order this every month for my family.
2523,B0037161,A760321,User_2522,22,48,5,1006907748,Perfect!,Perfectly packaged and freshly delivered. Very happy with this order. Perfectly packaged and freshly delivered. Very happy with this order.
2524,B0034564,A354485,User_2523,10,35,5,1130370945,Loved it!,This product is absolutely amazing! Best purchase I have ever made. Incredible product at a very reasonable price. Highly recommended!
2525,B0033372,A918265,User_2524,5,23,3,1448182311,Decent,"Neither impressive nor disappointing. Just a regular purchase. It does what it says. Nothing more, nothing less."
2526,B0091736,A265778,User_2525,6,13,1,1289933260,Very bad,Product was stale and expired. Very unhappy with this purchase. Not worth a single penny. Quality is shockingly bad.
2527,B0019247,A110514,User_2526,10,38,1,1001774828,Disgusting,Worst purchase I have ever made. Do not waste your money. Worst purchase I have ever made. Do not waste your money.
2528,B0031369,A246210,User_2527,15,36,4,1368686611,Good!,Outstanding product. Five stars without any hesitation. This is the best food product I have tried in years. So delicious!
2529,B0047148,A428345,User_2528,13,20,5,1452618960,Wonderful!,The taste is divine and it keeps me energized throughout the day. Perfectly packaged and freshly delivered. Very happy with this order.
2530,B0081350,A358890,User_2529,9,32,5,1230461222,Wonderful!,I love this product so much. It exceeded all my expectations. Great purchase. The product tastes exactly as described.
2531,B0088943,A975595,User_2530,48,56,3,1460070213,Alright,Middling product. Not excited to reorder but might anyway. Neither impressive nor disappointing. Just a regular purchase.
2532,B0053292,A894372,User_2531,1,16,5,1442530875,5 stars!,Loved the flavor and texture. Will be ordering more very soon. Great purchase. The product tastes exactly as described.
2533,B0056170,A365434,User_2532,9,31,5,1361098893,5 stars!,Absolutely delicious and healthy. I cannot imagine my life without it. Top notch quality. I am very satisfied with my purchase.
2534,B0080078,A266645,User_2533,13,23,5,1377725528,Loved it!,Absolutely delicious and healthy. I cannot imagine my life without it. Excellent product! The quality is outstanding and it tastes wonderful.
2535,B0070980,A353484,User_2534,24,43,5,1386479518,Loved it!,This is the best food product I have tried in years. So delicious! Outstanding product. Five stars without any hesitation.
2536,B0067370,A662976,User_2535,28,50,3,1312830195,Average,It is okay. Nothing special but does the job. Middling product. Not excited to reorder but might anyway.
2537,B0013802,A544503,User_2536,24,24,1,1176907128,Horrible,Nothing as advertised. Feels like a scam. Very unhappy. Very bad experience. Product did not match the description at all.
2538,B0011385,A562433,User_2537,16,27,4,1271428931,Excellent!,Top notch quality. I am very satisfied with my purchase. Great purchase. The product tastes exactly as described.
2539,B0096407,A938694,User_2538,10,17,5,1357661535,Highly recommend,Superb quality and flavor. This is now a staple in my household. This is the best food product I have tried in years. So delicious!
2540,B0065474,A141266,User_2539,24,35,3,1221769989,Okay,Meets basic expectations. Nothing stands out about it. Middling product. Not excited to reorder but might anyway.
2541,B0031191,A953061,User_2540,39,61,5,1074485676,Great product!,Outstanding product. Five stars without any hesitation. I love this product so much. It exceeded all my expectations.
2542,B0041346,A569959,User_2541,9,18,5,1355041510,Wonderful!,This is the best food product I have tried in years. So delicious! I love this product so much. It exceeded all my expectations.
2543,B0098786,A597116,User_2542,26,35,5,1036027984,Loved it!,Great purchase. The product tastes exactly as described. This is the best food product I have tried in years. So delicious!
2544,B0090604,A503560,User_2543,3,21,4,1301819152,Fantastic!,I love this product so much. It exceeded all my expectations. Outstanding product. Five stars without any hesitation.
2545,B0044310,A131077,User_2544,18,35,2,1179766296,Not recommended,Not worth a single penny. Quality is shockingly bad. Horrible product. Returned it immediately. Do not buy this.
2546,B0050997,A426040,User_2545,12,31,5,1107304776,Good!,Great purchase. The product tastes exactly as described. Excellent product! The quality is outstanding and it tastes wonderful.
2547,B0086373,A910295,User_2546,50,55,1,1493104414,Awful,Very disappointed. The taste was nothing like described. Not worth a single penny. Quality is shockingly bad.
2548,B0087702,A241154,User_2547,9,26,5,1348664303,Highly recommend,Top notch quality. I am very satisfied with my purchase. Incredible product at a very reasonable price. Highly recommended!
2549,B0098799,A749151,User_2548,49,57,3,1356818272,Decent,"It does what it says. Nothing more, nothing less. It is okay. Nothing special but does the job."
2550,B0046575,A867286,User_2549,8,13,4,1469558691,Excellent!,This product is absolutely amazing! Best purchase I have ever made. Best snack I have ever had. My kids absolutely love it too.
2551,B0030926,A307516,User_2550,23,41,5,1034399977,Fantastic!,Perfect in every way. My family loves it and we keep buying more. Perfect in every way. My family loves it and we keep buying more.
2552,B0065279,A783475,User_2551,45,48,1,1381270140,Not recommended,Packaging was horrible and the product leaked everywhere. Worst purchase I have ever made. Do not waste your money.
2553,B0045990,A765301,User_2552,4,16,2,1055284136,Terrible,Poor quality packaging. Items were damaged when received. Tasted terrible. Threw it straight in the bin. Complete waste.
2554,B0014164,A793229,User_2553,35,52,5,1050405343,Excellent!,"Wonderful taste, great packaging, and arrived on time. Love it! Top notch quality. I am very satisfied with my purchase."
2555,B0073988,A792770,User_2554,22,47,1,1352112834,Don't buy,Disappointed and frustrated. This product ruined my meal. Extremely bitter and unpleasant. Could not eat it at all.
2556,B0064077,A718704,User_2555,32,59,5,1499353127,Highly recommend,Absolutely delicious and healthy. I cannot imagine my life without it. This is the best food product I have tried in years. So delicious!
2557,B0013149,A887789,User_2556,23,49,4,1087820917,Fantastic!,Great quality and fast shipping. Will definitely buy again. Very happy with this purchase. Arrived quickly and well packaged.
2558,B0093385,A661263,User_2557,19,30,5,1269786541,Excellent!,Perfectly packaged and freshly delivered. Very happy with this order. Great purchase. The product tastes exactly as described.
2559,B0082765,A617465,User_2558,27,51,4,1409153922,Loved it!,Loved the flavor and texture. Will be ordering more very soon. Very happy with this purchase. Arrived quickly and well packaged.
2560,B0087940,A770870,User_2559,25,32,5,1042199166,Amazing!,Perfect in every way. My family loves it and we keep buying more. Top notch quality. I am very satisfied with my purchase.
2561,B0052340,A840377,User_2560,25,39,5,1250521542,Wonderful!,Outstanding product. Five stars without any hesitation. Top notch quality. I am very satisfied with my purchase.
2562,B0037043,A547329,User_2561,8,21,1,1260074571,Poor quality,The flavor is disgusting and the texture is completely off. Disappointed and frustrated. This product ruined my meal.
2563,B0017753,A842736,User_2562,23,24,3,1426902986,Acceptable,"It does what it says. Nothing more, nothing less. Decent enough for the price. Not amazing but not terrible either."
2564,B0021159,A514333,User_2563,18,29,4,1323677543,Fantastic!,Absolutely delicious and healthy. I cannot imagine my life without it. Great purchase. The product tastes exactly as described.
2565,B0026878,A592585,User_2564,4,15,1,1016116873,Poor quality,Extremely bitter and unpleasant. Could not eat it at all. Packaging was horrible and the product leaked everywhere.
2566,B0016186,A417072,User_2565,6,10,5,1434618084,Good!,"Wonderful taste, great packaging, and arrived on time. Love it! Best snack I have ever had. My kids absolutely love it too."
2567,B0039542,A154325,User_2566,32,38,1,1112258563,Terrible,Extremely bitter and unpleasant. Could not eat it at all. Product was stale and expired. Very unhappy with this purchase.
2568,B0042104,A665267,User_2567,21,46,5,1342280907,Excellent!,Superb quality and flavor. This is now a staple in my household. This product is absolutely amazing! Best purchase I have ever made.
2569,B0085487,A834842,User_2568,23,24,5,1210081328,Amazing!,Superb quality and flavor. This is now a staple in my household. Perfectly packaged and freshly delivered. Very happy with this order.
2570,B0077063,A623456,User_2569,27,51,1,1227578911,Poor quality,Very bad experience. Product did not match the description at all. Very disappointed. The taste was nothing like described.
2571,B0013792,A610441,User_2570,24,34,4,1206661896,Highly recommend,Incredible product at a very reasonable price. Highly recommended! The taste is divine and it keeps me energized throughout the day.
2572,B0025378,A240607,User_2571,9,13,2,1211121242,Awful,Packaging was horrible and the product leaked everywhere. I regret buying this. The smell is awful and taste is worse.
2573,B0041630,A178683,User_2572,17,29,2,1122693891,Waste of money,Worst purchase I have ever made. Do not waste your money. Very disappointed. The taste was nothing like described.
2574,B0076132,A141646,User_2573,12,25,4,1210605278,Highly recommend,"Great quality and fast shipping. Will definitely buy again. Wonderful taste, great packaging, and arrived on time. Love it!"
2575,B0075378,A570623,User_2574,36,44,5,1349466267,Perfect!,Great purchase. The product tastes exactly as described. Perfect in every way. My family loves it and we keep buying more.
2576,B0021942,A781877,User_2575,2,10,3,1386569615,Decent,"It does what it says. Nothing more, nothing less. It is okay. Nothing special but does the job."
2577,B0059272,A454462,User_2576,10,39,1,1331075704,Poor quality,Not worth a single penny. Quality is shockingly bad. Very disappointed. The taste was nothing like described.
2578,B0028845,A287147,User_2577,21,40,2,1163057638,Poor quality,Very disappointed. The taste was nothing like described. Very disappointed. The taste was nothing like described.
2579,B0081342,A932036,User_2578,36,53,1,1257784677,Awful,The flavor is disgusting and the texture is completely off. Horrible product. Returned it immediately. Do not buy this.
2580,B0039339,A406302,User_2579,33,54,5,1094052724,Fantastic!,Really good product. I order this every month for my family. Really good product. I order this every month for my family.
2581,B0042473,A983779,User_2580,27,42,5,1272257034,Good!,Perfectly packaged and freshly delivered. Very happy with this order. Outstanding product. Five stars without any hesitation.
2582,B0056642,A821576,User_2581,3,33,5,1039533943,Excellent!,"Best snack I have ever had. My kids absolutely love it too. Wonderful taste, great packaging, and arrived on time. Love it!"
2583,B0065613,A154273,User_2582,14,41,5,1348989724,Perfect!,This is the best food product I have tried in years. So delicious! Fantastic taste and great value for money. Highly recommend!
2584,B0082053,A121458,User_2583,6,28,1,1132211600,Not recommended,Disappointed and frustrated. This product ruined my meal. Worst purchase I have ever made. Do not waste your money.
2585,B0091861,A352813,User_2584,36,46,5,1085021777,Excellent!,Superb quality and flavor. This is now a staple in my household. Great purchase. The product tastes exactly as described.
2586,B0016991,A973002,User_2585,49,59,5,1222342829,Great product!,Outstanding product. Five stars without any hesitation. Excellent product! The quality is outstanding and it tastes wonderful.
2587,B0052004,A329284,User_2586,9,22,3,1455830245,So so,It is okay. Nothing special but does the job. Neither impressive nor disappointing. Just a regular purchase.
2588,B0081842,A832910,User_2587,19,26,5,1175218150,Great product!,This product is absolutely amazing! Best purchase I have ever made. Really good product. I order this every month for my family.
2589,B0019921,A137534,User_2588,27,54,5,1312197142,Excellent!,Loved the flavor and texture. Will be ordering more very soon. Absolutely delicious and healthy. I cannot imagine my life without it.
2590,B0015005,A929819,User_2589,10,29,5,1276714855,5 stars!,Outstanding product. Five stars without any hesitation. Perfectly packaged and freshly delivered. Very happy with this order.
2591,B0080888,A488362,User_2590,5,30,4,1150260012,Great product!,Absolutely delicious and healthy. I cannot imagine my life without it. I love this product so much. It exceeded all my expectations.
2592,B0098297,A995980,User_2591,5,34,1,1180542874,Poor quality,Poor quality packaging. Items were damaged when received. Extremely bitter and unpleasant. Could not eat it at all.
2593,B0012216,A176590,User_2592,11,12,3,1005460474,Not bad,Decent enough for the price. Not amazing but not terrible either. It is okay. Nothing special but does the job.
2594,B0025331,A119576,User_2593,10,38,4,1103344792,Good!,Superb quality and flavor. This is now a staple in my household. Superb quality and flavor. This is now a staple in my household.
2595,B0057969,A821339,User_2594,39,39,4,1107938721,Good!,Fantastic taste and great value for money. Highly recommend! Great quality and fast shipping. Will definitely buy again.
2596,B0038633,A805916,User_2595,31,34,1,1367149091,Waste of money,Worst purchase I have ever made. Do not waste your money. Not worth a single penny. Quality is shockingly bad.
2597,B0037093,A953934,User_2596,18,22,4,1263783796,Fantastic!,"Wonderful taste, great packaging, and arrived on time. Love it! Perfectly packaged and freshly delivered. Very happy with this order."
2598,B0069904,A942946,User_2597,6,21,5,1328087464,Perfect!,Perfectly packaged and freshly delivered. Very happy with this order. This is the best food product I have tried in years. So delicious!
2599,B0046726,A890969,User_2598,42,47,5,1026440013,5 stars!,"Wonderful taste, great packaging, and arrived on time. Love it! Great quality and fast shipping. Will definitely buy again."
2600,B0035916,A727411,User_2599,19,28,1,1385003778,Don't buy,Not worth a single penny. Quality is shockingly bad. Packaging was horrible and the product leaked everywhere.
2601,B0052739,A849401,User_2600,50,77,1,1092896153,Disappointed,Horrible product. Returned it immediately. Do not buy this. Nothing as advertised. Feels like a scam. Very unhappy.
2602,B0062913,A616996,User_2601,9,31,5,1358545496,Wonderful!,Really good product. I order this every month for my family. Very happy with this purchase. Arrived quickly and well packaged.
2603,B0070081,A251666,User_2602,6,20,4,1356493572,Highly recommend,I love this product so much. It exceeded all my expectations. Great quality and fast shipping. Will definitely buy again.
2604,B0012775,A397436,User_2603,37,44,5,1322776169,5 stars!,"I love this product so much. It exceeded all my expectations. Wonderful taste, great packaging, and arrived on time. Love it!"
2605,B0026947,A937055,User_2604,46,64,1,1149292705,Don't buy,Nothing as advertised. Feels like a scam. Very unhappy. Nothing as advertised. Feels like a scam. Very unhappy.
2606,B0093347,A584391,User_2605,10,22,4,1016571167,5 stars!,Very happy with this purchase. Arrived quickly and well packaged. Loved the flavor and texture. Will be ordering more very soon.
2607,B0095974,A943397,User_2606,24,29,4,1447000316,Amazing!,I love this product so much. It exceeded all my expectations. Great quality and fast shipping. Will definitely buy again.
2608,B0068962,A244251,User_2607,28,32,1,1120750240,Horrible,Packaging was horrible and the product leaked everywhere. Tasted terrible. Threw it straight in the bin. Complete waste.
2609,B0074356,A461407,User_2608,48,66,1,1263371617,Horrible,I regret buying this. The smell is awful and taste is worse. I regret buying this. The smell is awful and taste is worse.
2610,B0031718,A389941,User_2609,26,28,3,1193932272,Acceptable,Decent enough for the price. Not amazing but not terrible either. It is okay. Nothing special but does the job.
2611,B0077042,A291728,User_2610,15,31,4,1117417774,Highly recommend,Really good product. I order this every month for my family. Perfect in every way. My family loves it and we keep buying more.
2612,B0070398,A553258,User_2611,2,26,5,1185239874,Excellent!,This is the best food product I have tried in years. So delicious! Very happy with this purchase. Arrived quickly and well packaged.
2613,B0019290,A463179,User_2612,0,3,5,1339808055,5 stars!,Superb quality and flavor. This is now a staple in my household. Really good product. I order this every month for my family.
2614,B0051781,A403394,User_2613,21,42,5,1369633018,Highly recommend,Best snack I have ever had. My kids absolutely love it too. Very happy with this purchase. Arrived quickly and well packaged.
2615,B0059934,A167875,User_2614,33,45,2,1106265750,Awful,I regret buying this. The smell is awful and taste is worse. I regret buying this. The smell is awful and taste is worse.
2616,B0057948,A558089,User_2615,49,79,3,1357714224,So so,Middling product. Not excited to reorder but might anyway. Middling product. Not excited to reorder but might anyway.
2617,B0089711,A881127,User_2616,35,44,2,1398501064,Disgusting,Terrible product. Arrived broken and smelled awful. Never again. Packaging was horrible and the product leaked everywhere.
2618,B0066556,A950209,User_2617,1,14,5,1057797282,5 stars!,Top notch quality. I am very satisfied with my purchase. Great quality and fast shipping. Will definitely buy again.
2619,B0096514,A798798,User_2618,38,56,5,1354415522,Wonderful!,I love this product so much. It exceeded all my expectations. Loved the flavor and texture. Will be ordering more very soon.
2620,B0091395,A657684,User_2619,16,25,5,1107840708,Wonderful!,Really good product. I order this every month for my family. The taste is divine and it keeps me energized throughout the day.
2621,B0058246,A721397,User_2620,16,16,3,1083376270,So so,"It is okay. Nothing special but does the job. It does what it says. Nothing more, nothing less."
2622,B0070644,A803502,User_2621,25,25,5,1381443461,Loved it!,Great quality and fast shipping. Will definitely buy again. Outstanding product. Five stars without any hesitation.
2623,B0086200,A317440,User_2622,32,59,5,1134718899,Good!,I love this product so much. It exceeded all my expectations. This is the best food product I have tried in years. So delicious!
2624,B0097528,A722359,User_2623,37,43,3,1397090894,Not bad,Average taste. Expected better but it is passable. Middling product. Not excited to reorder but might anyway.
2625,B0048773,A286522,User_2624,24,41,4,1184119829,Loved it!,"Incredible product at a very reasonable price. Highly recommended! Wonderful taste, great packaging, and arrived on time. Love it!"
2626,B0056327,A608974,User_2625,0,21,2,1067723261,Disappointed,Poor quality packaging. Items were damaged when received. Extremely bitter and unpleasant. Could not eat it at all.
2627,B0074833,A985001,User_2626,6,10,5,1453883601,Good!,Really good product. I order this every month for my family. Outstanding product. Five stars without any hesitation.
2628,B0054646,A555503,User_2627,26,31,3,1370051043,Acceptable,Average taste. Expected better but it is passable. Decent enough for the price. Not amazing but not terrible either.
2629,B0084494,A889007,User_2628,48,77,3,1240632918,Average,"It does what it says. Nothing more, nothing less. Decent enough for the price. Not amazing but not terrible either."
1853,B0077542,A614700,User_1852,13,14,4,1266302078,Great product!,Very happy with this purchase. Arrived quickly and well packaged. I love this product so much. It exceeded all my expectations.
2631,B0090164,A890038,User_2630,11,14,4,1177179399,Amazing!,This product is absolutely amazing! Best purchase I have ever made. Outstanding product. Five stars without any hesitation.
2632,B0084716,A844045,User_2631,29,45,2,1222560325,Don't buy,The flavor is disgusting and the texture is completely off. Very disappointed. The taste was nothing like described.
2633,B0058608,A847959,User_2632,50,52,4,1242465901,5 stars!,Perfectly packaged and freshly delivered. Very happy with this order. This is the best food product I have tried in years. So delicious!
2634,B0058214,A345297,User_2633,39,64,5,1445853759,Good!,Absolutely delicious and healthy. I cannot imagine my life without it. Very happy with this purchase. Arrived quickly and well packaged.
2635,B0013331,A709149,User_2634,21,26,3,1052690476,Decent,Average product. Neither good nor bad. Just acceptable. Average product. Neither good nor bad. Just acceptable.
2636,B0054905,A677668,User_2635,1,11,5,1312484351,5 stars!,Incredible product at a very reasonable price. Highly recommended! Very happy with this purchase. Arrived quickly and well packaged.
2637,B0052494,A434561,User_2636,10,16,3,1338958523,Fine,Neither impressive nor disappointing. Just a regular purchase. Average product. Neither good nor bad. Just acceptable.
2638,B0095005,A833286,User_2637,42,71,4,1183772844,Loved it!,Loved the flavor and texture. Will be ordering more very soon. The taste is divine and it keeps me energized throughout the day.
2639,B0041456,A294280,User_2638,20,40,3,1025467139,So so,It is fine. I have had better but also much worse. Meets basic expectations. Nothing stands out about it.
2640,B0092469,A330194,User_2639,0,18,5,1436632587,Loved it!,Great quality and fast shipping. Will definitely buy again. Great quality and fast shipping. Will definitely buy again.
2641,B0060688,A682537,User_2640,20,47,5,1432845808,Good!,Superb quality and flavor. This is now a staple in my household. Really good product. I order this every month for my family.
2642,B0027564,A789506,User_2641,8,23,4,1444707975,Fantastic!,Perfect in every way. My family loves it and we keep buying more. Fantastic taste and great value for money. Highly recommend!
2643,B0083812,A208420,User_2642,2,27,4,1420731133,Fantastic!,Incredible product at a very reasonable price. Highly recommended! Really good product. I order this every month for my family.
2644,B0092777,A944038,User_2643,27,36,1,1392764871,Don't buy,The flavor is disgusting and the texture is completely off. Worst purchase I have ever made. Do not waste your money.
2645,B0020876,A678113,User_2644,44,52,5,1133962631,Highly recommend,Fantastic taste and great value for money. Highly recommend! Great quality and fast shipping. Will definitely buy again.
2646,B0068079,A277481,User_2645,4,20,1,1029267307,Waste of money,Poor quality packaging. Items were damaged when received. Product was stale and expired. Very unhappy with this purchase.
2647,B0025038,A933655,User_2646,1,1,5,1198187831,Excellent!,"Loved the flavor and texture. Will be ordering more very soon. Wonderful taste, great packaging, and arrived on time. Love it!"
2648,B0049369,A636125,User_2647,33,52,3,1216256087,Decent,Okay product. Will consider alternatives next time. Decent enough for the price. Not amazing but not terrible either.
2649,B0077363,A704565,User_2648,16,40,4,1269146930,Great product!,Fantastic taste and great value for money. Highly recommend! Superb quality and flavor. This is now a staple in my household.
2650,B0057782,A299988,User_2649,5,12,5,1244155366,Fantastic!,Fantastic taste and great value for money. Highly recommend! Excellent product! The quality is outstanding and it tastes wonderful.
2651,B0047516,A499850,User_2650,36,63,4,1298204365,Perfect!,"Wonderful taste, great packaging, and arrived on time. Love it! Incredible product at a very reasonable price. Highly recommended!"
2652,B0019739,A779586,User_2651,6,34,2,1033064609,Awful,Product was stale and expired. Very unhappy with this purchase. Disappointed and frustrated. This product ruined my meal.
2653,B0083289,A301016,User_2652,42,52,5,1244856782,Great product!,"Great quality and fast shipping. Will definitely buy again. Wonderful taste, great packaging, and arrived on time. Love it!"
2654,B0039393,A803193,User_2653,37,37,4,1423959645,Great product!,Great quality and fast shipping. Will definitely buy again. Perfect in every way. My family loves it and we keep buying more.
2655,B0091823,A756994,User_2654,25,42,5,1036002000,5 stars!,Loved the flavor and texture. Will be ordering more very soon. Great quality and fast shipping. Will definitely buy again.
2656,B0055216,A274495,User_2655,21,26,5,1067539253,Great product!,Excellent product! The quality is outstanding and it tastes wonderful. The taste is divine and it keeps me energized throughout the day.
2657,B0031030,A914813,User_2656,13,36,4,1376351255,Wonderful!,The taste is divine and it keeps me energized throughout the day. Fantastic taste and great value for money. Highly recommend!
2658,B0051018,A974721,User_2657,15,28,2,1460701560,Don't buy,Poor quality packaging. Items were damaged when received. I regret buying this. The smell is awful and taste is worse.
2659,B0027168,A581736,User_2658,35,42,5,1414930638,Wonderful!,Best snack I have ever had. My kids absolutely love it too. This is the best food product I have tried in years. So delicious!
2660,B0096875,A675962,User_2659,33,42,5,1213683741,Loved it!,Very happy with this purchase. Arrived quickly and well packaged. Perfectly packaged and freshly delivered. Very happy with this order.
2661,B0058099,A782528,User_2660,18,26,5,1177040019,Fantastic!,Absolutely delicious and healthy. I cannot imagine my life without it. The taste is divine and it keeps me energized throughout the day.
2662,B0028797,A547195,User_2661,31,31,5,1081476999,Fantastic!,Fantastic taste and great value for money. Highly recommend! Great purchase. The product tastes exactly as described.
2663,B0018087,A641036,User_2662,44,48,3,1152492141,Acceptable,Neither impressive nor disappointing. Just a regular purchase. Middling product. Not excited to reorder but might anyway.
2664,B0069392,A122378,User_2663,45,46,5,1455918968,Highly recommend,The taste is divine and it keeps me energized throughout the day. Fantastic taste and great value for money. Highly recommend!
2665,B0097652,A601328,User_2664,8,38,4,1458657603,Excellent!,Outstanding product. Five stars without any hesitation. Great quality and fast shipping. Will definitely buy again.
2666,B0079414,A873423,User_2665,45,48,4,1334247949,Loved it!,Fantastic taste and great value for money. Highly recommend! The taste is divine and it keeps me energized throughout the day.
2667,B0094572,A141661,User_2666,13,27,1,1156825317,Horrible,Terrible product. Arrived broken and smelled awful. Never again. Nothing as advertised. Feels like a scam. Very unhappy.
2668,B0075617,A387516,User_2667,24,45,5,1427071783,Excellent!,Fantastic taste and great value for money. Highly recommend! Superb quality and flavor. This is now a staple in my household.
2669,B0031499,A289420,User_2668,13,25,5,1290882443,Highly recommend,This is the best food product I have tried in years. So delicious! Top notch quality. I am very satisfied with my purchase.
2670,B0019739,A782322,User_2669,27,28,5,1324072711,Amazing!,Outstanding product. Five stars without any hesitation. Loved the flavor and texture. Will be ordering more very soon.
2671,B0061689,A343530,User_2670,50,78,5,1038788374,Good!,Great purchase. The product tastes exactly as described. Top notch quality. I am very satisfied with my purchase.
2672,B0095211,A469394,User_2671,13,26,2,1268702469,Awful,I regret buying this. The smell is awful and taste is worse. Packaging was horrible and the product leaked everywhere.
2673,B0051069,A578788,User_2672,11,24,5,1190879091,Amazing!,"Wonderful taste, great packaging, and arrived on time. Love it! Perfect in every way. My family loves it and we keep buying more."
2674,B0022619,A910835,User_2673,37,51,2,1085885158,Very bad,Packaging was horrible and the product leaked everywhere. Not worth a single penny. Quality is shockingly bad.
2675,B0018795,A782034,User_2674,30,60,5,1429132932,Amazing!,Outstanding product. Five stars without any hesitation. Top notch quality. I am very satisfied with my purchase.
2676,B0089987,A342205,User_2675,8,8,5,1388280018,Wonderful!,Excellent product! The quality is outstanding and it tastes wonderful. Loved the flavor and texture. Will be ordering more very soon.
2677,B0092464,A182914,User_2676,35,51,1,1321796803,Disappointed,Tasted terrible. Threw it straight in the bin. Complete waste. Packaging was horrible and the product leaked everywhere.
2678,B0034244,A646375,User_2677,33,41,5,1271297907,5 stars!,Perfect in every way. My family loves it and we keep buying more. Fantastic taste and great value for money. Highly recommend!
2679,B0022128,A744031,User_2678,19,42,2,1127753188,Don't buy,Product was stale and expired. Very unhappy with this purchase. Horrible product. Returned it immediately. Do not buy this.
2680,B0049238,A731331,User_2679,18,26,4,1272557795,Loved it!,I love this product so much. It exceeded all my expectations. The taste is divine and it keeps me energized throughout the day.
2681,B0059055,A485053,User_2680,36,61,2,1269930608,Disgusting,Not worth a single penny. Quality is shockingly bad. Tasted terrible. Threw it straight in the bin. Complete waste.
2682,B0074412,A706929,User_2681,1,11,3,1482894441,Decent,Decent enough for the price. Not amazing but not terrible either. It is fine. I have had better but also much worse.
2683,B0048718,A346692,User_2682,21,21,1,1090864490,Disgusting,Not worth a single penny. Quality is shockingly bad. Extremely bitter and unpleasant. Could not eat it at all.
2684,B0048777,A174214,User_2683,16,38,5,1488189030,Excellent!,Excellent product! The quality is outstanding and it tastes wonderful. Fantastic taste and great value for money. Highly recommend!
2685,B0051899,A960481,User_2684,42,68,2,1002135525,Waste of money,Very bad experience. Product did not match the description at all. Worst purchase I have ever made. Do not waste your money.
2686,B0029521,A184560,User_2685,24,39,3,1486906943,Average,Middling product. Not excited to reorder but might anyway. Middling product. Not excited to reorder but might anyway.
2687,B0017869,A860707,User_2686,22,37,4,1382811523,5 stars!,Outstanding product. Five stars without any hesitation. Really good product. I order this every month for my family.
2688,B0036805,A547093,User_2687,27,57,1,1039640947,Disappointed,Extremely bitter and unpleasant. Could not eat it at all. The flavor is disgusting and the texture is completely off.
2689,B0015290,A814806,User_2688,26,53,5,1176096953,Loved it!,I love this product so much. It exceeded all my expectations. Fantastic taste and great value for money. Highly recommend!
2690,B0097138,A706703,User_2689,43,60,4,1064856122,Great product!,Top notch quality. I am very satisfied with my purchase. Great purchase. The product tastes exactly as described.
2691,B0027761,A721984,User_2690,23,26,5,1148464735,Loved it!,Perfect in every way. My family loves it and we keep buying more. Outstanding product. Five stars without any hesitation.
2692,B0072073,A296174,User_2691,17,37,5,1315197631,Great product!,This product is absolutely amazing! Best purchase I have ever made. The taste is divine and it keeps me energized throughout the day.
2693,B0092663,A807224,User_2692,15,34,4,1250614034,5 stars!,Top notch quality. I am very satisfied with my purchase. Very happy with this purchase. Arrived quickly and well packaged.
2694,B0060556,A184803,User_2693,30,52,5,1237145144,Good!,This is the best food product I have tried in years. So delicious! Perfectly packaged and freshly delivered. Very happy with this order.
2695,B0091652,A782413,User_2694,50,63,5,1266637871,Loved it!,Excellent product! The quality is outstanding and it tastes wonderful. This product is absolutely amazing! Best purchase I have ever made.
2696,B0044350,A300455,User_2695,17,17,3,1222079830,Passable,Average product. Neither good nor bad. Just acceptable. Average product. Neither good nor bad. Just acceptable.
2697,B0070716,A434232,User_2696,44,49,5,1144013877,Perfect!,Superb quality and flavor. This is now a staple in my household. Superb quality and flavor. This is now a staple in my household.
2698,B0036539,A361563,User_2697,12,17,4,1308348696,Amazing!,Fantastic taste and great value for money. Highly recommend! The taste is divine and it keeps me energized throughout the day.
2699,B0013371,A427639,User_2698,12,38,1,1047917683,Not recommended,Worst purchase I have ever made. Do not waste your money. I regret buying this. The smell is awful and taste is worse.
2700,B0077225,A841457,User_2699,42,56,5,1132119579,Good!,"Perfect in every way. My family loves it and we keep buying more. Wonderful taste, great packaging, and arrived on time. Love it!"
2701,B0081686,A590292,User_2700,23,43,4,1214726207,Loved it!,
2702,B0028546,A854885,User_2701,9,31,2,1389705163,Waste of money,Not worth a single penny. Quality is shockingly bad. Product was stale and expired. Very unhappy with this purchase.
2703,B0049345,A159798,User_2702,10,21,5,1045579397,Good!,Excellent product! The quality is outstanding and it tastes wonderful. Loved the flavor and texture. Will be ordering more very soon.
2704,B0017429,A462997,User_2703,48,53,4,1219155864,Great product!,Excellent product! The quality is outstanding and it tastes wonderful. Great purchase. The product tastes exactly as described.
2705,B0034713,A107168,User_2704,14,36,4,1460161939,Excellent!,Perfect in every way. My family loves it and we keep buying more. Great purchase. The product tastes exactly as described.
2706,B0057497,A954689,User_2705,43,59,2,1189004746,Don't buy,Product was stale and expired. Very unhappy with this purchase. I regret buying this. The smell is awful and taste is worse.
2707,B0099548,A592078,User_2706,10,36,3,1236472020,Not bad,Middling product. Not excited to reorder but might anyway. Middling product. Not excited to reorder but might anyway.
2708,B0041715,A996190,User_2707,27,32,3,1222227477,Not bad,Meets basic expectations. Nothing stands out about it. Middling product. Not excited to reorder but might anyway.
2709,B0032584,A787280,User_2708,38,44,5,1450512534,Amazing!,Top notch quality. I am very satisfied with my purchase. This is the best food product I have tried in years. So delicious!
2710,B0022001,A103456,User_2709,24,48,3,1185960769,Acceptable,"It is okay. Nothing special but does the job. It does what it says. Nothing more, nothing less."
2711,B0032089,A619693,User_2710,3,10,4,1073908913,Highly recommend,I love this product so much. It exceeded all my expectations. The taste is divine and it keeps me energized throughout the day.
2712,B0047291,A602777,User_2711,30,42,1,1272807693,Don't buy,Extremely bitter and unpleasant. Could not eat it at all. Horrible product. Returned it immediately. Do not buy this.
2713,B0047451,A493170,User_2712,11,28,3,1484378929,Alright,Middling product. Not excited to reorder but might anyway. Decent enough for the price. Not amazing but not terrible either.
2714,B0011259,A106427,User_2713,38,55,3,1089401610,Alright,"Decent enough for the price. Not amazing but not terrible either. It does what it says. Nothing more, nothing less."
2715,B0032658,A858345,User_2714,33,50,3,1071875019,Normal,"It does what it says. Nothing more, nothing less. Meets basic expectations. Nothing stands out about it."
2716,B0086382,A685723,User_2715,2,15,5,1377494496,Highly recommend,This is the best food product I have tried in years. So delicious! Really good product. I order this every month for my family.
2717,B0036250,A678372,User_2716,33,37,5,1432157692,Great product!,Very happy with this purchase. Arrived quickly and well packaged. Perfect in every way. My family loves it and we keep buying more.
2718,B0067213,A911940,User_2717,29,34,4,1403122325,5 stars!,I love this product so much. It exceeded all my expectations. Great purchase. The product tastes exactly as described.
2719,B0040612,A411985,User_2718,48,48,1,1207623578,Terrible,Horrible product. Returned it immediately. Do not buy this. The flavor is disgusting and the texture is completely off.
2720,B0047953,A693853,User_2719,46,46,2,1058261679,Terrible,Not worth a single penny. Quality is shockingly bad. Tasted terrible. Threw it straight in the bin. Complete waste.
2721,B0094408,A396277,User_2720,44,50,4,1450800378,Great product!,Excellent product! The quality is outstanding and it tastes wonderful. The taste is divine and it keeps me energized throughout the day.
2722,B0012890,A790615,User_2721,50,70,5,1304672542,Good!,Fantastic taste and great value for money. Highly recommend! Top notch quality. I am very satisfied with my purchase.
2723,B0085481,A705939,User_2722,22,32,2,1351925349,Not recommended,Very bad experience. Product did not match the description at all. Terrible product. Arrived broken and smelled awful. Never again.
2724,B0042835,A739024,User_2723,16,21,5,1175980656,Amazing!,Fantastic taste and great value for money. Highly recommend! Best snack I have ever had. My kids absolutely love it too.
2725,B0021829,A741682,User_2724,31,47,5,1352482003,Amazing!,Perfect in every way. My family loves it and we keep buying more. Perfectly packaged and freshly delivered. Very happy with this order.
2726,B0033072,A930858,User_2725,32,51,3,1144361142,Acceptable,Average product. Neither good nor bad. Just acceptable. Decent enough for the price. Not amazing but not terrible either.
2727,B0021606,A518904,User_2726,32,45,1,1380337915,Terrible,The flavor is disgusting and the texture is completely off. Nothing as advertised. Feels like a scam. Very unhappy.
2728,B0082309,A307429,User_2727,42,50,4,1498734177,Good!,Great quality and fast shipping. Will definitely buy again. Perfectly packaged and freshly delivered. Very happy with this order.
2729,B0015083,A920236,User_2728,23,46,3,1302555464,Average,Neither impressive nor disappointing. Just a regular purchase. Okay product. Will consider alternatives next time.
2730,B0057408,A463334,User_2729,36,39,5,1357776080,Excellent!,Best snack I have ever had. My kids absolutely love it too. Perfect in every way. My family loves it and we keep buying more.
2731,B0096512,A578222,User_2730,23,44,5,1437337685,5 stars!,Perfect in every way. My family loves it and we keep buying more. This is the best food product I have tried in years. So delicious!
2732,B0031596,A496240,User_2731,35,57,5,1012722732,Good!,"Wonderful taste, great packaging, and arrived on time. Love it! Excellent product! The quality is outstanding and it tastes wonderful."
2733,B0056344,A629078,User_2732,15,28,5,1477477061,Loved it!,Loved the flavor and texture. Will be ordering more very soon. Great quality and fast shipping. Will definitely buy again.
2734,B0072678,A536363,User_2733,22,47,5,1460322785,Fantastic!,Perfectly packaged and freshly delivered. Very happy with this order. Incredible product at a very reasonable price. Highly recommended!
2735,B0084930,A838563,User_2734,4,5,3,1070351695,Decent,Middling product. Not excited to reorder but might anyway. Meets basic expectations. Nothing stands out about it.
2736,B0051547,A534743,User_2735,33,36,5,1302109696,Amazing!,Great quality and fast shipping. Will definitely buy again. Fantastic taste and great value for money. Highly recommend!
2737,B0086414,A231329,User_2736,41,46,3,1163703346,Acceptable,Meets basic expectations. Nothing stands out about it. It is okay. Nothing special but does the job.
2738,B0084472,A906037,User_2737,12,24,5,1301667195,Perfect!,Loved the flavor and texture. Will be ordering more very soon. Loved the flavor and texture. Will be ordering more very soon.
2739,B0018012,A174126,User_2738,25,33,2,1459481924,Very bad,Worst purchase I have ever made. Do not waste your money. Extremely bitter and unpleasant. Could not eat it at all.
2740,B0013527,A349225,User_2739,43,52,5,1141487164,Fantastic!,I love this product so much. It exceeded all my expectations. Perfect in every way. My family loves it and we keep buying more.
2741,B0047003,A673397,User_2740,26,35,2,1311600526,Awful,Extremely bitter and unpleasant. Could not eat it at all. Very bad experience. Product did not match the description at all.
2742,B0072711,A112042,User_2741,46,69,5,1418059267,5 stars!,Outstanding product. Five stars without any hesitation. Great purchase. The product tastes exactly as described.
2743,B0089663,A951303,User_2742,49,57,1,1159183621,Awful,Nothing as advertised. Feels like a scam. Very unhappy. Worst purchase I have ever made. Do not waste your money.
2744,B0043145,A441159,User_2743,10,21,5,1101850791,Excellent!,Great quality and fast shipping. Will definitely buy again. Absolutely delicious and healthy. I cannot imagine my life without it.
2745,B0021605,A706916,User_2744,25,50,3,1360188284,Decent,Okay product. Will consider alternatives next time. Average taste. Expected better but it is passable.
2746,B0027864,A475812,User_2745,12,42,5,1457659467,Amazing!,Superb quality and flavor. This is now a staple in my household. Really good product. I order this every month for my family.
2747,B0095905,A176503,User_2746,19,32,3,1399797429,So so,It is okay. Nothing special but does the job. Average product. Neither good nor bad. Just acceptable.
2748,B0041020,A740561,User_2747,33,49,2,1437226562,Disgusting,Horrible product. Returned it immediately. Do not buy this. Product was stale and expired. Very unhappy with this purchase.
2749,B0030167,A919087,User_2748,15,32,3,1137452481,Normal,"It is okay. Nothing special but does the job. It does what it says. Nothing more, nothing less."
2750,B0052587,A963194,User_2749,46,50,1,1397474400,Horrible,Extremely bitter and unpleasant. Could not eat it at all. Poor quality packaging. Items were damaged when received.
2751,B0049647,A369698,User_2750,43,63,4,1460836271,Amazing!,Great quality and fast shipping. Will definitely buy again. Really good product. I order this every month for my family.
2752,B0063298,A679280,User_2751,13,37,5,1171712712,Loved it!,"Wonderful taste, great packaging, and arrived on time. Love it! Outstanding product. Five stars without any hesitation."
2753,B0011069,A393049,User_2752,37,47,2,1245896744,Awful,Worst purchase I have ever made. Do not waste your money. Horrible product. Returned it immediately. Do not buy this.
2754,B0021317,A875786,User_2753,6,8,3,1257836522,Decent,Average product. Neither good nor bad. Just acceptable. Neither impressive nor disappointing. Just a regular purchase.
2755,B0082573,A476434,User_2754,34,35,5,1447565531,Great product!,Perfectly packaged and freshly delivered. Very happy with this order. Top notch quality. I am very satisfied with my purchase.
2756,B0087901,A391403,User_2755,31,37,4,1434214555,Loved it!,Very happy with this purchase. Arrived quickly and well packaged. Outstanding product. Five stars without any hesitation.
2757,B0021398,A884599,User_2756,2,25,4,1219730109,Excellent!,Really good product. I order this every month for my family. Outstanding product. Five stars without any hesitation.
2758,B0024922,A279636,User_2757,24,27,5,1463556472,5 stars!,I love this product so much. It exceeded all my expectations. Perfectly packaged and freshly delivered. Very happy with this order.
2759,B0036731,A270795,User_2758,11,17,4,1212111202,Good!,Best snack I have ever had. My kids absolutely love it too. Great purchase. The product tastes exactly as described.
2760,B0049662,A488798,User_2759,21,45,2,1041244688,Very bad,Not worth a single penny. Quality is shockingly bad. Terrible product. Arrived broken and smelled awful. Never again.
2761,B0040569,A711004,User_2760,44,56,4,1387529420,Loved it!,Incredible product at a very reasonable price. Highly recommended! Perfect in every way. My family loves it and we keep buying more.
2762,B0044339,A448977,User_2761,7,37,5,1473203718,Fantastic!,Loved the flavor and texture. Will be ordering more very soon. This is the best food product I have tried in years. So delicious!
2763,B0075842,A452999,User_2762,43,49,1,1127621287,Disgusting,Nothing as advertised. Feels like a scam. Very unhappy. Disappointed and frustrated. This product ruined my meal.
2764,B0058088,A205719,User_2763,4,13,5,1493146513,Good!,Perfectly packaged and freshly delivered. Very happy with this order. Superb quality and flavor. This is now a staple in my household.
2765,B0071995,A305672,User_2764,34,43,5,1291162297,Great product!,Fantastic taste and great value for money. Highly recommend! Best snack I have ever had. My kids absolutely love it too.
2766,B0018999,A956824,User_2765,1,19,5,1287792734,5 stars!,Absolutely delicious and healthy. I cannot imagine my life without it. Best snack I have ever had. My kids absolutely love it too.
2767,B0036493,A987208,User_2766,13,32,5,1453248406,Highly recommend,Great purchase. The product tastes exactly as described. Very happy with this purchase. Arrived quickly and well packaged.
2768,B0038093,A964517,User_2767,17,27,5,1234574674,Wonderful!,Perfect in every way. My family loves it and we keep buying more. I love this product so much. It exceeded all my expectations.
2769,B0088751,A298105,User_2768,44,67,5,1184286995,Good!,I love this product so much. It exceeded all my expectations. I love this product so much. It exceeded all my expectations.
2770,B0099865,A842372,User_2769,23,43,3,1335723603,Okay,Average taste. Expected better but it is passable. Decent enough for the price. Not amazing but not terrible either.
2771,B0091711,A136248,User_2770,27,40,5,1182501968,Excellent!,Really good product. I order this every month for my family. Outstanding product. Five stars without any hesitation.
2772,B0066676,A878563,User_2771,47,51,3,1008834625,Average,It is okay. Nothing special but does the job. Meets basic expectations. Nothing stands out about it.
2773,B0033055,A443310,User_2772,33,61,5,1417118516,Good!,This product is absolutely amazing! Best purchase I have ever made. Great quality and fast shipping. Will definitely buy again.
2774,B0070513,A742078,User_2773,24,28,4,1395567000,Good!,Absolutely delicious and healthy. I cannot imagine my life without it. Absolutely delicious and healthy. I cannot imagine my life without it.
2775,B0066035,A170591,User_2774,6,36,2,1473300702,Disappointed,Very disappointed. The taste was nothing like described. The flavor is disgusting and the texture is completely off.
2776,B0081678,A468069,User_2775,3,29,5,1491576000,5 stars!,Very happy with this purchase. Arrived quickly and well packaged. This is the best food product I have tried in years. So delicious!
2777,B0064527,A408433,User_2776,6,21,5,1018233352,Fantastic!,Incredible product at a very reasonable price. Highly recommended! Excellent product! The quality is outstanding and it tastes wonderful.
2778,B0021427,A200943,User_2777,13,29,5,1379585914,Fantastic!,
2779,B0034332,A710098,User_2778,15,24,1,1480388258,Very bad,Product was stale and expired. Very unhappy with this purchase. I regret buying this. The smell is awful and taste is worse.
2780,B0074693,A533555,User_2779,21,30,3,1312792025,Fine,It is okay. Nothing special but does the job. Meets basic expectations. Nothing stands out about it.
2781,B0041354,A318281,User_2780,2,8,5,1456777980,Excellent!,Incredible product at a very reasonable price. Highly recommended! Best snack I have ever had. My kids absolutely love it too.
2782,B0048057,A791480,User_2781,6,27,4,1048535252,Good!,Superb quality and flavor. This is now a staple in my household. Perfectly packaged and freshly delivered. Very happy with this order.
2783,B0026832,A822221,User_2782,23,41,4,1374435012,Perfect!,This product is absolutely amazing! Best purchase I have ever made. Perfectly packaged and freshly delivered. Very happy with this order.
2784,B0025201,A471601,User_2783,11,40,5,1197302228,Fantastic!,"I love this product so much. It exceeded all my expectations. Wonderful taste, great packaging, and arrived on time. Love it!"
2785,B0025269,A215064,User_2784,48,67,5,1319082734,Excellent!,
2786,B0029757,A883977,User_2785,36,61,1,1186121765,Disgusting,Very bad experience. Product did not match the description at all. Tasted terrible. Threw it straight in the bin. Complete waste.
2787,B0013397,A838196,User_2786,33,42,5,1386688226,Great product!,"Wonderful taste, great packaging, and arrived on time. Love it! Incredible product at a very reasonable price. Highly recommended!"
2788,B0031682,A204335,User_2787,15,19,5,1214898176,Fantastic!,Superb quality and flavor. This is now a staple in my household. The taste is divine and it keeps me energized throughout the day.
2789,B0091165,A127168,User_2788,19,37,4,1399869130,Perfect!,"Fantastic taste and great value for money. Highly recommend! Wonderful taste, great packaging, and arrived on time. Love it!"
2790,B0021313,A725633,User_2789,11,37,5,1238155914,Great product!,Very happy with this purchase. Arrived quickly and well packaged. Excellent product! The quality is outstanding and it tastes wonderful.
2791,B0036714,A530672,User_2790,49,62,1,1276793638,Not recommended,Horrible product. Returned it immediately. Do not buy this. Worst purchase I have ever made. Do not waste your money.
2792,B0075863,A622069,User_2791,44,44,5,1100667643,Fantastic!,Incredible product at a very reasonable price. Highly recommended! Great quality and fast shipping. Will definitely buy again.
2793,B0020955,A423614,User_2792,29,53,3,1076046188,Average,It is fine. I have had better but also much worse. Decent enough for the price. Not amazing but not terrible either.
2794,B0039332,A459268,User_2793,19,36,5,1111823260,Loved it!,This product is absolutely amazing! Best purchase I have ever made. Top notch quality. I am very satisfied with my purchase.
2795,B0015168,A212464,User_2794,42,63,3,1302967436,Normal,"It does what it says. Nothing more, nothing less. Meets basic expectations. Nothing stands out about it."
2796,B0022093,A805192,User_2795,48,48,5,1374180756,Perfect!,
2797,B0048010,A341584,User_2796,26,54,1,1349595739,Horrible,Product was stale and expired. Very unhappy with this purchase. Horrible product. Returned it immediately. Do not buy this.
2798,B0087602,A945872,User_2797,39,52,2,1397954102,Disgusting,Poor quality packaging. Items were damaged when received. Disappointed and frustrated. This product ruined my meal.
2799,B0050018,A549721,User_2798,48,59,5,1421069866,Fantastic!,Incredible product at a very reasonable price. Highly recommended! Perfect in every way. My family loves it and we keep buying more.
2800,B0083463,A340520,User_2799,50,67,5,1410170549,Great product!,Perfect in every way. My family loves it and we keep buying more. Great purchase. The product tastes exactly as described.
2801,B0014504,A521425,User_2800,13,13,5,1195739699,Great product!,Absolutely delicious and healthy. I cannot imagine my life without it. Superb quality and flavor. This is now a staple in my household.
2802,B0031333,A893048,User_2801,33,43,5,1406299999,Loved it!,Great purchase. The product tastes exactly as described. Fantastic taste and great value for money. Highly recommend!
2803,B0091011,A472749,User_2802,25,42,5,1317372701,Amazing!,Fantastic taste and great value for money. Highly recommend! This is the best food product I have tried in years. So delicious!
2804,B0078897,A869795,User_2803,1,27,5,1406204558,Good!,"The taste is divine and it keeps me energized throughout the day. Wonderful taste, great packaging, and arrived on time. Love it!"
2805,B0088950,A734814,User_2804,42,69,3,1101076356,Okay,"It is fine. I have had better but also much worse. It does what it says. Nothing more, nothing less."
2806,B0016650,A110293,User_2805,3,6,5,1205956159,Great product!,Perfectly packaged and freshly delivered. Very happy with this order. Absolutely delicious and healthy. I cannot imagine my life without it.
2807,B0082883,A994961,User_2806,4,6,2,1433290545,Disappointed,Not worth a single penny. Quality is shockingly bad. Nothing as advertised. Feels like a scam. Very unhappy.
2808,B0081438,A451456,User_2807,3,33,1,1008195339,Terrible,Horrible product. Returned it immediately. Do not buy this. Very bad experience. Product did not match the description at all.
2809,B0094505,A869628,User_2808,18,38,5,1495898243,Great product!,Best snack I have ever had. My kids absolutely love it too. Great quality and fast shipping. Will definitely buy again.
2810,B0079244,A131917,User_2809,49,54,5,1062825878,Excellent!,Really good product. I order this every month for my family. Great quality and fast shipping. Will definitely buy again.
2811,B0019205,A364040,User_2810,40,44,3,1310941375,So so,"Meets basic expectations. Nothing stands out about it. It does what it says. Nothing more, nothing less."
2812,B0085811,A168037,User_2811,1,29,5,1418865226,Amazing!,Superb quality and flavor. This is now a staple in my household. Outstanding product. Five stars without any hesitation.
2813,B0059787,A615098,User_2812,10,11,5,1152888476,Excellent!,Top notch quality. I am very satisfied with my purchase. Perfectly packaged and freshly delivered. Very happy with this order.
2814,B0098791,A348880,User_2813,48,75,1,1046686468,Waste of money,Packaging was horrible and the product leaked everywhere. Disappointed and frustrated. This product ruined my meal.
2815,B0064023,A620751,User_2814,1,18,5,1082803900,5 stars!,Perfect in every way. My family loves it and we keep buying more. Perfectly packaged and freshly delivered. Very happy with this order.
2816,B0049586,A249277,User_2815,24,53,1,1342049976,Poor quality,I regret buying this. The smell is awful and taste is worse. Horrible product. Returned it immediately. Do not buy this.
2817,B0057246,A247499,User_2816,1,13,4,1246785920,Amazing!,Excellent product! The quality is outstanding and it tastes wonderful. The taste is divine and it keeps me energized throughout the day.
2818,B0030680,A348782,User_2817,12,18,3,1016477081,Fine,Meets basic expectations. Nothing stands out about it. Average taste. Expected better but it is passable.
2819,B0034675,A373484,User_2818,45,74,5,1222838137,5 stars!,I love this product so much. It exceeded all my expectations. Perfect in every way. My family loves it and we keep buying more.
2820,B0025337,A240832,User_2819,34,63,4,1205547257,Wonderful!,Superb quality and flavor. This is now a staple in my household. Absolutely delicious and healthy. I cannot imagine my life without it.
2821,B0085009,A540201,User_2820,5,24,5,1056948988,Great product!,This product is absolutely amazing! Best purchase I have ever made. Very happy with this purchase. Arrived quickly and well packaged.
2822,B0024115,A836165,User_2821,15,41,5,1301678899,Excellent!,Absolutely delicious and healthy. I cannot imagine my life without it. Fantastic taste and great value for money. Highly recommend!
2823,B0098617,A610514,User_2822,34,52,5,1416075608,Wonderful!,Really good product. I order this every month for my family. Perfect in every way. My family loves it and we keep buying more.
2824,B0085460,A984241,User_2823,28,30,3,1175653042,Fine,Neither impressive nor disappointing. Just a regular purchase. Average product. Neither good nor bad. Just acceptable.
2825,B0087344,A626729,User_2824,37,38,3,1360430835,Acceptable,Meets basic expectations. Nothing stands out about it. Average taste. Expected better but it is passable.
2826,B0014731,A925067,User_2825,3,7,2,1123341061,Horrible,Poor quality packaging. Items were damaged when received. Horrible product. Returned it immediately. Do not buy this.
2827,B0077257,A949179,User_2826,27,35,3,1219989620,Average,Average taste. Expected better but it is passable. Meets basic expectations. Nothing stands out about it.
2828,B0030195,A588764,User_2827,43,51,5,1018434894,Loved it!,Great quality and fast shipping. Will definitely buy again. Outstanding product. Five stars without any hesitation.
2829,B0019188,A141458,User_2828,9,37,2,1378748061,Very bad,Nothing as advertised. Feels like a scam. Very unhappy. Packaging was horrible and the product leaked everywhere.
2830,B0097910,A843828,User_2829,4,4,5,1285106860,Highly recommend,Loved the flavor and texture. Will be ordering more very soon. Best snack I have ever had. My kids absolutely love it too.
2831,B0038437,A308375,User_2830,34,60,1,1264528426,Disgusting,Tasted terrible. Threw it straight in the bin. Complete waste. Very disappointed. The taste was nothing like described.
2832,B0035191,A966185,User_2831,36,53,5,1287176545,Highly recommend,Very happy with this purchase. Arrived quickly and well packaged. This is the best food product I have tried in years. So delicious!
2833,B0052065,A811385,User_2832,48,61,5,1022327465,Loved it!,Loved the flavor and texture. Will be ordering more very soon. Perfectly packaged and freshly delivered. Very happy with this order.
2834,B0061452,A280867,User_2833,32,37,3,1235332483,Average,"It does what it says. Nothing more, nothing less. Meets basic expectations. Nothing stands out about it."
2835,B0083608,A326995,User_2834,14,32,4,1072913593,5 stars!,Really good product. I order this every month for my family. Great purchase. The product tastes exactly as described.
2836,B0037118,A764064,User_2835,34,57,1,1000384968,Disgusting,I regret buying this. The smell is awful and taste is worse. Terrible product. Arrived broken and smelled awful. Never again.
2837,B0022333,A965637,User_2836,44,45,5,1359135115,Wonderful!,Absolutely delicious and healthy. I cannot imagine my life without it. Fantastic taste and great value for money. Highly recommend!
2838,B0067969,A671466,User_2837,49,74,5,1075083893,Perfect!,Loved the flavor and texture. Will be ordering more very soon. Outstanding product. Five stars without any hesitation.
2839,B0029871,A217479,User_2838,34,38,4,1015605647,Excellent!,This product is absolutely amazing! Best purchase I have ever made. Superb quality and flavor. This is now a staple in my household.
2840,B0040605,A246724,User_2839,20,41,5,1484462260,5 stars!,Excellent product! The quality is outstanding and it tastes wonderful. Excellent product! The quality is outstanding and it tastes wonderful.
823,B0039534,A714594,User_822,10,35,3,1326597030,Okay,"It does what it says. Nothing more, nothing less. Neither impressive nor disappointing. Just a regular purchase."
2842,B0092055,A184073,User_2841,33,53,3,1484892650,Average,Average taste. Expected better but it is passable. Neither impressive nor disappointing. Just a regular purchase.
2843,B0062257,A562787,User_2842,20,38,2,1119987781,Not recommended,Poor quality packaging. Items were damaged when received. Very disappointed. The taste was nothing like described.
2844,B0074101,A166194,User_2843,37,54,4,1497365964,Perfect!,Top notch quality. I am very satisfied with my purchase. Perfectly packaged and freshly delivered. Very happy with this order.
2845,B0017056,A930946,User_2844,38,55,1,1340315306,Disgusting,Product was stale and expired. Very unhappy with this purchase. Worst purchase I have ever made. Do not waste your money.
2846,B0049373,A651894,User_2845,2,29,5,1382228584,Highly recommend,Incredible product at a very reasonable price. Highly recommended! This product is absolutely amazing! Best purchase I have ever made.
2847,B0019070,A955646,User_2846,27,50,5,1115246919,Perfect!,Great quality and fast shipping. Will definitely buy again. Perfectly packaged and freshly delivered. Very happy with this order.
2848,B0073472,A752306,User_2847,19,47,5,1295590693,Highly recommend,This is the best food product I have tried in years. So delicious! Best snack I have ever had. My kids absolutely love it too.
2849,B0021151,A785602,User_2848,18,29,4,1294813310,Great product!,Perfectly packaged and freshly delivered. Very happy with this order. Best snack I have ever had. My kids absolutely love it too.
2850,B0011487,A860720,User_2849,44,64,5,1053793321,Good!,Incredible product at a very reasonable price. Highly recommended! Best snack I have ever had. My kids absolutely love it too.
2851,B0095877,A697900,User_2850,25,39,5,1035804703,Perfect!,Superb quality and flavor. This is now a staple in my household. Excellent product! The quality is outstanding and it tastes wonderful.
2852,B0038528,A886554,User_2851,39,53,5,1084795169,Good!,Very happy with this purchase. Arrived quickly and well packaged. Incredible product at a very reasonable price. Highly recommended!
2853,B0081808,A341234,User_2852,31,50,4,1006123848,Wonderful!,I love this product so much. It exceeded all my expectations. Perfectly packaged and freshly delivered. Very happy with this order.
2854,B0083817,A470466,User_2853,36,65,5,1407136985,Fantastic!,Absolutely delicious and healthy. I cannot imagine my life without it. Incredible product at a very reasonable price. Highly recommended!
2855,B0022090,A422130,User_2854,33,51,5,1490139745,5 stars!,Loved the flavor and texture. Will be ordering more very soon. Perfect in every way. My family loves it and we keep buying more.
2856,B0091052,A807521,User_2855,0,12,5,1310225614,Perfect!,Great quality and fast shipping. Will definitely buy again. Incredible product at a very reasonable price. Highly recommended!
2857,B0025093,A564645,User_2856,1,22,4,1331681783,Amazing!,Outstanding product. Five stars without any hesitation. Superb quality and flavor. This is now a staple in my household.
2858,B0076345,A877753,User_2857,21,42,3,1229202761,Passable,Okay product. Will consider alternatives next time. Neither impressive nor disappointing. Just a regular purchase.
2859,B0072801,A815118,User_2858,17,45,4,1212610557,Highly recommend,Great quality and fast shipping. Will definitely buy again. This product is absolutely amazing! Best purchase I have ever made.
2860,B0048084,A992976,User_2859,11,40,5,1457643350,Amazing!,Really good product. I order this every month for my family. Superb quality and flavor. This is now a staple in my household.
2861,B0014687,A885516,User_2860,8,19,5,1255945567,Loved it!,Top notch quality. I am very satisfied with my purchase. The taste is divine and it keeps me energized throughout the day.
2862,B0052081,A435709,User_2861,40,70,1,1230108436,Disappointed,Very bad experience. Product did not match the description at all. Product was stale and expired. Very unhappy with this purchase.
2863,B0013954,A245781,User_2862,14,41,5,1118025446,Excellent!,Incredible product at a very reasonable price. Highly recommended! The taste is divine and it keeps me energized throughout the day.
2864,B0024681,A960989,User_2863,25,30,3,1237766915,Normal,Meets basic expectations. Nothing stands out about it. Middling product. Not excited to reorder but might anyway.
2865,B0041349,A225834,User_2864,11,40,5,1087988727,Wonderful!,Really good product. I order this every month for my family. Excellent product! The quality is outstanding and it tastes wonderful.
2866,B0036993,A174035,User_2865,37,44,3,1009369507,So so,Neither impressive nor disappointing. Just a regular purchase. Decent enough for the price. Not amazing but not terrible either.
2867,B0030825,A269063,User_2866,14,41,3,1107020426,Average,"It does what it says. Nothing more, nothing less. Okay product. Will consider alternatives next time."
2868,B0013004,A562669,User_2867,23,23,3,1347284645,Normal,Meets basic expectations. Nothing stands out about it. Average product. Neither good nor bad. Just acceptable.
2869,B0042638,A885597,User_2868,35,45,3,1238262382,So so,It is fine. I have had better but also much worse. Meets basic expectations. Nothing stands out about it.
2870,B0045708,A432580,User_2869,14,14,5,1120014912,Amazing!,Really good product. I order this every month for my family. Loved the flavor and texture. Will be ordering more very soon.
2871,B0044537,A709583,User_2870,30,49,4,1158504742,Great product!,Perfectly packaged and freshly delivered. Very happy with this order. Fantastic taste and great value for money. Highly recommend!
2872,B0087651,A543664,User_2871,15,23,5,1415723192,Fantastic!,Great quality and fast shipping. Will definitely buy again. Very happy with this purchase. Arrived quickly and well packaged.
2873,B0058218,A356029,User_2872,25,34,1,1134336276,Disappointed,Very disappointed. The taste was nothing like described. Horrible product. Returned it immediately. Do not buy this.
2874,B0066342,A894212,User_2873,20,26,4,1270200200,5 stars!,"Wonderful taste, great packaging, and arrived on time. Love it! Top notch quality. I am very satisfied with my purchase."
2875,B0013645,A998240,User_2874,30,53,5,1120145688,Excellent!,Excellent product! The quality is outstanding and it tastes wonderful. Superb quality and flavor. This is now a staple in my household.
2876,B0074630,A622236,User_2875,28,55,1,1480938232,Waste of money,Extremely bitter and unpleasant. Could not eat it at all. Very disappointed. The taste was nothing like described.
2877,B0020041,A956416,User_2876,44,71,5,1201506588,Highly recommend,This product is absolutely amazing! Best purchase I have ever made. Perfectly packaged and freshly delivered. Very happy with this order.
2878,B0043567,A328020,User_2877,49,60,4,1194131037,Good!,"Fantastic taste and great value for money. Highly recommend! Wonderful taste, great packaging, and arrived on time. Love it!"
2879,B0078057,A173746,User_2878,33,48,4,1225768955,Fantastic!,Absolutely delicious and healthy. I cannot imagine my life without it. Perfectly packaged and freshly delivered. Very happy with this order.
2880,B0072226,A191938,User_2879,17,28,5,1259315693,Good!,Perfectly packaged and freshly delivered. Very happy with this order. Perfect in every way. My family loves it and we keep buying more.
2881,B0061228,A420668,User_2880,10,38,5,1000516093,Excellent!,Best snack I have ever had. My kids absolutely love it too. Best snack I have ever had. My kids absolutely love it too.
2882,B0055212,A735778,User_2881,3,33,5,1246960956,Excellent!,Really good product. I order this every month for my family. Incredible product at a very reasonable price. Highly recommended!
2883,B0017606,A982127,User_2882,34,48,5,1343919005,Wonderful!,The taste is divine and it keeps me energized throughout the day. Best snack I have ever had. My kids absolutely love it too.
2884,B0075002,A315843,User_2883,32,42,5,1054030934,5 stars!,Excellent product! The quality is outstanding and it tastes wonderful. Perfect in every way. My family loves it and we keep buying more.
2885,B0069478,A350196,User_2884,27,57,3,1311012118,Passable,Average taste. Expected better but it is passable. Meets basic expectations. Nothing stands out about it.
2886,B0055449,A210263,User_2885,32,36,5,1337652374,Highly recommend,Really good product. I order this every month for my family. Perfectly packaged and freshly delivered. Very happy with this order.
2887,B0030119,A116933,User_2886,21,21,4,1373941035,Excellent!,Perfectly packaged and freshly delivered. Very happy with this order. Fantastic taste and great value for money. Highly recommend!
2888,B0056937,A661029,User_2887,19,30,4,1001347741,Highly recommend,This product is absolutely amazing! Best purchase I have ever made. Great quality and fast shipping. Will definitely buy again.
2889,B0095592,A628344,User_2888,8,28,4,1186566322,Loved it!,The taste is divine and it keeps me energized throughout the day. Outstanding product. Five stars without any hesitation.
2890,B0070192,A522313,User_2889,13,13,3,1217771951,Average,Average product. Neither good nor bad. Just acceptable. Okay product. Will consider alternatives next time.
2891,B0029926,A269841,User_2890,35,58,5,1353987224,Excellent!,Loved the flavor and texture. Will be ordering more very soon. Great quality and fast shipping. Will definitely buy again.
2892,B0039634,A352431,User_2891,33,49,5,1460160289,Amazing!,"Fantastic taste and great value for money. Highly recommend! Wonderful taste, great packaging, and arrived on time. Love it!"
2893,B0019862,A156453,User_2892,31,61,5,1175007381,Highly recommend,Absolutely delicious and healthy. I cannot imagine my life without it. The taste is divine and it keeps me energized throughout the day.
2894,B0059456,A956069,User_2893,46,76,3,1263272702,Not bad,"It does what it says. Nothing more, nothing less. Neither impressive nor disappointing. Just a regular purchase."
2895,B0037389,A552968,User_2894,23,50,4,1432465007,Highly recommend,Great purchase. The product tastes exactly as described. Perfect in every way. My family loves it and we keep buying more.
2896,B0025423,A867561,User_2895,4,20,5,1154083226,Loved it!,Excellent product! The quality is outstanding and it tastes wonderful. Superb quality and flavor. This is now a staple in my household.
2897,B0061691,A904098,User_2896,12,38,4,1450431169,Highly recommend,Excellent product! The quality is outstanding and it tastes wonderful. Incredible product at a very reasonable price. Highly recommended!
2898,B0013420,A450569,User_2897,40,49,5,1462774264,Good!,Very happy with this purchase. Arrived quickly and well packaged. Perfectly packaged and freshly delivered. Very happy with this order.
2899,B0035669,A919430,User_2898,33,40,4,1454468537,Great product!,Great quality and fast shipping. Will definitely buy again. Absolutely delicious and healthy. I cannot imagine my life without it.
2900,B0096787,A709710,User_2899,29,40,5,1104038445,Perfect!,Loved the flavor and texture. Will be ordering more very soon. Excellent product! The quality is outstanding and it tastes wonderful.
2901,B0075203,A372017,User_2900,45,47,5,1316191864,Perfect!,Excellent product! The quality is outstanding and it tastes wonderful. Loved the flavor and texture. Will be ordering more very soon.
2902,B0094212,A806039,User_2901,30,44,1,1219063940,Horrible,Poor quality packaging. Items were damaged when received. Not worth a single penny. Quality is shockingly bad.
2903,B0076037,A970867,User_2902,8,20,5,1262593521,Wonderful!,Superb quality and flavor. This is now a staple in my household. Incredible product at a very reasonable price. Highly recommended!
2904,B0020070,A127626,User_2903,39,41,5,1256794058,Highly recommend,The taste is divine and it keeps me energized throughout the day. Great quality and fast shipping. Will definitely buy again.
2905,B0022166,A128050,User_2904,25,26,5,1018236044,Great product!,Top notch quality. I am very satisfied with my purchase. Absolutely delicious and healthy. I cannot imagine my life without it.
2906,B0095501,A346285,User_2905,11,13,4,1170535304,Wonderful!,Excellent product! The quality is outstanding and it tastes wonderful. Top notch quality. I am very satisfied with my purchase.
2907,B0098059,A953581,User_2906,36,56,5,1139929942,Loved it!,Very happy with this purchase. Arrived quickly and well packaged. Very happy with this purchase. Arrived quickly and well packaged.
2908,B0017191,A658416,User_2907,11,15,5,1209966711,Highly recommend,Excellent product! The quality is outstanding and it tastes wonderful. This product is absolutely amazing! Best purchase I have ever made.
2909,B0051347,A200164,User_2908,10,40,5,1439536588,Excellent!,The taste is divine and it keeps me energized throughout the day. Perfectly packaged and freshly delivered. Very happy with this order.
2910,B0067605,A634177,User_2909,15,32,4,1241909405,Amazing!,Great purchase. The product tastes exactly as described. Really good product. I order this every month for my family.
2911,B0014060,A940083,User_2910,44,74,5,1108032817,5 stars!,Outstanding product. Five stars without any hesitation. Excellent product! The quality is outstanding and it tastes wonderful.
2912,B0034636,A119621,User_2911,35,65,5,1322679094,5 stars!,The taste is divine and it keeps me energized throughout the day. Incredible product at a very reasonable price. Highly recommended!
2913,B0085147,A355280,User_2912,47,70,5,1130990454,Wonderful!,Great purchase. The product tastes exactly as described. Fantastic taste and great value for money. Highly recommend!
2914,B0090222,A839229,User_2913,15,45,3,1040745631,Acceptable,"It does what it says. Nothing more, nothing less. Decent enough for the price. Not amazing but not terrible either."
2915,B0059691,A537761,User_2914,49,64,5,1210705770,Fantastic!,Really good product. I order this every month for my family. This is the best food product I have tried in years. So delicious!
2916,B0036971,A412308,User_2915,37,51,5,1134892885,Fantastic!,Fantastic taste and great value for money. Highly recommend! Excellent product! The quality is outstanding and it tastes wonderful.
2917,B0017920,A673719,User_2916,10,11,5,1389662603,Great product!,The taste is divine and it keeps me energized throughout the day. Excellent product! The quality is outstanding and it tastes wonderful.
2918,B0065643,A490304,User_2917,13,28,5,1320507816,Great product!,Perfectly packaged and freshly delivered. Very happy with this order. Top notch quality. I am very satisfied with my purchase.
2919,B0062289,A850007,User_2918,35,65,1,1003026659,Disgusting,Horrible product. Returned it immediately. Do not buy this. The flavor is disgusting and the texture is completely off.
2920,B0070510,A197181,User_2919,43,67,3,1316938295,Okay,"It does what it says. Nothing more, nothing less. Decent enough for the price. Not amazing but not terrible either."
2921,B0012976,A810420,User_2920,35,41,3,1398731523,Okay,Decent enough for the price. Not amazing but not terrible either. Okay product. Will consider alternatives next time.
2922,B0011791,A139252,User_2921,43,71,5,1183459165,Fantastic!,Great quality and fast shipping. Will definitely buy again. This is the best food product I have tried in years. So delicious!
2923,B0055268,A146695,User_2922,43,49,5,1145248302,5 stars!,Best snack I have ever had. My kids absolutely love it too. Best snack I have ever had. My kids absolutely love it too.
2924,B0087831,A235254,User_2923,22,27,1,1228549745,Don't buy,I regret buying this. The smell is awful and taste is worse. I regret buying this. The smell is awful and taste is worse.
2925,B0089630,A171011,User_2924,12,12,4,1480105165,Good!,Incredible product at a very reasonable price. Highly recommended! Absolutely delicious and healthy. I cannot imagine my life without it.
2926,B0046822,A625126,User_2925,36,63,5,1295145522,Great product!,"Wonderful taste, great packaging, and arrived on time. Love it! Outstanding product. Five stars without any hesitation."
2927,B0062768,A260501,User_2926,22,48,1,1351007510,Very bad,The flavor is disgusting and the texture is completely off. Very disappointed. The taste was nothing like described.
2928,B0088275,A419345,User_2927,49,53,3,1285980394,Okay,"It does what it says. Nothing more, nothing less. Middling product. Not excited to reorder but might anyway."
2929,B0062022,A179484,User_2928,5,14,5,1265833910,Good!,Excellent product! The quality is outstanding and it tastes wonderful. The taste is divine and it keeps me energized throughout the day.
2930,B0062063,A840737,User_2929,39,65,5,1400647321,Good!,This is the best food product I have tried in years. So delicious! Best snack I have ever had. My kids absolutely love it too.
2931,B0099970,A365108,User_2930,5,11,5,1129432499,Wonderful!,This product is absolutely amazing! Best purchase I have ever made. The taste is divine and it keeps me energized throughout the day.
2932,B0089245,A124888,User_2931,9,21,2,1385839324,Very bad,Packaging was horrible and the product leaked everywhere. Very disappointed. The taste was nothing like described.
2933,B0042186,A670397,User_2932,10,13,4,1354915364,Loved it!,Perfect in every way. My family loves it and we keep buying more. Perfect in every way. My family loves it and we keep buying more.
2934,B0027947,A191481,User_2933,3,6,3,1026885554,Decent,It is fine. I have had better but also much worse. Neither impressive nor disappointing. Just a regular purchase.
2935,B0042482,A569488,User_2934,25,28,4,1405366133,Excellent!,I love this product so much. It exceeded all my expectations. Fantastic taste and great value for money. Highly recommend!
2936,B0038599,A147753,User_2935,46,47,4,1189937858,Fantastic!,Excellent product! The quality is outstanding and it tastes wonderful. Great quality and fast shipping. Will definitely buy again.
2937,B0070452,A241259,User_2936,12,41,5,1277822192,Loved it!,Really good product. I order this every month for my family. Best snack I have ever had. My kids absolutely love it too.
2938,B0017768,A642948,User_2937,12,25,5,1269838666,Fantastic!,Very happy with this purchase. Arrived quickly and well packaged. Great quality and fast shipping. Will definitely buy again.
2939,B0013837,A374507,User_2938,29,49,4,1230186100,Highly recommend,Very happy with this purchase. Arrived quickly and well packaged. Incredible product at a very reasonable price. Highly recommended!
2940,B0074638,A543187,User_2939,48,73,3,1286581605,Decent,Average taste. Expected better but it is passable. Meets basic expectations. Nothing stands out about it.
2941,B0024168,A165725,User_2940,50,67,5,1066846844,Good!,Fantastic taste and great value for money. Highly recommend! I love this product so much. It exceeded all my expectations.
2942,B0099284,A545237,User_2941,0,18,1,1031210086,Horrible,Tasted terrible. Threw it straight in the bin. Complete waste. Extremely bitter and unpleasant. Could not eat it at all.
2943,B0051717,A765224,User_2942,24,28,2,1456251635,Awful,Poor quality packaging. Items were damaged when received. Poor quality packaging. Items were damaged when received.
2944,B0078539,A676877,User_2943,46,58,5,1086343870,5 stars!,The taste is divine and it keeps me energized throughout the day. Very happy with this purchase. Arrived quickly and well packaged.
2945,B0011166,A593441,User_2944,13,35,2,1177444349,Terrible,Very disappointed. The taste was nothing like described. Not worth a single penny. Quality is shockingly bad.
2946,B0013463,A658847,User_2945,31,57,1,1114001952,Disgusting,Very bad experience. Product did not match the description at all. The flavor is disgusting and the texture is completely off.
2947,B0086021,A567261,User_2946,9,17,5,1050744822,Great product!,Fantastic taste and great value for money. Highly recommend! Outstanding product. Five stars without any hesitation.
2948,B0074943,A772692,User_2947,23,35,5,1073335722,Perfect!,Superb quality and flavor. This is now a staple in my household. Incredible product at a very reasonable price. Highly recommended!
2949,B0018611,A931039,User_2948,4,32,4,1316644817,Amazing!,Perfect in every way. My family loves it and we keep buying more. Very happy with this purchase. Arrived quickly and well packaged.
2950,B0045959,A763052,User_2949,3,16,1,1429928445,Poor quality,Poor quality packaging. Items were damaged when received. Terrible product. Arrived broken and smelled awful. Never again.
2951,B0095978,A300865,User_2950,35,50,5,1094541569,Loved it!,Perfectly packaged and freshly delivered. Very happy with this order. Excellent product! The quality is outstanding and it tastes wonderful.
2952,B0016364,A292640,User_2951,46,69,4,1226785888,Wonderful!,Excellent product! The quality is outstanding and it tastes wonderful. Perfectly packaged and freshly delivered. Very happy with this order.
2953,B0083326,A896381,User_2952,14,18,3,1450499238,So so,Neither impressive nor disappointing. Just a regular purchase. Neither impressive nor disappointing. Just a regular purchase.
2954,B0065162,A167350,User_2953,20,28,4,1473626273,5 stars!,"Wonderful taste, great packaging, and arrived on time. Love it! Best snack I have ever had. My kids absolutely love it too."
2955,B0035939,A395225,User_2954,2,9,3,1225256616,Acceptable,Decent enough for the price. Not amazing but not terrible either. It is okay. Nothing special but does the job.
2956,B0042721,A695456,User_2955,31,49,5,1068601304,Excellent!,This product is absolutely amazing! Best purchase I have ever made. Perfectly packaged and freshly delivered. Very happy with this order.
2957,B0033934,A736047,User_2956,39,41,3,1169778225,Acceptable,It is fine. I have had better but also much worse. Okay product. Will consider alternatives next time.
2958,B0038338,A701822,User_2957,27,53,5,1146094383,Amazing!,The taste is divine and it keeps me energized throughout the day. Superb quality and flavor. This is now a staple in my household.
2959,B0049091,A601478,User_2958,8,34,5,1265932477,Great product!,Outstanding product. Five stars without any hesitation. This is the best food product I have tried in years. So delicious!
2960,B0038245,A995521,User_2959,2,19,1,1417339335,Very bad,Packaging was horrible and the product leaked everywhere. Nothing as advertised. Feels like a scam. Very unhappy.
2961,B0014013,A111266,User_2960,13,13,4,1272940396,Good!,Fantastic taste and great value for money. Highly recommend! Best snack I have ever had. My kids absolutely love it too.
2962,B0063244,A319807,User_2961,14,17,1,1480277302,Don't buy,I regret buying this. The smell is awful and taste is worse. Not worth a single penny. Quality is shockingly bad.
2963,B0054255,A797030,User_2962,27,43,5,1026147580,Highly recommend,This is the best food product I have tried in years. So delicious! I love this product so much. It exceeded all my expectations.
2964,B0080060,A234594,User_2963,28,31,4,1368519301,5 stars!,This product is absolutely amazing! Best purchase I have ever made. Best snack I have ever had. My kids absolutely love it too.
2965,B0074345,A121600,User_2964,29,31,5,1017537062,Good!,This product is absolutely amazing! Best purchase I have ever made. Fantastic taste and great value for money. Highly recommend!
2966,B0048424,A393710,User_2965,15,16,5,1302553939,Great product!,Great quality and fast shipping. Will definitely buy again. Great purchase. The product tastes exactly as described.
2967,B0047396,A296826,User_2966,18,29,4,1175975130,Good!,Outstanding product. Five stars without any hesitation. Really good product. I order this every month for my family.
2968,B0081003,A775521,User_2967,25,30,3,1276853915,Fine,Average taste. Expected better but it is passable. It is fine. I have had better but also much worse.
2969,B0078961,A426513,User_2968,27,32,4,1027782448,Fantastic!,Very happy with this purchase. Arrived quickly and well packaged. This product is absolutely amazing! Best purchase I have ever made.
2970,B0082359,A796560,User_2969,45,58,5,1164204679,Excellent!,Best snack I have ever had. My kids absolutely love it too. Superb quality and flavor. This is now a staple in my household.
2971,B0035257,A619648,User_2970,35,35,5,1007585604,Great product!,Loved the flavor and texture. Will be ordering more very soon. This product is absolutely amazing! Best purchase I have ever made.
2972,B0091664,A368239,User_2971,28,57,5,1456026789,Highly recommend,Very happy with this purchase. Arrived quickly and well packaged. Perfectly packaged and freshly delivered. Very happy with this order.
2973,B0095339,A323394,User_2972,5,16,5,1048653133,Highly recommend,Great purchase. The product tastes exactly as described. Absolutely delicious and healthy. I cannot imagine my life without it.
2974,B0032426,A859417,User_2973,1,2,5,1418534099,Wonderful!,Best snack I have ever had. My kids absolutely love it too. Outstanding product. Five stars without any hesitation.
2975,B0041903,A314885,User_2974,6,15,5,1157776260,Excellent!,This is the best food product I have tried in years. So delicious! Absolutely delicious and healthy. I cannot imagine my life without it.
2976,B0071357,A421689,User_2975,3,17,3,1207288752,Average,Middling product. Not excited to reorder but might anyway. It is okay. Nothing special but does the job.
2977,B0053916,A420272,User_2976,1,24,5,1065578883,Good!,Top notch quality. I am very satisfied with my purchase. Fantastic taste and great value for money. Highly recommend!
2978,B0088614,A236010,User_2977,4,30,2,1446667373,Don't buy,Very bad experience. Product did not match the description at all. Worst purchase I have ever made. Do not waste your money.
2979,B0010682,A209548,User_2978,36,36,2,1169374058,Awful,Not worth a single penny. Quality is shockingly bad. I regret buying this. The smell is awful and taste is worse.
2980,B0085729,A145495,User_2979,16,35,5,1326630345,Good!,I love this product so much. It exceeded all my expectations. Really good product. I order this every month for my family.
2981,B0074603,A531340,User_2980,31,60,5,1422765291,Fantastic!,Great quality and fast shipping. Will definitely buy again. The taste is divine and it keeps me energized throughout the day.
2982,B0034445,A478770,User_2981,41,43,3,1250635906,Fine,Middling product. Not excited to reorder but might anyway. Meets basic expectations. Nothing stands out about it.
2983,B0028630,A169566,User_2982,24,43,4,1412620992,Excellent!,The taste is divine and it keeps me energized throughout the day. Top notch quality. I am very satisfied with my purchase.
2984,B0078760,A147169,User_2983,6,10,5,1393695818,Excellent!,"Wonderful taste, great packaging, and arrived on time. Love it! Fantastic taste and great value for money. Highly recommend!"
2985,B0052601,A943883,User_2984,36,44,5,1006977231,Wonderful!,"Wonderful taste, great packaging, and arrived on time. Love it! Great quality and fast shipping. Will definitely buy again."
2986,B0081006,A121821,User_2985,13,36,5,1021950133,Highly recommend,Excellent product! The quality is outstanding and it tastes wonderful. Really good product. I order this every month for my family.
2987,B0028530,A408521,User_2986,18,36,2,1013730687,Disgusting,Extremely bitter and unpleasant. Could not eat it at all. Tasted terrible. Threw it straight in the bin. Complete waste.
2988,B0099901,A984427,User_2987,4,26,5,1037763266,Good!,Fantastic taste and great value for money. Highly recommend! Perfectly packaged and freshly delivered. Very happy with this order.
2989,B0058999,A514290,User_2988,1,7,1,1491969665,Not recommended,Product was stale and expired. Very unhappy with this purchase. Poor quality packaging. Items were damaged when received.
2990,B0082143,A102038,User_2989,5,18,5,1311335185,Great product!,Best snack I have ever had. My kids absolutely love it too. Top notch quality. I am very satisfied with my purchase.
2991,B0054258,A168824,User_2990,34,64,5,1360520968,Great product!,Excellent product! The quality is outstanding and it tastes wonderful. This product is absolutely amazing! Best purchase I have ever made.
2992,B0045959,A112569,User_2991,36,52,3,1029847652,Passable,"Average product. Neither good nor bad. Just acceptable. It does what it says. Nothing more, nothing less."
2993,B0056670,A759560,User_2992,5,19,5,1477262259,Great product!,The taste is divine and it keeps me energized throughout the day. Top notch quality. I am very satisfied with my purchase.
2994,B0051466,A406494,User_2993,1,27,3,1496721753,Alright,Meets basic expectations. Nothing stands out about it. Meets basic expectations. Nothing stands out about it.
2995,B0024754,A215893,User_2994,19,36,1,1018748687,Awful,Very disappointed. The taste was nothing like described. Extremely bitter and unpleasant. Could not eat it at all.
2996,B0037731,A308957,User_2995,32,55,5,1241991715,Perfect!,Fantastic taste and great value for money. Highly recommend! Top notch quality. I am very satisfied with my purchase.
2997,B0091291,A227882,User_2996,0,17,3,1112546877,Not bad,Middling product. Not excited to reorder but might anyway. It is fine. I have had better but also much worse.
2998,B0024985,A345799,User_2997,30,40,4,1278664241,Excellent!,This product is absolutely amazing! Best purchase I have ever made. This is the best food product I have tried in years. So delicious!
2999,B0085511,A452560,User_2998,36,38,5,1271907888,Excellent!,I love this product so much. It exceeded all my expectations. Excellent product! The quality is outstanding and it tastes wonderful.
3000,B0065159,A484184,User_2999,32,60,4,1171920029,Highly recommend,Absolutely delicious and healthy. I cannot imagine my life without it. I love this product so much. It exceeded all my expectations.
3001,B0013136,A450180,User_3000,42,55,5,1138315750,Fantastic!,The taste is divine and it keeps me energized throughout the day. This is the best food product I have tried in years. So delicious!
3002,B0038150,A881397,User_3001,37,67,5,1210715542,Excellent!,Best snack I have ever had. My kids absolutely love it too. Perfect in every way. My family loves it and we keep buying more.
3003,B0050739,A577327,User_3002,37,48,3,1236775065,Okay,It is fine. I have had better but also much worse. It is okay. Nothing special but does the job.
3004,B0078076,A698972,User_3003,27,30,4,1492672908,Fantastic!,Fantastic taste and great value for money. Highly recommend! This is the best food product I have tried in years. So delicious!
3005,B0031639,A418202,User_3004,31,40,5,1407096501,Highly recommend,Great quality and fast shipping. Will definitely buy again. Loved the flavor and texture. Will be ordering more very soon.
3006,B0040829,A239626,User_3005,14,24,2,1380691914,Don't buy,Not worth a single penny. Quality is shockingly bad. I regret buying this. The smell is awful and taste is worse.
3007,B0066146,A149623,User_3006,42,63,1,1124442670,Disgusting,The flavor is disgusting and the texture is completely off. Very disappointed. The taste was nothing like described.
3008,B0074960,A855762,User_3007,26,48,4,1338660392,Fantastic!,"Excellent product! The quality is outstanding and it tastes wonderful. Wonderful taste, great packaging, and arrived on time. Love it!"
3009,B0081127,A595303,User_3008,15,38,5,1165909317,Perfect!,Perfectly packaged and freshly delivered. Very happy with this order. Absolutely delicious and healthy. I cannot imagine my life without it.
3010,B0083504,A896749,User_3009,28,44,4,1391091192,Amazing!,Perfectly packaged and freshly delivered. Very happy with this order. Great purchase. The product tastes exactly as described.
3011,B0037025,A253869,User_3010,35,45,4,1266366808,Highly recommend,I love this product so much. It exceeded all my expectations. Top notch quality. I am very satisfied with my purchase.
3012,B0081801,A817889,User_3011,48,55,5,1151965200,Fantastic!,Perfect in every way. My family loves it and we keep buying more. Excellent product! The quality is outstanding and it tastes wonderful.
3013,B0074099,A814038,User_3012,8,8,2,1131002728,Don't buy,Nothing as advertised. Feels like a scam. Very unhappy. Product was stale and expired. Very unhappy with this purchase.
3014,B0035618,A234116,User_3013,25,42,5,1453413976,Perfect!,The taste is divine and it keeps me energized throughout the day. Outstanding product. Five stars without any hesitation.
3015,B0061954,A811999,User_3014,8,16,1,1215760296,Waste of money,Worst purchase I have ever made. Do not waste your money. Very bad experience. Product did not match the description at all.
3016,B0083740,A343292,User_3015,36,38,5,1404391290,Fantastic!,Perfect in every way. My family loves it and we keep buying more. Best snack I have ever had. My kids absolutely love it too.
3017,B0093218,A725785,User_3016,4,10,4,1307334487,Amazing!,Perfectly packaged and freshly delivered. Very happy with this order. I love this product so much. It exceeded all my expectations.
3018,B0035232,A474698,User_3017,42,66,3,1124541764,Normal,Average product. Neither good nor bad. Just acceptable. Middling product. Not excited to reorder but might anyway.
3019,B0029053,A543823,User_3018,14,20,3,1440385140,Average,"Decent enough for the price. Not amazing but not terrible either. It does what it says. Nothing more, nothing less."
3020,B0041525,A891696,User_3019,15,16,5,1308022974,Highly recommend,Great purchase. The product tastes exactly as described. This product is absolutely amazing! Best purchase I have ever made.
3021,B0079715,A826085,User_3020,21,45,3,1341571939,So so,Okay product. Will consider alternatives next time. Meets basic expectations. Nothing stands out about it.
3022,B0012227,A586804,User_3021,17,41,1,1017412226,Horrible,Terrible product. Arrived broken and smelled awful. Never again. Disappointed and frustrated. This product ruined my meal.
3023,B0014265,A236814,User_3022,6,19,4,1297680012,Fantastic!,Perfect in every way. My family loves it and we keep buying more. This is the best food product I have tried in years. So delicious!
3024,B0043829,A788847,User_3023,1,26,5,1324475402,Amazing!,Great quality and fast shipping. Will definitely buy again. Very happy with this purchase. Arrived quickly and well packaged.
3025,B0040852,A189219,User_3024,47,49,5,1148334430,Wonderful!,Absolutely delicious and healthy. I cannot imagine my life without it. I love this product so much. It exceeded all my expectations.
3026,B0063896,A612880,User_3025,34,52,1,1056175226,Disgusting,Poor quality packaging. Items were damaged when received. I regret buying this. The smell is awful and taste is worse.
4658,B0039724,A516721,User_4657,16,41,5,1077221680,Wonderful!,Great quality and fast shipping. Will definitely buy again. Best snack I have ever had. My kids absolutely love it too.
3028,B0067537,A933524,User_3027,17,19,3,1057612974,Average,It is fine. I have had better but also much worse. Meets basic expectations. Nothing stands out about it.
3029,B0057722,A919046,User_3028,20,39,4,1308366349,Loved it!,Great purchase. The product tastes exactly as described. Best snack I have ever had. My kids absolutely love it too.
3030,B0078010,A180483,User_3029,27,46,5,1285147838,Perfect!,Absolutely delicious and healthy. I cannot imagine my life without it. Absolutely delicious and healthy. I cannot imagine my life without it.
3031,B0050789,A845299,User_3030,25,47,1,1170701795,Disgusting,Very bad experience. Product did not match the description at all. Not worth a single penny. Quality is shockingly bad.
3032,B0064171,A648126,User_3031,19,41,5,1308829821,Fantastic!,"Top notch quality. I am very satisfied with my purchase. Wonderful taste, great packaging, and arrived on time. Love it!"
3033,B0065193,A939634,User_3032,16,26,3,1202917382,Passable,Average product. Neither good nor bad. Just acceptable. Okay product. Will consider alternatives next time.
3034,B0045844,A901398,User_3033,8,31,1,1267260163,Disgusting,Terrible product. Arrived broken and smelled awful. Never again. Very disappointed. The taste was nothing like described.
3035,B0077798,A729051,User_3034,15,37,5,1036337335,5 stars!,Excellent product! The quality is outstanding and it tastes wonderful. Great quality and fast shipping. Will definitely buy again.
3036,B0066456,A895349,User_3035,30,32,3,1281146302,Average,It is okay. Nothing special but does the job. Okay product. Will consider alternatives next time.
3037,B0072863,A686470,User_3036,26,36,5,1117593585,Loved it!,Great quality and fast shipping. Will definitely buy again. Outstanding product. Five stars without any hesitation.
3038,B0044832,A710328,User_3037,23,42,5,1077014978,5 stars!,Perfect in every way. My family loves it and we keep buying more. Fantastic taste and great value for money. Highly recommend!
3039,B0022879,A681242,User_3038,38,58,4,1058631951,Good!,Loved the flavor and texture. Will be ordering more very soon. This product is absolutely amazing! Best purchase I have ever made.
3040,B0061497,A620950,User_3039,33,51,1,1107979685,Awful,Product was stale and expired. Very unhappy with this purchase. Not worth a single penny. Quality is shockingly bad.
3041,B0040262,A850061,User_3040,43,70,5,1007125529,Excellent!,"Great quality and fast shipping. Will definitely buy again. Wonderful taste, great packaging, and arrived on time. Love it!"
3042,B0074368,A680623,User_3041,31,44,5,1187986853,Excellent!,Incredible product at a very reasonable price. Highly recommended! Perfectly packaged and freshly delivered. Very happy with this order.
3043,B0021578,A990233,User_3042,50,79,5,1157728940,Good!,Great purchase. The product tastes exactly as described. This is the best food product I have tried in years. So delicious!
3044,B0027074,A963157,User_3043,21,38,5,1067566625,Wonderful!,Great purchase. The product tastes exactly as described. Superb quality and flavor. This is now a staple in my household.
3045,B0015058,A576006,User_3044,14,20,3,1354493411,Normal,Middling product. Not excited to reorder but might anyway. It is fine. I have had better but also much worse.
3046,B0062471,A614962,User_3045,8,15,1,1290749996,Waste of money,Not worth a single penny. Quality is shockingly bad. Very bad experience. Product did not match the description at all.
3047,B0039882,A544092,User_3046,50,54,3,1342202093,So so,Okay product. Will consider alternatives next time. Average taste. Expected better but it is passable.
3048,B0023847,A599249,User_3047,3,6,3,1135892285,Acceptable,Decent enough for the price. Not amazing but not terrible either. Neither impressive nor disappointing. Just a regular purchase.
3049,B0069948,A871280,User_3048,3,3,5,1351514108,Loved it!,Really good product. I order this every month for my family. Perfectly packaged and freshly delivered. Very happy with this order.
3050,B0053636,A559228,User_3049,7,12,1,1425711992,Not recommended,Tasted terrible. Threw it straight in the bin. Complete waste. Nothing as advertised. Feels like a scam. Very unhappy.
3051,B0055246,A489090,User_3050,44,65,5,1381031660,Wonderful!,Excellent product! The quality is outstanding and it tastes wonderful. Top notch quality. I am very satisfied with my purchase.
3052,B0032106,A166655,User_3051,4,16,5,1094029407,Fantastic!,Absolutely delicious and healthy. I cannot imagine my life without it. Perfect in every way. My family loves it and we keep buying more.
3053,B0085377,A328314,User_3052,5,16,5,1192447761,Great product!,I love this product so much. It exceeded all my expectations. Excellent product! The quality is outstanding and it tastes wonderful.
3054,B0067968,A624393,User_3053,0,24,3,1338367575,Okay,Meets basic expectations. Nothing stands out about it. Average taste. Expected better but it is passable.
3055,B0073017,A603718,User_3054,37,53,3,1036380511,Not bad,Meets basic expectations. Nothing stands out about it. It is okay. Nothing special but does the job.
3056,B0062381,A587293,User_3055,5,10,3,1055600825,Fine,It is fine. I have had better but also much worse. It is fine. I have had better but also much worse.
3057,B0014891,A788161,User_3056,28,32,4,1046485796,Amazing!,Superb quality and flavor. This is now a staple in my household. Top notch quality. I am very satisfied with my purchase.
3058,B0025968,A180170,User_3057,4,8,3,1484789639,So so,Neither impressive nor disappointing. Just a regular purchase. Average taste. Expected better but it is passable.
3059,B0044098,A235048,User_3058,33,41,1,1312955263,Disappointed,Disappointed and frustrated. This product ruined my meal. Poor quality packaging. Items were damaged when received.
3060,B0056969,A928200,User_3059,22,44,5,1352303034,Excellent!,Loved the flavor and texture. Will be ordering more very soon. Really good product. I order this every month for my family.
3061,B0077290,A323433,User_3060,35,46,4,1022467837,Wonderful!,Absolutely delicious and healthy. I cannot imagine my life without it. Incredible product at a very reasonable price. Highly recommended!
3062,B0049571,A735931,User_3061,11,20,3,1105397918,Alright,Decent enough for the price. Not amazing but not terrible either. Okay product. Will consider alternatives next time.
3063,B0010638,A663132,User_3062,23,48,5,1405711262,Amazing!,Incredible product at a very reasonable price. Highly recommended! Outstanding product. Five stars without any hesitation.
3064,B0077223,A188106,User_3063,16,25,1,1189715554,Waste of money,Product was stale and expired. Very unhappy with this purchase. Terrible product. Arrived broken and smelled awful. Never again.
3065,B0023557,A658923,User_3064,47,51,1,1322747310,Horrible,Product was stale and expired. Very unhappy with this purchase. Tasted terrible. Threw it straight in the bin. Complete waste.
3066,B0024536,A701631,User_3065,9,38,3,1161185618,Fine,Average product. Neither good nor bad. Just acceptable. Average product. Neither good nor bad. Just acceptable.
3067,B0045304,A334048,User_3066,48,71,2,1461611745,Disgusting,Packaging was horrible and the product leaked everywhere. Product was stale and expired. Very unhappy with this purchase.
3068,B0043169,A744584,User_3067,28,42,2,1401573593,Very bad,Packaging was horrible and the product leaked everywhere. Tasted terrible. Threw it straight in the bin. Complete waste.
3069,B0020416,A578645,User_3068,41,61,3,1007731204,Acceptable,"Neither impressive nor disappointing. Just a regular purchase. It does what it says. Nothing more, nothing less."
3070,B0058479,A774468,User_3069,12,39,1,1310216627,Terrible,Poor quality packaging. Items were damaged when received. Packaging was horrible and the product leaked everywhere.
3071,B0067594,A766748,User_3070,4,32,2,1157736358,Not recommended,Extremely bitter and unpleasant. Could not eat it at all. Nothing as advertised. Feels like a scam. Very unhappy.
3072,B0033365,A938736,User_3071,38,63,4,1089148555,Great product!,This product is absolutely amazing! Best purchase I have ever made. Incredible product at a very reasonable price. Highly recommended!
3073,B0081309,A268544,User_3072,45,65,5,1355318095,5 stars!,Outstanding product. Five stars without any hesitation. Great quality and fast shipping. Will definitely buy again.
3074,B0024777,A143746,User_3073,46,63,5,1309996086,5 stars!,Absolutely delicious and healthy. I cannot imagine my life without it. Perfectly packaged and freshly delivered. Very happy with this order.
3075,B0050842,A391226,User_3074,14,42,5,1151766497,5 stars!,Perfect in every way. My family loves it and we keep buying more. This is the best food product I have tried in years. So delicious!
3076,B0038072,A631291,User_3075,28,43,4,1033851520,Excellent!,Great quality and fast shipping. Will definitely buy again. Fantastic taste and great value for money. Highly recommend!
3077,B0059708,A599700,User_3076,11,19,5,1443289791,5 stars!,Best snack I have ever had. My kids absolutely love it too. I love this product so much. It exceeded all my expectations.
3078,B0018970,A335745,User_3077,3,29,5,1097410554,Excellent!,Superb quality and flavor. This is now a staple in my household. This is the best food product I have tried in years. So delicious!
3079,B0019527,A140721,User_3078,38,57,4,1168316306,Wonderful!,Incredible product at a very reasonable price. Highly recommended! Superb quality and flavor. This is now a staple in my household.
3080,B0064273,A388264,User_3079,15,35,4,1303180148,5 stars!,Incredible product at a very reasonable price. Highly recommended! Fantastic taste and great value for money. Highly recommend!
3081,B0080649,A478793,User_3080,32,53,5,1240776258,Perfect!,Perfect in every way. My family loves it and we keep buying more. Incredible product at a very reasonable price. Highly recommended!
3082,B0059965,A222588,User_3081,33,49,5,1333637145,Fantastic!,Incredible product at a very reasonable price. Highly recommended! Absolutely delicious and healthy. I cannot imagine my life without it.
3083,B0025500,A715439,User_3082,3,12,2,1335466689,Disgusting,Disappointed and frustrated. This product ruined my meal. Disappointed and frustrated. This product ruined my meal.
3084,B0023366,A365198,User_3083,6,14,3,1396388273,Not bad,Okay product. Will consider alternatives next time. It is fine. I have had better but also much worse.
3085,B0050228,A434585,User_3084,14,15,1,1440467752,Waste of money,Tasted terrible. Threw it straight in the bin. Complete waste. Poor quality packaging. Items were damaged when received.
3086,B0060686,A458175,User_3085,47,77,2,1316553716,Don't buy,
3087,B0014069,A875174,User_3086,13,39,5,1019516019,Highly recommend,This is the best food product I have tried in years. So delicious! Excellent product! The quality is outstanding and it tastes wonderful.
3088,B0035984,A625642,User_3087,33,40,5,1391216717,Highly recommend,Outstanding product. Five stars without any hesitation. The taste is divine and it keeps me energized throughout the day.
3089,B0059158,A529799,User_3088,31,31,4,1366812436,Perfect!,Fantastic taste and great value for money. Highly recommend! Perfect in every way. My family loves it and we keep buying more.
3090,B0019978,A634570,User_3089,33,60,5,1122551140,Highly recommend,Excellent product! The quality is outstanding and it tastes wonderful. The taste is divine and it keeps me energized throughout the day.
3091,B0021708,A947760,User_3090,9,12,5,1408200476,Highly recommend,Great quality and fast shipping. Will definitely buy again. The taste is divine and it keeps me energized throughout the day.
3092,B0077685,A969306,User_3091,11,39,5,1414249583,Loved it!,Fantastic taste and great value for money. Highly recommend! This product is absolutely amazing! Best purchase I have ever made.
3093,B0089635,A188598,User_3092,27,39,5,1074905367,Wonderful!,I love this product so much. It exceeded all my expectations. Best snack I have ever had. My kids absolutely love it too.
3094,B0031808,A776541,User_3093,7,7,5,1132554790,Excellent!,This product is absolutely amazing! Best purchase I have ever made. Best snack I have ever had. My kids absolutely love it too.
3095,B0062385,A872322,User_3094,50,52,5,1299478445,Excellent!,"Wonderful taste, great packaging, and arrived on time. Love it! Very happy with this purchase. Arrived quickly and well packaged."
3096,B0012901,A928758,User_3095,41,48,5,1291113653,5 stars!,Outstanding product. Five stars without any hesitation. Incredible product at a very reasonable price. Highly recommended!
3097,B0053626,A578407,User_3096,17,30,4,1381022950,Wonderful!,I love this product so much. It exceeded all my expectations. The taste is divine and it keeps me energized throughout the day.
3098,B0054786,A968534,User_3097,12,22,2,1240334690,Not recommended,Not worth a single penny. Quality is shockingly bad. Horrible product. Returned it immediately. Do not buy this.
3099,B0054536,A859369,User_3098,0,6,4,1364740091,Good!,The taste is divine and it keeps me energized throughout the day. Really good product. I order this every month for my family.
3100,B0092653,A334195,User_3099,0,11,1,1224808081,Not recommended,Terrible product. Arrived broken and smelled awful. Never again. Packaging was horrible and the product leaked everywhere.
3101,B0045338,A394177,User_3100,24,38,2,1251395271,Disgusting,Product was stale and expired. Very unhappy with this purchase. The flavor is disgusting and the texture is completely off.
3102,B0059687,A218981,User_3101,27,40,2,1208944194,Terrible,The flavor is disgusting and the texture is completely off. Terrible product. Arrived broken and smelled awful. Never again.
3103,B0055958,A664711,User_3102,4,4,3,1457727580,Average,Neither impressive nor disappointing. Just a regular purchase. Neither impressive nor disappointing. Just a regular purchase.
3104,B0043843,A682505,User_3103,45,47,3,1230965063,Average,Neither impressive nor disappointing. Just a regular purchase. Okay product. Will consider alternatives next time.
3105,B0032996,A818894,User_3104,28,45,1,1019474318,Terrible,Disappointed and frustrated. This product ruined my meal. Worst purchase I have ever made. Do not waste your money.
3106,B0062197,A132108,User_3105,30,31,5,1339708536,Fantastic!,Absolutely delicious and healthy. I cannot imagine my life without it. Perfectly packaged and freshly delivered. Very happy with this order.
3107,B0075637,A622852,User_3106,26,43,5,1207899248,Excellent!,This product is absolutely amazing! Best purchase I have ever made. Superb quality and flavor. This is now a staple in my household.
3108,B0042348,A706851,User_3107,46,64,5,1446349590,Perfect!,Incredible product at a very reasonable price. Highly recommended! Perfect in every way. My family loves it and we keep buying more.
3109,B0059777,A789250,User_3108,29,54,5,1088754777,Fantastic!,Absolutely delicious and healthy. I cannot imagine my life without it. Excellent product! The quality is outstanding and it tastes wonderful.
3110,B0076395,A522303,User_3109,35,51,5,1451800154,Perfect!,Outstanding product. Five stars without any hesitation. Incredible product at a very reasonable price. Highly recommended!
3111,B0043487,A916693,User_3110,43,64,3,1390795234,Alright,Middling product. Not excited to reorder but might anyway. Average product. Neither good nor bad. Just acceptable.
3112,B0040339,A426839,User_3111,23,48,5,1281099291,Good!,Perfectly packaged and freshly delivered. Very happy with this order. I love this product so much. It exceeded all my expectations.
3113,B0075513,A863273,User_3112,36,50,5,1309902617,Great product!,Excellent product! The quality is outstanding and it tastes wonderful. Superb quality and flavor. This is now a staple in my household.
3114,B0069254,A810238,User_3113,1,31,3,1171895986,Decent,It is okay. Nothing special but does the job. Middling product. Not excited to reorder but might anyway.
3115,B0021731,A141995,User_3114,36,53,5,1481182764,Perfect!,Great purchase. The product tastes exactly as described. Superb quality and flavor. This is now a staple in my household.
3116,B0044985,A360020,User_3115,5,22,1,1449645741,Awful,Poor quality packaging. Items were damaged when received. Nothing as advertised. Feels like a scam. Very unhappy.
3117,B0013578,A756805,User_3116,50,64,3,1038135908,Average,Middling product. Not excited to reorder but might anyway. Okay product. Will consider alternatives next time.
3118,B0036005,A764463,User_3117,31,45,4,1480093445,Wonderful!,Best snack I have ever had. My kids absolutely love it too. Really good product. I order this every month for my family.
3119,B0048019,A933994,User_3118,24,43,5,1108454641,Amazing!,I love this product so much. It exceeded all my expectations. Perfect in every way. My family loves it and we keep buying more.
3120,B0098690,A212138,User_3119,5,24,5,1419349680,Amazing!,I love this product so much. It exceeded all my expectations. Fantastic taste and great value for money. Highly recommend!
3121,B0045742,A464732,User_3120,11,16,1,1446380324,Awful,Nothing as advertised. Feels like a scam. Very unhappy. Poor quality packaging. Items were damaged when received.
3122,B0092822,A607993,User_3121,3,28,4,1166291664,Wonderful!,Loved the flavor and texture. Will be ordering more very soon. Really good product. I order this every month for my family.
3123,B0099913,A943954,User_3122,17,46,1,1008963125,Horrible,Disappointed and frustrated. This product ruined my meal. Disappointed and frustrated. This product ruined my meal.
3124,B0051256,A434493,User_3123,31,57,5,1347712873,5 stars!,Incredible product at a very reasonable price. Highly recommended! Superb quality and flavor. This is now a staple in my household.
3125,B0046806,A634772,User_3124,0,27,2,1114059538,Not recommended,The flavor is disgusting and the texture is completely off. Nothing as advertised. Feels like a scam. Very unhappy.
3126,B0054297,A447552,User_3125,45,63,5,1302889159,Good!,Perfect in every way. My family loves it and we keep buying more. Superb quality and flavor. This is now a staple in my household.
3127,B0084265,A749924,User_3126,45,73,5,1328508122,Loved it!,Great quality and fast shipping. Will definitely buy again. I love this product so much. It exceeded all my expectations.
3128,B0056422,A302066,User_3127,13,39,5,1439217410,Highly recommend,This is the best food product I have tried in years. So delicious! Great quality and fast shipping. Will definitely buy again.
3129,B0098416,A696354,User_3128,39,49,5,1252535815,Perfect!,Loved the flavor and texture. Will be ordering more very soon. Excellent product! The quality is outstanding and it tastes wonderful.
3130,B0063775,A211194,User_3129,31,47,3,1295339828,Average,Average taste. Expected better but it is passable. It is okay. Nothing special but does the job.
3131,B0065573,A904500,User_3130,10,32,2,1116966708,Not recommended,Disappointed and frustrated. This product ruined my meal. Horrible product. Returned it immediately. Do not buy this.
3132,B0013756,A665531,User_3131,26,28,4,1286556513,Highly recommend,Top notch quality. I am very satisfied with my purchase. Outstanding product. Five stars without any hesitation.
3133,B0011162,A768530,User_3132,4,5,4,1247570236,Wonderful!,Incredible product at a very reasonable price. Highly recommended! Superb quality and flavor. This is now a staple in my household.
3134,B0040260,A441090,User_3133,5,8,2,1153958532,Terrible,Extremely bitter and unpleasant. Could not eat it at all. Tasted terrible. Threw it straight in the bin. Complete waste.
3135,B0010910,A350007,User_3134,6,32,5,1155798104,Wonderful!,This product is absolutely amazing! Best purchase I have ever made. Perfectly packaged and freshly delivered. Very happy with this order.
3136,B0021302,A793816,User_3135,47,75,1,1359231674,Very bad,The flavor is disgusting and the texture is completely off. Poor quality packaging. Items were damaged when received.
3137,B0022152,A510305,User_3136,36,40,5,1375660103,Good!,Superb quality and flavor. This is now a staple in my household. Outstanding product. Five stars without any hesitation.
3138,B0088770,A855281,User_3137,37,47,4,1350295638,Excellent!,Great quality and fast shipping. Will definitely buy again. Top notch quality. I am very satisfied with my purchase.
3139,B0064219,A247019,User_3138,32,50,1,1104380802,Very bad,Terrible product. Arrived broken and smelled awful. Never again. Packaging was horrible and the product leaked everywhere.
3140,B0094348,A134569,User_3139,14,39,1,1011460687,Awful,Extremely bitter and unpleasant. Could not eat it at all. I regret buying this. The smell is awful and taste is worse.
3141,B0028044,A479266,User_3140,37,54,5,1283493301,Excellent!,The taste is divine and it keeps me energized throughout the day. Best snack I have ever had. My kids absolutely love it too.
3142,B0029947,A392476,User_3141,16,24,5,1053644029,Fantastic!,Great purchase. The product tastes exactly as described. Superb quality and flavor. This is now a staple in my household.
3143,B0075082,A967422,User_3142,50,73,3,1274090558,Passable,Average product. Neither good nor bad. Just acceptable. Neither impressive nor disappointing. Just a regular purchase.
3144,B0029639,A420514,User_3143,34,36,5,1105523528,Amazing!,Perfect in every way. My family loves it and we keep buying more. Loved the flavor and texture. Will be ordering more very soon.
3145,B0038907,A730142,User_3144,2,6,5,1218757202,5 stars!,I love this product so much. It exceeded all my expectations. Great quality and fast shipping. Will definitely buy again.
3146,B0078506,A300501,User_3145,43,48,5,1128214583,Loved it!,Incredible product at a very reasonable price. Highly recommended! Perfectly packaged and freshly delivered. Very happy with this order.
3147,B0059336,A904475,User_3146,16,32,5,1086479138,Wonderful!,"Wonderful taste, great packaging, and arrived on time. Love it! Very happy with this purchase. Arrived quickly and well packaged."
3148,B0086945,A346979,User_3147,26,42,1,1370752854,Not recommended,Horrible product. Returned it immediately. Do not buy this. Worst purchase I have ever made. Do not waste your money.
3149,B0071810,A711874,User_3148,47,60,5,1405996500,Good!,This is the best food product I have tried in years. So delicious! Incredible product at a very reasonable price. Highly recommended!
3150,B0045003,A291575,User_3149,19,48,5,1305197352,Amazing!,The taste is divine and it keeps me energized throughout the day. Incredible product at a very reasonable price. Highly recommended!
3151,B0026476,A569823,User_3150,20,45,5,1356755714,Highly recommend,Very happy with this purchase. Arrived quickly and well packaged. Incredible product at a very reasonable price. Highly recommended!
3152,B0022974,A185092,User_3151,3,13,5,1109805430,Perfect!,"Wonderful taste, great packaging, and arrived on time. Love it! Absolutely delicious and healthy. I cannot imagine my life without it."
3153,B0095410,A807025,User_3152,25,36,5,1340182367,Good!,Top notch quality. I am very satisfied with my purchase. Top notch quality. I am very satisfied with my purchase.
3154,B0068329,A690915,User_3153,25,30,4,1334730733,5 stars!,Really good product. I order this every month for my family. Superb quality and flavor. This is now a staple in my household.
3155,B0037218,A431559,User_3154,21,49,4,1468472289,Perfect!,Excellent product! The quality is outstanding and it tastes wonderful. This product is absolutely amazing! Best purchase I have ever made.
3156,B0061193,A363887,User_3155,46,46,1,1367264602,Awful,Very disappointed. The taste was nothing like described. Terrible product. Arrived broken and smelled awful. Never again.
3157,B0079517,A132607,User_3156,5,8,1,1439667675,Very bad,Very bad experience. Product did not match the description at all. Very disappointed. The taste was nothing like described.
3158,B0040376,A530522,User_3157,43,43,4,1240365692,Fantastic!,Best snack I have ever had. My kids absolutely love it too. Absolutely delicious and healthy. I cannot imagine my life without it.
3159,B0080133,A338974,User_3158,43,65,5,1378839722,Good!,"Wonderful taste, great packaging, and arrived on time. Love it! Top notch quality. I am very satisfied with my purchase."
3160,B0058188,A641654,User_3159,20,46,5,1004576007,Loved it!,This product is absolutely amazing! Best purchase I have ever made. Absolutely delicious and healthy. I cannot imagine my life without it.
3161,B0096261,A429266,User_3160,5,26,3,1096830320,Okay,Average taste. Expected better but it is passable. Average product. Neither good nor bad. Just acceptable.
3162,B0017255,A988605,User_3161,0,5,5,1206603261,Good!,Top notch quality. I am very satisfied with my purchase. Really good product. I order this every month for my family.
3163,B0086143,A540901,User_3162,21,27,3,1403786276,Average,It is okay. Nothing special but does the job. Average product. Neither good nor bad. Just acceptable.
3164,B0052577,A578241,User_3163,40,68,3,1205019853,Not bad,Decent enough for the price. Not amazing but not terrible either. Okay product. Will consider alternatives next time.
3165,B0099021,A108842,User_3164,31,34,5,1130113807,Good!,Great quality and fast shipping. Will definitely buy again. Top notch quality. I am very satisfied with my purchase.
3166,B0092703,A247086,User_3165,38,55,1,1273696471,Poor quality,I regret buying this. The smell is awful and taste is worse. Worst purchase I have ever made. Do not waste your money.
3167,B0069111,A157192,User_3166,14,35,5,1089573749,Good!,Superb quality and flavor. This is now a staple in my household. The taste is divine and it keeps me energized throughout the day.
3168,B0012814,A874773,User_3167,18,48,1,1471081419,Waste of money,Very disappointed. The taste was nothing like described. Terrible product. Arrived broken and smelled awful. Never again.
3169,B0086739,A591007,User_3168,13,35,2,1002370204,Terrible,Worst purchase I have ever made. Do not waste your money. Product was stale and expired. Very unhappy with this purchase.
3170,B0035385,A765727,User_3169,8,38,3,1253362132,Normal,Average product. Neither good nor bad. Just acceptable. It is okay. Nothing special but does the job.
3171,B0043900,A178332,User_3170,39,61,4,1065717489,Perfect!,Very happy with this purchase. Arrived quickly and well packaged. Great purchase. The product tastes exactly as described.
3172,B0013850,A905021,User_3171,19,39,3,1186965795,Alright,Average taste. Expected better but it is passable. Average product. Neither good nor bad. Just acceptable.
3173,B0089240,A472365,User_3172,39,67,5,1165848710,Fantastic!,Fantastic taste and great value for money. Highly recommend! Outstanding product. Five stars without any hesitation.
3174,B0085181,A306799,User_3173,23,44,5,1300239928,Loved it!,Incredible product at a very reasonable price. Highly recommended! Superb quality and flavor. This is now a staple in my household.
3175,B0021145,A580915,User_3174,4,5,5,1042866372,Excellent!,Perfect in every way. My family loves it and we keep buying more. Great quality and fast shipping. Will definitely buy again.
3176,B0063266,A686072,User_3175,25,43,4,1295779050,Good!,Loved the flavor and texture. Will be ordering more very soon. The taste is divine and it keeps me energized throughout the day.
3177,B0099518,A788631,User_3176,24,46,4,1174860974,Perfect!,Incredible product at a very reasonable price. Highly recommended! Great quality and fast shipping. Will definitely buy again.
3178,B0057279,A392662,User_3177,32,40,5,1062931873,Wonderful!,This is the best food product I have tried in years. So delicious! Great quality and fast shipping. Will definitely buy again.
3179,B0014344,A294942,User_3178,36,63,1,1119433370,Disappointed,Poor quality packaging. Items were damaged when received. I regret buying this. The smell is awful and taste is worse.
3180,B0081250,A157849,User_3179,0,12,5,1119863387,Good!,The taste is divine and it keeps me energized throughout the day. Superb quality and flavor. This is now a staple in my household.
3181,B0024876,A820144,User_3180,0,6,5,1442866526,5 stars!,Absolutely delicious and healthy. I cannot imagine my life without it. Excellent product! The quality is outstanding and it tastes wonderful.
3182,B0019126,A463190,User_3181,13,25,4,1465532561,Wonderful!,Superb quality and flavor. This is now a staple in my household. This product is absolutely amazing! Best purchase I have ever made.
3183,B0034769,A476482,User_3182,6,20,5,1056607391,Amazing!,Perfect in every way. My family loves it and we keep buying more. Absolutely delicious and healthy. I cannot imagine my life without it.
3184,B0063983,A815591,User_3183,42,72,4,1041703613,Highly recommend,Excellent product! The quality is outstanding and it tastes wonderful. The taste is divine and it keeps me energized throughout the day.
2222,B0086184,A996628,User_2221,4,12,5,1056825574,Good!,Really good product. I order this every month for my family. Perfect in every way. My family loves it and we keep buying more.
3186,B0012524,A465158,User_3185,43,44,4,1252277772,Excellent!,This product is absolutely amazing! Best purchase I have ever made. Great quality and fast shipping. Will definitely buy again.
3187,B0041529,A853914,User_3186,16,23,5,1273457767,Perfect!,This product is absolutely amazing! Best purchase I have ever made. Incredible product at a very reasonable price. Highly recommended!
3188,B0046057,A452925,User_3187,28,35,5,1222780684,Excellent!,Fantastic taste and great value for money. Highly recommend! I love this product so much. It exceeded all my expectations.
3189,B0079165,A892473,User_3188,43,53,1,1030322679,Awful,Very bad experience. Product did not match the description at all. Disappointed and frustrated. This product ruined my meal.
3190,B0092361,A329685,User_3189,36,63,3,1183137516,Normal,It is fine. I have had better but also much worse. Okay product. Will consider alternatives next time.
3191,B0043014,A806498,User_3190,10,22,5,1234995724,Amazing!,Excellent product! The quality is outstanding and it tastes wonderful. The taste is divine and it keeps me energized throughout the day.
3192,B0083658,A435135,User_3191,44,48,5,1445177838,Good!,Outstanding product. Five stars without any hesitation. Great purchase. The product tastes exactly as described.
3193,B0045652,A379948,User_3192,16,30,5,1241096042,Great product!,Superb quality and flavor. This is now a staple in my household. Best snack I have ever had. My kids absolutely love it too.
3194,B0034748,A396134,User_3193,28,31,3,1217965128,Okay,It is okay. Nothing special but does the job. Middling product. Not excited to reorder but might anyway.
3195,B0072109,A896205,User_3194,0,5,5,1452161297,Perfect!,Superb quality and flavor. This is now a staple in my household. Excellent product! The quality is outstanding and it tastes wonderful.
3196,B0070738,A990680,User_3195,22,51,5,1242837228,Great product!,Excellent product! The quality is outstanding and it tastes wonderful. Fantastic taste and great value for money. Highly recommend!
3197,B0014446,A137760,User_3196,43,54,3,1264834636,Okay,Average product. Neither good nor bad. Just acceptable. Meets basic expectations. Nothing stands out about it.
3198,B0012044,A572043,User_3197,27,33,4,1038373348,Perfect!,Great purchase. The product tastes exactly as described. Fantastic taste and great value for money. Highly recommend!
3199,B0065046,A895706,User_3198,20,38,4,1318319173,Fantastic!,Really good product. I order this every month for my family. Incredible product at a very reasonable price. Highly recommended!
3200,B0032638,A641221,User_3199,24,41,1,1073333995,Very bad,I regret buying this. The smell is awful and taste is worse. Packaging was horrible and the product leaked everywhere.
3201,B0073833,A842608,User_3200,34,58,5,1378142560,Wonderful!,Great quality and fast shipping. Will definitely buy again. Really good product. I order this every month for my family.
3202,B0084765,A722310,User_3201,35,47,1,1419959217,Very bad,Very bad experience. Product did not match the description at all. Horrible product. Returned it immediately. Do not buy this.
3203,B0053348,A810442,User_3202,32,40,5,1469146647,Highly recommend,Perfect in every way. My family loves it and we keep buying more. Best snack I have ever had. My kids absolutely love it too.
3204,B0096607,A533250,User_3203,8,13,4,1436365772,Perfect!,"Wonderful taste, great packaging, and arrived on time. Love it! Great quality and fast shipping. Will definitely buy again."
3205,B0085550,A578184,User_3204,11,28,1,1356961671,Terrible,Packaging was horrible and the product leaked everywhere. Poor quality packaging. Items were damaged when received.
3206,B0053959,A590716,User_3205,8,29,5,1299940539,Loved it!,"Wonderful taste, great packaging, and arrived on time. Love it! Incredible product at a very reasonable price. Highly recommended!"
3207,B0026267,A832476,User_3206,17,32,3,1296713387,Acceptable,It is okay. Nothing special but does the job. Average taste. Expected better but it is passable.
3208,B0049961,A627785,User_3207,26,56,3,1325759930,Average,"It does what it says. Nothing more, nothing less. Decent enough for the price. Not amazing but not terrible either."
3209,B0033755,A651166,User_3208,43,47,3,1072356101,Okay,Middling product. Not excited to reorder but might anyway. Middling product. Not excited to reorder but might anyway.
3210,B0087845,A664182,User_3209,40,46,1,1409760994,Terrible,I regret buying this. The smell is awful and taste is worse. Terrible product. Arrived broken and smelled awful. Never again.
3211,B0056582,A941475,User_3210,8,30,3,1017915083,Decent,Average taste. Expected better but it is passable. Decent enough for the price. Not amazing but not terrible either.
3212,B0043434,A716371,User_3211,23,45,4,1469532240,Loved it!,Superb quality and flavor. This is now a staple in my household. Perfect in every way. My family loves it and we keep buying more.
3213,B0047366,A272744,User_3212,21,49,4,1122228779,Excellent!,Perfect in every way. My family loves it and we keep buying more. Best snack I have ever had. My kids absolutely love it too.
3214,B0090354,A775644,User_3213,43,69,5,1031715921,Good!,This is the best food product I have tried in years. So delicious! Absolutely delicious and healthy. I cannot imagine my life without it.
3215,B0060750,A850578,User_3214,29,40,5,1494923775,Wonderful!,Perfectly packaged and freshly delivered. Very happy with this order. Outstanding product. Five stars without any hesitation.
3216,B0066065,A865374,User_3215,49,51,5,1083797758,Highly recommend,The taste is divine and it keeps me energized throughout the day. Fantastic taste and great value for money. Highly recommend!
3217,B0085507,A242002,User_3216,26,47,2,1284899186,Very bad,Tasted terrible. Threw it straight in the bin. Complete waste. Poor quality packaging. Items were damaged when received.
3218,B0053162,A937872,User_3217,38,39,3,1238322897,So so,Average product. Neither good nor bad. Just acceptable. It is fine. I have had better but also much worse.
3219,B0048493,A210995,User_3218,50,50,3,1171578440,Average,Decent enough for the price. Not amazing but not terrible either. Middling product. Not excited to reorder but might anyway.
3220,B0028112,A899314,User_3219,24,36,4,1431551395,Fantastic!,Incredible product at a very reasonable price. Highly recommended! This is the best food product I have tried in years. So delicious!
3221,B0021081,A132803,User_3220,26,41,5,1235070728,Great product!,The taste is divine and it keeps me energized throughout the day. I love this product so much. It exceeded all my expectations.
3222,B0072387,A876226,User_3221,23,49,5,1144856397,Perfect!,Great quality and fast shipping. Will definitely buy again. Superb quality and flavor. This is now a staple in my household.
3223,B0056363,A140579,User_3222,14,36,4,1017983273,Excellent!,Absolutely delicious and healthy. I cannot imagine my life without it. Top notch quality. I am very satisfied with my purchase.
3224,B0067032,A577659,User_3223,23,24,5,1191943003,5 stars!,Perfect in every way. My family loves it and we keep buying more. I love this product so much. It exceeded all my expectations.
3225,B0027095,A917497,User_3224,28,58,5,1270304540,Good!,"Wonderful taste, great packaging, and arrived on time. Love it! This is the best food product I have tried in years. So delicious!"
3226,B0072213,A246630,User_3225,36,49,5,1335139384,Loved it!,"Very happy with this purchase. Arrived quickly and well packaged. Wonderful taste, great packaging, and arrived on time. Love it!"
3227,B0054930,A812126,User_3226,29,35,5,1403942487,Highly recommend,"Wonderful taste, great packaging, and arrived on time. Love it! Perfectly packaged and freshly delivered. Very happy with this order."
3228,B0032092,A798439,User_3227,7,9,5,1487557408,Excellent!,Excellent product! The quality is outstanding and it tastes wonderful. Absolutely delicious and healthy. I cannot imagine my life without it.
3229,B0075600,A109593,User_3228,42,46,5,1099696728,Excellent!,Perfect in every way. My family loves it and we keep buying more. This is the best food product I have tried in years. So delicious!
3230,B0011016,A390698,User_3229,43,47,3,1127897194,Acceptable,Okay product. Will consider alternatives next time. Meets basic expectations. Nothing stands out about it.
3231,B0011570,A122716,User_3230,47,62,4,1364844344,Perfect!,Best snack I have ever had. My kids absolutely love it too. Best snack I have ever had. My kids absolutely love it too.
3232,B0024712,A906384,User_3231,26,30,3,1448802936,Passable,Middling product. Not excited to reorder but might anyway. Middling product. Not excited to reorder but might anyway.
3233,B0064382,A892824,User_3232,14,20,5,1006946717,Amazing!,"Wonderful taste, great packaging, and arrived on time. Love it! I love this product so much. It exceeded all my expectations."
3234,B0018760,A748597,User_3233,11,39,5,1112321017,Wonderful!,Outstanding product. Five stars without any hesitation. Perfect in every way. My family loves it and we keep buying more.
3235,B0094981,A425431,User_3234,15,23,5,1224221830,Loved it!,Great quality and fast shipping. Will definitely buy again. Superb quality and flavor. This is now a staple in my household.
3236,B0068566,A618510,User_3235,45,71,3,1006957619,Average,"It is okay. Nothing special but does the job. It does what it says. Nothing more, nothing less."
3237,B0036829,A896723,User_3236,23,46,5,1202975542,Good!,Best snack I have ever had. My kids absolutely love it too. Loved the flavor and texture. Will be ordering more very soon.
3238,B0045507,A171356,User_3237,21,46,5,1235099093,Wonderful!,Top notch quality. I am very satisfied with my purchase. Absolutely delicious and healthy. I cannot imagine my life without it.
3239,B0050112,A230857,User_3238,23,53,5,1262424277,Loved it!,The taste is divine and it keeps me energized throughout the day. This is the best food product I have tried in years. So delicious!
3240,B0070418,A920291,User_3239,25,37,5,1284468800,Amazing!,Superb quality and flavor. This is now a staple in my household. The taste is divine and it keeps me energized throughout the day.
3241,B0086016,A282229,User_3240,27,33,3,1258865462,Average,Middling product. Not excited to reorder but might anyway. Meets basic expectations. Nothing stands out about it.
3242,B0096804,A409377,User_3241,18,29,3,1059466087,Normal,Decent enough for the price. Not amazing but not terrible either. Average product. Neither good nor bad. Just acceptable.
3243,B0047298,A522085,User_3242,19,35,5,1319241416,Fantastic!,This product is absolutely amazing! Best purchase I have ever made. The taste is divine and it keeps me energized throughout the day.
3244,B0051802,A210782,User_3243,9,19,5,1468105064,Fantastic!,Really good product. I order this every month for my family. Excellent product! The quality is outstanding and it tastes wonderful.
3245,B0086687,A821506,User_3244,19,46,1,1345426985,Waste of money,The flavor is disgusting and the texture is completely off. Very bad experience. Product did not match the description at all.
3246,B0034133,A565141,User_3245,17,21,4,1091132594,Wonderful!,Fantastic taste and great value for money. Highly recommend! Outstanding product. Five stars without any hesitation.
3247,B0040701,A484891,User_3246,24,27,5,1142962501,Highly recommend,The taste is divine and it keeps me energized throughout the day. Fantastic taste and great value for money. Highly recommend!
3248,B0051031,A801147,User_3247,37,43,3,1407819377,Alright,Average taste. Expected better but it is passable. It is okay. Nothing special but does the job.
324,B0021176,A718703,User_323,2,20,5,1157871177,Loved it!,Perfectly packaged and freshly delivered. Very happy with this order. Absolutely delicious and healthy. I cannot imagine my life without it.
3250,B0025406,A663520,User_3249,26,33,3,1253483013,Passable,"It does what it says. Nothing more, nothing less. It is okay. Nothing special but does the job."
3251,B0063647,A826506,User_3250,1,18,1,1355618049,Terrible,Packaging was horrible and the product leaked everywhere. Worst purchase I have ever made. Do not waste your money.
3252,B0037899,A116383,User_3251,9,38,5,1498654018,Highly recommend,Fantastic taste and great value for money. Highly recommend! Loved the flavor and texture. Will be ordering more very soon.
3253,B0082194,A393065,User_3252,35,43,5,1093934905,Great product!,Superb quality and flavor. This is now a staple in my household. Incredible product at a very reasonable price. Highly recommended!
3254,B0039878,A199382,User_3253,27,55,5,1202939924,Highly recommend,Very happy with this purchase. Arrived quickly and well packaged. Superb quality and flavor. This is now a staple in my household.
3255,B0031273,A124102,User_3254,3,6,3,1173747097,Not bad,It is fine. I have had better but also much worse. Average taste. Expected better but it is passable.
3256,B0065386,A827770,User_3255,47,73,5,1183397071,5 stars!,Excellent product! The quality is outstanding and it tastes wonderful. This product is absolutely amazing! Best purchase I have ever made.
3257,B0046503,A425714,User_3256,36,49,5,1403001752,Highly recommend,Top notch quality. I am very satisfied with my purchase. Top notch quality. I am very satisfied with my purchase.
3258,B0077421,A678763,User_3257,29,29,5,1472685102,Loved it!,Really good product. I order this every month for my family. Great purchase. The product tastes exactly as described.
3259,B0089434,A548290,User_3258,28,57,5,1249824699,Highly recommend,Great quality and fast shipping. Will definitely buy again. Great quality and fast shipping. Will definitely buy again.
3260,B0073755,A528715,User_3259,42,43,5,1034437238,Perfect!,This product is absolutely amazing! Best purchase I have ever made. Superb quality and flavor. This is now a staple in my household.
3261,B0021940,A606960,User_3260,4,13,5,1101652680,Highly recommend,Perfect in every way. My family loves it and we keep buying more. Loved the flavor and texture. Will be ordering more very soon.
3262,B0099589,A185793,User_3261,1,20,4,1495761955,Excellent!,Top notch quality. I am very satisfied with my purchase. Very happy with this purchase. Arrived quickly and well packaged.
3263,B0016053,A647164,User_3262,33,58,5,1217365774,Excellent!,The taste is divine and it keeps me energized throughout the day. Fantastic taste and great value for money. Highly recommend!
3264,B0016949,A538764,User_3263,12,15,5,1151292320,Good!,I love this product so much. It exceeded all my expectations. Loved the flavor and texture. Will be ordering more very soon.
3265,B0021861,A369601,User_3264,33,57,5,1309338364,Highly recommend,Perfectly packaged and freshly delivered. Very happy with this order. Superb quality and flavor. This is now a staple in my household.
3266,B0068321,A386703,User_3265,46,66,5,1451791700,Fantastic!,This product is absolutely amazing! Best purchase I have ever made. Perfectly packaged and freshly delivered. Very happy with this order.
3267,B0011672,A256169,User_3266,39,50,3,1222375771,Normal,"It does what it says. Nothing more, nothing less. Okay product. Will consider alternatives next time."
3268,B0070964,A554456,User_3267,15,19,2,1255886029,Disappointed,Horrible product. Returned it immediately. Do not buy this. Tasted terrible. Threw it straight in the bin. Complete waste.
3269,B0082900,A232207,User_3268,38,57,5,1138922666,Perfect!,Top notch quality. I am very satisfied with my purchase. Outstanding product. Five stars without any hesitation.
3270,B0023558,A906974,User_3269,50,61,5,1374743157,Loved it!,"Wonderful taste, great packaging, and arrived on time. Love it! Superb quality and flavor. This is now a staple in my household."
3271,B0026442,A406545,User_3270,32,43,5,1195146323,Great product!,Outstanding product. Five stars without any hesitation. Great purchase. The product tastes exactly as described.
3272,B0099533,A415221,User_3271,35,49,3,1050865675,Okay,It is fine. I have had better but also much worse. Neither impressive nor disappointing. Just a regular purchase.
3273,B0091652,A963738,User_3272,48,64,5,1372794584,Great product!,Excellent product! The quality is outstanding and it tastes wonderful. Absolutely delicious and healthy. I cannot imagine my life without it.
3274,B0047207,A621734,User_3273,2,5,1,1400022856,Waste of money,Horrible product. Returned it immediately. Do not buy this. Horrible product. Returned it immediately. Do not buy this.
3275,B0093395,A162174,User_3274,22,42,5,1165987024,Great product!,Fantastic taste and great value for money. Highly recommend! Perfect in every way. My family loves it and we keep buying more.
3276,B0095998,A829498,User_3275,43,60,1,1169841806,Don't buy,Horrible product. Returned it immediately. Do not buy this. Extremely bitter and unpleasant. Could not eat it at all.
3277,B0054281,A371330,User_3276,45,69,5,1122878720,Excellent!,Excellent product! The quality is outstanding and it tastes wonderful. I love this product so much. It exceeded all my expectations.
3278,B0068782,A690296,User_3277,20,34,5,1242991824,Loved it!,This is the best food product I have tried in years. So delicious! Absolutely delicious and healthy. I cannot imagine my life without it.
3279,B0063088,A675263,User_3278,44,48,1,1191340351,Disappointed,Poor quality packaging. Items were damaged when received. Poor quality packaging. Items were damaged when received.
3280,B0019816,A534559,User_3279,48,67,4,1410984057,Great product!,Excellent product! The quality is outstanding and it tastes wonderful. Best snack I have ever had. My kids absolutely love it too.
3281,B0041379,A592850,User_3280,11,34,5,1095400932,Highly recommend,Perfect in every way. My family loves it and we keep buying more. Superb quality and flavor. This is now a staple in my household.
3282,B0015367,A186155,User_3281,39,49,3,1190827587,Decent,Neither impressive nor disappointing. Just a regular purchase. It is okay. Nothing special but does the job.
3283,B0045465,A220565,User_3282,15,17,5,1238049865,Wonderful!,Great quality and fast shipping. Will definitely buy again. Absolutely delicious and healthy. I cannot imagine my life without it.
3284,B0084223,A944318,User_3283,25,46,3,1386104701,Acceptable,Average product. Neither good nor bad. Just acceptable. Meets basic expectations. Nothing stands out about it.
3285,B0049549,A116432,User_3284,31,52,1,1161301991,Terrible,Product was stale and expired. Very unhappy with this purchase. Very disappointed. The taste was nothing like described.
3286,B0083326,A223176,User_3285,20,24,4,1433127070,Perfect!,"Incredible product at a very reasonable price. Highly recommended! Wonderful taste, great packaging, and arrived on time. Love it!"
3287,B0046941,A626469,User_3286,25,46,5,1159542493,Highly recommend,I love this product so much. It exceeded all my expectations. Outstanding product. Five stars without any hesitation.
3288,B0021778,A585685,User_3287,46,61,5,1363957038,Fantastic!,"Wonderful taste, great packaging, and arrived on time. Love it! Absolutely delicious and healthy. I cannot imagine my life without it."
3289,B0047803,A588847,User_3288,50,65,1,1435335314,Awful,Nothing as advertised. Feels like a scam. Very unhappy. Very disappointed. The taste was nothing like described.
3290,B0032771,A916408,User_3289,40,61,4,1442166408,Highly recommend,Really good product. I order this every month for my family. This is the best food product I have tried in years. So delicious!
3291,B0091987,A114449,User_3290,4,22,5,1278210802,Great product!,I love this product so much. It exceeded all my expectations. Great purchase. The product tastes exactly as described.
3292,B0093505,A342148,User_3291,17,17,1,1285531382,Waste of money,Tasted terrible. Threw it straight in the bin. Complete waste. The flavor is disgusting and the texture is completely off.
3293,B0042141,A353952,User_3292,13,31,5,1078499426,Fantastic!,I love this product so much. It exceeded all my expectations. The taste is divine and it keeps me energized throughout the day.
3294,B0051075,A264658,User_3293,3,18,5,1459598616,Highly recommend,Incredible product at a very reasonable price. Highly recommended! Loved the flavor and texture. Will be ordering more very soon.
3295,B0055954,A442149,User_3294,10,23,1,1173483881,Awful,Not worth a single penny. Quality is shockingly bad. Poor quality packaging. Items were damaged when received.
3296,B0029628,A585746,User_3295,8,31,3,1074891307,Average,It is okay. Nothing special but does the job. Average product. Neither good nor bad. Just acceptable.
3297,B0081017,A914280,User_3296,36,43,1,1386708489,Disappointed,Poor quality packaging. Items were damaged when received. Product was stale and expired. Very unhappy with this purchase.
3298,B0036475,A149289,User_3297,29,46,2,1225089016,Waste of money,Nothing as advertised. Feels like a scam. Very unhappy. Disappointed and frustrated. This product ruined my meal.
3299,B0093873,A826598,User_3298,33,48,4,1351486781,Fantastic!,Top notch quality. I am very satisfied with my purchase. Absolutely delicious and healthy. I cannot imagine my life without it.
3300,B0037953,A399122,User_3299,14,16,5,1452922408,Wonderful!,Excellent product! The quality is outstanding and it tastes wonderful. Great purchase. The product tastes exactly as described.
3301,B0073359,A791654,User_3300,41,53,1,1324025063,Poor quality,Not worth a single penny. Quality is shockingly bad. Poor quality packaging. Items were damaged when received.
3302,B0032148,A408027,User_3301,33,50,1,1307865920,Disgusting,Terrible product. Arrived broken and smelled awful. Never again. Packaging was horrible and the product leaked everywhere.
3303,B0098408,A335016,User_3302,40,69,5,1026054689,Loved it!,Incredible product at a very reasonable price. Highly recommended! Great purchase. The product tastes exactly as described.
3304,B0080107,A924002,User_3303,38,40,5,1379673047,Great product!,"The taste is divine and it keeps me energized throughout the day. Wonderful taste, great packaging, and arrived on time. Love it!"
3305,B0071849,A891378,User_3304,1,31,5,1060398987,Loved it!,Absolutely delicious and healthy. I cannot imagine my life without it. Really good product. I order this every month for my family.
3306,B0057081,A130564,User_3305,7,11,5,1438286369,Loved it!,The taste is divine and it keeps me energized throughout the day. Really good product. I order this every month for my family.
3307,B0063134,A586099,User_3306,1,25,4,1279508778,5 stars!,Fantastic taste and great value for money. Highly recommend! The taste is divine and it keeps me energized throughout the day.
3308,B0096302,A356139,User_3307,40,54,5,1196119114,Fantastic!,Absolutely delicious and healthy. I cannot imagine my life without it. This is the best food product I have tried in years. So delicious!
3309,B0074479,A241142,User_3308,0,4,1,1055957217,Terrible,Product was stale and expired. Very unhappy with this purchase. Packaging was horrible and the product leaked everywhere.
3310,B0085206,A422917,User_3309,19,36,5,1409040638,Amazing!,Incredible product at a very reasonable price. Highly recommended! Top notch quality. I am very satisfied with my purchase.
3311,B0082718,A980916,User_3310,36,50,1,1496869619,Awful,Nothing as advertised. Feels like a scam. Very unhappy. Packaging was horrible and the product leaked everywhere.
3312,B0026343,A494482,User_3311,24,52,5,1055311501,Loved it!,"Wonderful taste, great packaging, and arrived on time. Love it! I love this product so much. It exceeded all my expectations."
3313,B0096447,A791438,User_3312,1,14,5,1439662163,Good!,Great quality and fast shipping. Will definitely buy again. This is the best food product I have tried in years. So delicious!
3314,B0037278,A543699,User_3313,2,20,5,1060246130,Loved it!,Really good product. I order this every month for my family. Outstanding product. Five stars without any hesitation.
3315,B0016327,A910211,User_3314,11,41,1,1168939490,Disgusting,Product was stale and expired. Very unhappy with this purchase. Very bad experience. Product did not match the description at all.
3316,B0028156,A655862,User_3315,36,58,5,1395036782,Highly recommend,I love this product so much. It exceeded all my expectations. Fantastic taste and great value for money. Highly recommend!
3317,B0064336,A693803,User_3316,37,51,4,1232347322,5 stars!,Really good product. I order this every month for my family. Very happy with this purchase. Arrived quickly and well packaged.
3318,B0052691,A743368,User_3317,10,26,1,1255724090,Very bad,Poor quality packaging. Items were damaged when received. The flavor is disgusting and the texture is completely off.
3319,B0059592,A606341,User_3318,15,17,5,1479508792,Amazing!,Great purchase. The product tastes exactly as described. Very happy with this purchase. Arrived quickly and well packaged.
3320,B0045903,A789196,User_3319,25,36,3,1134032960,Passable,Middling product. Not excited to reorder but might anyway. Average taste. Expected better but it is passable.
3321,B0093520,A368820,User_3320,21,45,3,1422703413,Acceptable,Neither impressive nor disappointing. Just a regular purchase. Neither impressive nor disappointing. Just a regular purchase.
3322,B0069814,A729899,User_3321,50,52,5,1124674019,Amazing!,"Wonderful taste, great packaging, and arrived on time. Love it! Outstanding product. Five stars without any hesitation."
3323,B0071912,A950694,User_3322,36,65,1,1291760407,Waste of money,Product was stale and expired. Very unhappy with this purchase. Very bad experience. Product did not match the description at all.
3324,B0022564,A950263,User_3323,17,35,5,1464179157,Amazing!,Outstanding product. Five stars without any hesitation. Perfectly packaged and freshly delivered. Very happy with this order.
3325,B0020851,A812314,User_3324,16,16,5,1184854789,Excellent!,Outstanding product. Five stars without any hesitation. The taste is divine and it keeps me energized throughout the day.
3326,B0054780,A162748,User_3325,3,21,5,1040033226,Loved it!,Incredible product at a very reasonable price. Highly recommended! Excellent product! The quality is outstanding and it tastes wonderful.
3327,B0077849,A891426,User_3326,36,57,5,1171673590,Loved it!,Great purchase. The product tastes exactly as described. Perfect in every way. My family loves it and we keep buying more.
3328,B0083448,A324174,User_3327,17,20,2,1246932179,Disgusting,Tasted terrible. Threw it straight in the bin. Complete waste. Not worth a single penny. Quality is shockingly bad.
3329,B0027025,A770131,User_3328,3,25,5,1229686777,Highly recommend,Fantastic taste and great value for money. Highly recommend! This product is absolutely amazing! Best purchase I have ever made.
3330,B0018486,A913483,User_3329,19,47,5,1154000974,5 stars!,Loved the flavor and texture. Will be ordering more very soon. Great quality and fast shipping. Will definitely buy again.
3331,B0078771,A159818,User_3330,23,33,3,1395152335,So so,"Okay product. Will consider alternatives next time. It does what it says. Nothing more, nothing less."
3332,B0071439,A373449,User_3331,15,15,5,1225732649,Good!,The taste is divine and it keeps me energized throughout the day. Perfect in every way. My family loves it and we keep buying more.
3333,B0014917,A936863,User_3332,24,53,5,1265453371,Amazing!,This is the best food product I have tried in years. So delicious! The taste is divine and it keeps me energized throughout the day.
3334,B0098491,A338634,User_3333,9,37,4,1019905676,Good!,Perfectly packaged and freshly delivered. Very happy with this order. Outstanding product. Five stars without any hesitation.
3335,B0078385,A638366,User_3334,13,36,1,1348434275,Very bad,The flavor is disgusting and the texture is completely off. Very disappointed. The taste was nothing like described.
3336,B0087924,A206011,User_3335,45,64,3,1197713089,Alright,Okay product. Will consider alternatives next time. Neither impressive nor disappointing. Just a regular purchase.
3337,B0046384,A941795,User_3336,0,17,5,1032365035,Wonderful!,Really good product. I order this every month for my family. The taste is divine and it keeps me energized throughout the day.
3338,B0019566,A586578,User_3337,16,38,3,1354881741,Average,Average product. Neither good nor bad. Just acceptable. Middling product. Not excited to reorder but might anyway.
3339,B0010265,A563796,User_3338,25,37,5,1222107702,5 stars!,"Wonderful taste, great packaging, and arrived on time. Love it! Very happy with this purchase. Arrived quickly and well packaged."
3340,B0073916,A754654,User_3339,13,22,5,1403139758,Good!,I love this product so much. It exceeded all my expectations. Outstanding product. Five stars without any hesitation.
3341,B0085609,A723694,User_3340,2,29,3,1464747184,Decent,"It does what it says. Nothing more, nothing less. Neither impressive nor disappointing. Just a regular purchase."
3342,B0025836,A876665,User_3341,16,29,5,1454418660,Highly recommend,"Wonderful taste, great packaging, and arrived on time. Love it! Top notch quality. I am very satisfied with my purchase."
3343,B0025203,A624509,User_3342,42,56,5,1285646249,Loved it!,Fantastic taste and great value for money. Highly recommend! This product is absolutely amazing! Best purchase I have ever made.
3344,B0064594,A718543,User_3343,50,76,2,1004963607,Waste of money,Nothing as advertised. Feels like a scam. Very unhappy. Extremely bitter and unpleasant. Could not eat it at all.
3345,B0025631,A701269,User_3344,36,63,5,1326696650,Highly recommend,This product is absolutely amazing! Best purchase I have ever made. Great quality and fast shipping. Will definitely buy again.
3346,B0019970,A249665,User_3345,41,62,5,1292377824,Great product!,The taste is divine and it keeps me energized throughout the day. Great quality and fast shipping. Will definitely buy again.
3347,B0049412,A373806,User_3346,16,22,3,1108594820,Not bad,It is fine. I have had better but also much worse. Average taste. Expected better but it is passable.
3348,B0062602,A523565,User_3347,9,16,3,1270585545,Okay,"Average taste. Expected better but it is passable. It does what it says. Nothing more, nothing less."
3349,B0043789,A982356,User_3348,35,54,5,1394725048,Highly recommend,Superb quality and flavor. This is now a staple in my household. Great quality and fast shipping. Will definitely buy again.
3350,B0043368,A701474,User_3349,28,52,3,1112484469,Decent,Neither impressive nor disappointing. Just a regular purchase. Neither impressive nor disappointing. Just a regular purchase.
3351,B0060046,A268657,User_3350,33,37,5,1036352014,Highly recommend,Excellent product! The quality is outstanding and it tastes wonderful. Very happy with this purchase. Arrived quickly and well packaged.
3352,B0095149,A397407,User_3351,8,18,5,1461430362,Good!,Outstanding product. Five stars without any hesitation. This product is absolutely amazing! Best purchase I have ever made.
3353,B0020711,A589806,User_3352,14,14,5,1312938105,Good!,Fantastic taste and great value for money. Highly recommend! Very happy with this purchase. Arrived quickly and well packaged.
3354,B0023509,A123416,User_3353,4,27,5,1119904431,Wonderful!,This is the best food product I have tried in years. So delicious! Great purchase. The product tastes exactly as described.
3355,B0086352,A396233,User_3354,23,52,1,1139144528,Poor quality,Tasted terrible. Threw it straight in the bin. Complete waste. Disappointed and frustrated. This product ruined my meal.
3356,B0076170,A996609,User_3355,49,64,1,1232957905,Not recommended,Packaging was horrible and the product leaked everywhere. Horrible product. Returned it immediately. Do not buy this.
3357,B0041603,A653015,User_3356,11,19,5,1173737294,Good!,Superb quality and flavor. This is now a staple in my household. Really good product. I order this every month for my family.
3358,B0017910,A227099,User_3357,14,37,4,1377177469,Highly recommend,Very happy with this purchase. Arrived quickly and well packaged. Great quality and fast shipping. Will definitely buy again.
3359,B0085571,A210396,User_3358,1,7,5,1032498096,Loved it!,This is the best food product I have tried in years. So delicious! Loved the flavor and texture. Will be ordering more very soon.
3360,B0069962,A813123,User_3359,18,32,5,1095282484,Perfect!,Perfect in every way. My family loves it and we keep buying more. Great quality and fast shipping. Will definitely buy again.
3361,B0057610,A300958,User_3360,45,50,4,1407700935,Wonderful!,The taste is divine and it keeps me energized throughout the day. This product is absolutely amazing! Best purchase I have ever made.
3362,B0049771,A162062,User_3361,3,17,3,1260311458,Normal,Decent enough for the price. Not amazing but not terrible either. Average taste. Expected better but it is passable.
3363,B0032604,A197773,User_3362,29,52,1,1171819243,Don't buy,I regret buying this. The smell is awful and taste is worse. Nothing as advertised. Feels like a scam. Very unhappy.
3364,B0049580,A636511,User_3363,20,46,1,1273345379,Poor quality,Very disappointed. The taste was nothing like described. Horrible product. Returned it immediately. Do not buy this.
3365,B0074156,A546698,User_3364,3,15,5,1229955811,Amazing!,Fantastic taste and great value for money. Highly recommend! Perfectly packaged and freshly delivered. Very happy with this order.
3366,B0037903,A905100,User_3365,50,71,5,1027713623,Highly recommend,Incredible product at a very reasonable price. Highly recommended! Outstanding product. Five stars without any hesitation.
3438,B0011261,A497599,User_3437,14,33,5,1369377940,5 stars!,The taste is divine and it keeps me energized throughout the day. Excellent product! The quality is outstanding and it tastes wonderful.
3368,B0077656,A356965,User_3367,48,65,5,1494855329,Excellent!,The taste is divine and it keeps me energized throughout the day. Really good product. I order this every month for my family.
3369,B0081646,A242500,User_3368,31,38,5,1335869236,Loved it!,This is the best food product I have tried in years. So delicious! Best snack I have ever had. My kids absolutely love it too.
3370,B0095397,A359481,User_3369,6,10,4,1160629213,Highly recommend,Top notch quality. I am very satisfied with my purchase. The taste is divine and it keeps me energized throughout the day.
3371,B0054103,A187805,User_3370,2,9,5,1400803186,Perfect!,Great quality and fast shipping. Will definitely buy again. Fantastic taste and great value for money. Highly recommend!
3372,B0034212,A953615,User_3371,3,24,1,1400261761,Disgusting,I regret buying this. The smell is awful and taste is worse. Extremely bitter and unpleasant. Could not eat it at all.
3373,B0041611,A377125,User_3372,18,40,3,1483156201,Not bad,Average product. Neither good nor bad. Just acceptable. It is fine. I have had better but also much worse.
3374,B0075148,A474628,User_3373,6,24,5,1184738662,5 stars!,Outstanding product. Five stars without any hesitation. Perfectly packaged and freshly delivered. Very happy with this order.
3375,B0097700,A822825,User_3374,38,48,3,1202304962,Decent,Middling product. Not excited to reorder but might anyway. Average taste. Expected better but it is passable.
3376,B0073288,A497363,User_3375,6,11,1,1108850857,Poor quality,Disappointed and frustrated. This product ruined my meal. Not worth a single penny. Quality is shockingly bad.
3377,B0048324,A955208,User_3376,14,31,5,1369448044,Loved it!,Loved the flavor and texture. Will be ordering more very soon. Absolutely delicious and healthy. I cannot imagine my life without it.
3378,B0083343,A489635,User_3377,9,13,5,1129409986,Amazing!,Excellent product! The quality is outstanding and it tastes wonderful. This product is absolutely amazing! Best purchase I have ever made.
3379,B0098433,A201604,User_3378,37,65,5,1458546957,Amazing!,Excellent product! The quality is outstanding and it tastes wonderful. Absolutely delicious and healthy. I cannot imagine my life without it.
3380,B0074956,A634883,User_3379,12,18,4,1110900749,Perfect!,Very happy with this purchase. Arrived quickly and well packaged. Very happy with this purchase. Arrived quickly and well packaged.
3381,B0070095,A925377,User_3380,19,35,3,1417377233,Okay,Average taste. Expected better but it is passable. Average taste. Expected better but it is passable.
3382,B0010620,A230755,User_3381,21,21,2,1290168056,Disgusting,Packaging was horrible and the product leaked everywhere. Extremely bitter and unpleasant. Could not eat it at all.
3383,B0017406,A274117,User_3382,39,60,4,1310356377,5 stars!,This product is absolutely amazing! Best purchase I have ever made. Excellent product! The quality is outstanding and it tastes wonderful.
3384,B0071440,A586241,User_3383,49,76,4,1080922484,Fantastic!,Best snack I have ever had. My kids absolutely love it too. Superb quality and flavor. This is now a staple in my household.
3385,B0083441,A485041,User_3384,44,72,5,1131109167,Fantastic!,Top notch quality. I am very satisfied with my purchase. Loved the flavor and texture. Will be ordering more very soon.
3386,B0083467,A723564,User_3385,47,57,5,1161412018,Fantastic!,Great purchase. The product tastes exactly as described. Very happy with this purchase. Arrived quickly and well packaged.
3387,B0025859,A184592,User_3386,30,40,5,1334829199,Wonderful!,This is the best food product I have tried in years. So delicious! Excellent product! The quality is outstanding and it tastes wonderful.
3388,B0092906,A956560,User_3387,9,9,1,1475526379,Disgusting,Poor quality packaging. Items were damaged when received. Disappointed and frustrated. This product ruined my meal.
3389,B0029271,A597685,User_3388,38,42,4,1193040271,Highly recommend,Absolutely delicious and healthy. I cannot imagine my life without it. Superb quality and flavor. This is now a staple in my household.
3390,B0054647,A159631,User_3389,37,46,5,1074306533,Highly recommend,Superb quality and flavor. This is now a staple in my household. The taste is divine and it keeps me energized throughout the day.
3391,B0041752,A122621,User_3390,9,27,5,1149731390,Good!,Really good product. I order this every month for my family. Great purchase. The product tastes exactly as described.
3392,B0032620,A357667,User_3391,15,29,5,1413018426,Excellent!,The taste is divine and it keeps me energized throughout the day. Absolutely delicious and healthy. I cannot imagine my life without it.
3393,B0053821,A384402,User_3392,11,37,2,1172348080,Waste of money,Not worth a single penny. Quality is shockingly bad. Poor quality packaging. Items were damaged when received.
3394,B0022426,A353789,User_3393,24,26,4,1242703400,Excellent!,"Wonderful taste, great packaging, and arrived on time. Love it! Excellent product! The quality is outstanding and it tastes wonderful."
3395,B0030555,A895794,User_3394,21,24,4,1028774420,Perfect!,This is the best food product I have tried in years. So delicious! Perfectly packaged and freshly delivered. Very happy with this order.
3396,B0021343,A582653,User_3395,17,35,4,1182000196,Good!,Fantastic taste and great value for money. Highly recommend! Outstanding product. Five stars without any hesitation.
3397,B0095170,A383966,User_3396,11,38,4,1041409029,Great product!,Outstanding product. Five stars without any hesitation. Excellent product! The quality is outstanding and it tastes wonderful.
3398,B0082735,A307419,User_3397,32,53,5,1170076615,Amazing!,Excellent product! The quality is outstanding and it tastes wonderful. I love this product so much. It exceeded all my expectations.
3201,B0073833,A842608,User_3200,34,58,5,1378142560,Wonderful!,Great quality and fast shipping. Will definitely buy again. Really good product. I order this every month for my family.
3400,B0082168,A983819,User_3399,48,66,4,1472785353,Great product!,"Absolutely delicious and healthy. I cannot imagine my life without it. Wonderful taste, great packaging, and arrived on time. Love it!"
3401,B0031420,A262064,User_3400,19,28,4,1469112286,Excellent!,Really good product. I order this every month for my family. This is the best food product I have tried in years. So delicious!
3402,B0031757,A471300,User_3401,2,27,2,1181056153,Terrible,Horrible product. Returned it immediately. Do not buy this. Horrible product. Returned it immediately. Do not buy this.
3403,B0063238,A499856,User_3402,40,56,5,1387871715,Wonderful!,The taste is divine and it keeps me energized throughout the day. Best snack I have ever had. My kids absolutely love it too.
3404,B0073317,A945220,User_3403,40,52,5,1252602517,Excellent!,Really good product. I order this every month for my family. Best snack I have ever had. My kids absolutely love it too.
3405,B0084940,A815789,User_3404,27,50,4,1458074330,Fantastic!,"Absolutely delicious and healthy. I cannot imagine my life without it. Wonderful taste, great packaging, and arrived on time. Love it!"
3406,B0086749,A591778,User_3405,9,31,4,1284791776,Fantastic!,"Wonderful taste, great packaging, and arrived on time. Love it! Excellent product! The quality is outstanding and it tastes wonderful."
3407,B0017917,A410397,User_3406,11,11,3,1342506434,Fine,Decent enough for the price. Not amazing but not terrible either. Decent enough for the price. Not amazing but not terrible either.
3408,B0090544,A129710,User_3407,39,47,5,1071659802,Highly recommend,I love this product so much. It exceeded all my expectations. Great quality and fast shipping. Will definitely buy again.
3409,B0063621,A951986,User_3408,36,60,5,1216052159,Perfect!,"Fantastic taste and great value for money. Highly recommend! Wonderful taste, great packaging, and arrived on time. Love it!"
3410,B0097273,A932514,User_3409,28,32,3,1103282403,Passable,Average product. Neither good nor bad. Just acceptable. Average product. Neither good nor bad. Just acceptable.
3411,B0063197,A920032,User_3410,39,47,2,1287448459,Disgusting,Nothing as advertised. Feels like a scam. Very unhappy. Very bad experience. Product did not match the description at all.
3412,B0063993,A822286,User_3411,44,50,5,1292012661,Perfect!,Best snack I have ever had. My kids absolutely love it too. Fantastic taste and great value for money. Highly recommend!
3413,B0012559,A446663,User_3412,27,40,4,1004056735,Loved it!,Incredible product at a very reasonable price. Highly recommended! This product is absolutely amazing! Best purchase I have ever made.
3414,B0029451,A320185,User_3413,22,51,4,1442321169,Good!,Excellent product! The quality is outstanding and it tastes wonderful. This product is absolutely amazing! Best purchase I have ever made.
3415,B0080928,A498398,User_3414,34,46,5,1343509448,Loved it!,Excellent product! The quality is outstanding and it tastes wonderful. Incredible product at a very reasonable price. Highly recommended!
3416,B0066410,A244779,User_3415,20,45,5,1108732332,Good!,Fantastic taste and great value for money. Highly recommend! This product is absolutely amazing! Best purchase I have ever made.
3417,B0057262,A430513,User_3416,45,45,5,1431696993,Perfect!,Outstanding product. Five stars without any hesitation. Best snack I have ever had. My kids absolutely love it too.
3418,B0036642,A195849,User_3417,10,31,3,1089221491,Passable,Meets basic expectations. Nothing stands out about it. Decent enough for the price. Not amazing but not terrible either.
2983,B0028630,A169566,User_2982,24,43,4,1412620992,Excellent!,The taste is divine and it keeps me energized throughout the day. Top notch quality. I am very satisfied with my purchase.
3420,B0038181,A804385,User_3419,15,42,5,1363586758,Excellent!,Great purchase. The product tastes exactly as described. Excellent product! The quality is outstanding and it tastes wonderful.
3421,B0084854,A262357,User_3420,13,39,5,1396739876,Loved it!,Incredible product at a very reasonable price. Highly recommended! Very happy with this purchase. Arrived quickly and well packaged.
3422,B0094749,A315487,User_3421,40,70,5,1469147941,Great product!,I love this product so much. It exceeded all my expectations. Best snack I have ever had. My kids absolutely love it too.
3423,B0057317,A229469,User_3422,6,13,5,1487477171,Wonderful!,Absolutely delicious and healthy. I cannot imagine my life without it. Excellent product! The quality is outstanding and it tastes wonderful.
3424,B0070211,A176587,User_3423,12,16,4,1078030888,Great product!,"Wonderful taste, great packaging, and arrived on time. Love it! Fantastic taste and great value for money. Highly recommend!"
4197,B0024439,A383542,User_4196,8,20,4,1374836204,Perfect!,Loved the flavor and texture. Will be ordering more very soon. Incredible product at a very reasonable price. Highly recommended!
3426,B0063722,A452905,User_3425,11,25,5,1047606073,5 stars!,Incredible product at a very reasonable price. Highly recommended! Best snack I have ever had. My kids absolutely love it too.
3427,B0050296,A370359,User_3426,30,40,1,1202688134,Don't buy,I regret buying this. The smell is awful and taste is worse. Horrible product. Returned it immediately. Do not buy this.
3428,B0062757,A214526,User_3427,25,55,2,1059110399,Terrible,Not worth a single penny. Quality is shockingly bad. I regret buying this. The smell is awful and taste is worse.
3429,B0097639,A767929,User_3428,27,51,3,1357068845,Okay,It is fine. I have had better but also much worse. Neither impressive nor disappointing. Just a regular purchase.
3430,B0079416,A169689,User_3429,40,68,5,1282036937,Good!,Superb quality and flavor. This is now a staple in my household. The taste is divine and it keeps me energized throughout the day.
3431,B0027510,A219058,User_3430,49,51,3,1401279367,Fine,Meets basic expectations. Nothing stands out about it. Average product. Neither good nor bad. Just acceptable.
3432,B0024210,A720623,User_3431,7,21,5,1360626213,Excellent!,Top notch quality. I am very satisfied with my purchase. Perfectly packaged and freshly delivered. Very happy with this order.
3433,B0010152,A976575,User_3432,34,54,3,1209209850,Passable,Average product. Neither good nor bad. Just acceptable. Okay product. Will consider alternatives next time.
3434,B0011818,A128331,User_3433,47,68,5,1414946738,Highly recommend,"Wonderful taste, great packaging, and arrived on time. Love it! Superb quality and flavor. This is now a staple in my household."
3435,B0034761,A771170,User_3434,44,74,5,1086277722,5 stars!,Perfect in every way. My family loves it and we keep buying more. Absolutely delicious and healthy. I cannot imagine my life without it.
3436,B0099504,A244188,User_3435,22,40,1,1384000421,Disgusting,Extremely bitter and unpleasant. Could not eat it at all. Nothing as advertised. Feels like a scam. Very unhappy.
3437,B0071916,A129116,User_3436,19,38,1,1499114343,Disappointed,Poor quality packaging. Items were damaged when received. The flavor is disgusting and the texture is completely off.
3438,B0011261,A497599,User_3437,14,33,5,1369377940,5 stars!,The taste is divine and it keeps me energized throughout the day. Excellent product! The quality is outstanding and it tastes wonderful.
3439,B0087821,A112142,User_3438,8,26,5,1274474662,Amazing!,Great purchase. The product tastes exactly as described. This product is absolutely amazing! Best purchase I have ever made.
3440,B0012775,A612544,User_3439,9,33,3,1488163022,Not bad,It is okay. Nothing special but does the job. It is fine. I have had better but also much worse.
3441,B0068591,A207437,User_3440,48,62,5,1339268714,Great product!,Great purchase. The product tastes exactly as described. The taste is divine and it keeps me energized throughout the day.
3442,B0016113,A359885,User_3441,0,17,4,1202847873,Perfect!,Absolutely delicious and healthy. I cannot imagine my life without it. Loved the flavor and texture. Will be ordering more very soon.
3443,B0042239,A872806,User_3442,16,33,2,1311388137,Poor quality,Packaging was horrible and the product leaked everywhere. Product was stale and expired. Very unhappy with this purchase.
3444,B0073886,A521539,User_3443,17,19,5,1248406434,Excellent!,Perfectly packaged and freshly delivered. Very happy with this order. The taste is divine and it keeps me energized throughout the day.
3445,B0078181,A781170,User_3444,26,40,3,1395049230,Average,"It does what it says. Nothing more, nothing less. Middling product. Not excited to reorder but might anyway."
3446,B0017965,A711380,User_3445,25,48,5,1134720924,Loved it!,Top notch quality. I am very satisfied with my purchase. Best snack I have ever had. My kids absolutely love it too.
3447,B0079170,A313807,User_3446,49,67,5,1258450473,Amazing!,Incredible product at a very reasonable price. Highly recommended! Fantastic taste and great value for money. Highly recommend!
3448,B0092773,A155320,User_3447,50,69,5,1224394134,Good!,"This is the best food product I have tried in years. So delicious! Wonderful taste, great packaging, and arrived on time. Love it!"
3449,B0077124,A922145,User_3448,10,13,4,1388339697,5 stars!,Best snack I have ever had. My kids absolutely love it too. Absolutely delicious and healthy. I cannot imagine my life without it.
3450,B0064645,A134653,User_3449,29,30,1,1432413423,Not recommended,Terrible product. Arrived broken and smelled awful. Never again. Poor quality packaging. Items were damaged when received.
3451,B0066969,A477991,User_3450,34,39,4,1096563343,Good!,"Wonderful taste, great packaging, and arrived on time. Love it! Incredible product at a very reasonable price. Highly recommended!"
3452,B0086027,A234841,User_3451,0,17,4,1479032404,Loved it!,This is the best food product I have tried in years. So delicious! Superb quality and flavor. This is now a staple in my household.
3453,B0039464,A285111,User_3452,21,36,3,1115749339,Okay,Middling product. Not excited to reorder but might anyway. Meets basic expectations. Nothing stands out about it.
3454,B0031524,A179049,User_3453,38,61,5,1339622024,Fantastic!,Incredible product at a very reasonable price. Highly recommended! Incredible product at a very reasonable price. Highly recommended!
3455,B0014795,A807680,User_3454,15,15,5,1252003412,Excellent!,Fantastic taste and great value for money. Highly recommend! Incredible product at a very reasonable price. Highly recommended!
3456,B0075366,A424316,User_3455,0,6,4,1013199216,Good!,Top notch quality. I am very satisfied with my purchase. Superb quality and flavor. This is now a staple in my household.
3457,B0014603,A377640,User_3456,37,65,5,1112269246,Great product!,Superb quality and flavor. This is now a staple in my household. Absolutely delicious and healthy. I cannot imagine my life without it.
2484,B0099644,A854264,User_2483,47,77,3,1116548218,Decent,Average product. Neither good nor bad. Just acceptable. Decent enough for the price. Not amazing but not terrible either.
3459,B0077482,A778144,User_3458,34,55,5,1298773620,Wonderful!,Incredible product at a very reasonable price. Highly recommended! This is the best food product I have tried in years. So delicious!
3460,B0040746,A544419,User_3459,3,19,1,1184974878,Disgusting,Product was stale and expired. Very unhappy with this purchase. Nothing as advertised. Feels like a scam. Very unhappy.
3461,B0045777,A922267,User_3460,33,48,1,1349745899,Very bad,Disappointed and frustrated. This product ruined my meal. I regret buying this. The smell is awful and taste is worse.
3462,B0076139,A559002,User_3461,27,38,4,1149845615,Loved it!,Great quality and fast shipping. Will definitely buy again. This product is absolutely amazing! Best purchase I have ever made.
3463,B0045562,A785753,User_3462,18,27,3,1252105888,Acceptable,Average product. Neither good nor bad. Just acceptable. It is okay. Nothing special but does the job.
3464,B0087839,A356213,User_3463,30,38,3,1300790722,So so,Average taste. Expected better but it is passable. Decent enough for the price. Not amazing but not terrible either.
3465,B0030257,A884610,User_3464,10,19,1,1406639139,Horrible,Nothing as advertised. Feels like a scam. Very unhappy. Extremely bitter and unpleasant. Could not eat it at all.
3466,B0098131,A890752,User_3465,20,49,3,1238317217,Average,Neither impressive nor disappointing. Just a regular purchase. Decent enough for the price. Not amazing but not terrible either.
3467,B0067041,A483293,User_3466,20,49,5,1403780224,Highly recommend,Perfectly packaged and freshly delivered. Very happy with this order. Great purchase. The product tastes exactly as described.
3468,B0074449,A955954,User_3467,38,38,5,1467217786,Great product!,Excellent product! The quality is outstanding and it tastes wonderful. Excellent product! The quality is outstanding and it tastes wonderful.
3469,B0049907,A309889,User_3468,16,31,5,1373159751,Good!,"Very happy with this purchase. Arrived quickly and well packaged. Wonderful taste, great packaging, and arrived on time. Love it!"
3470,B0080887,A687766,User_3469,23,42,5,1099547052,5 stars!,"Absolutely delicious and healthy. I cannot imagine my life without it. Wonderful taste, great packaging, and arrived on time. Love it!"
3471,B0067705,A378411,User_3470,14,31,5,1221839425,Great product!,Great purchase. The product tastes exactly as described. Really good product. I order this every month for my family.
3472,B0063656,A802309,User_3471,18,28,4,1282721287,Highly recommend,This product is absolutely amazing! Best purchase I have ever made. Loved the flavor and texture. Will be ordering more very soon.
3473,B0099668,A242699,User_3472,3,3,1,1051530343,Disgusting,Worst purchase I have ever made. Do not waste your money. Very disappointed. The taste was nothing like described.
3474,B0033068,A431311,User_3473,5,34,2,1306444633,Not recommended,Nothing as advertised. Feels like a scam. Very unhappy. Poor quality packaging. Items were damaged when received.
3475,B0090699,A912599,User_3474,31,36,3,1465904239,Not bad,"It is fine. I have had better but also much worse. It does what it says. Nothing more, nothing less."
3476,B0063719,A545036,User_3475,22,39,5,1101581419,Fantastic!,This is the best food product I have tried in years. So delicious! Incredible product at a very reasonable price. Highly recommended!
3477,B0055562,A225744,User_3476,11,29,5,1492851077,Highly recommend,Really good product. I order this every month for my family. Incredible product at a very reasonable price. Highly recommended!
3478,B0017768,A229702,User_3477,45,72,1,1065955969,Not recommended,Poor quality packaging. Items were damaged when received. Tasted terrible. Threw it straight in the bin. Complete waste.
3479,B0072229,A972959,User_3478,23,42,5,1427631367,Wonderful!,Absolutely delicious and healthy. I cannot imagine my life without it. Fantastic taste and great value for money. Highly recommend!
3480,B0047538,A529242,User_3479,33,60,5,1327872507,Good!,I love this product so much. It exceeded all my expectations. Great quality and fast shipping. Will definitely buy again.
3481,B0098237,A213946,User_3480,28,42,4,1083224125,Amazing!,"Superb quality and flavor. This is now a staple in my household. Wonderful taste, great packaging, and arrived on time. Love it!"
3482,B0045261,A818714,User_3481,22,46,5,1096021024,Loved it!,Loved the flavor and texture. Will be ordering more very soon. Outstanding product. Five stars without any hesitation.
3483,B0054605,A427858,User_3482,50,77,5,1388643005,Great product!,Top notch quality. I am very satisfied with my purchase. Best snack I have ever had. My kids absolutely love it too.
3484,B0061769,A800527,User_3483,29,35,5,1307042535,Fantastic!,Superb quality and flavor. This is now a staple in my household. The taste is divine and it keeps me energized throughout the day.
3485,B0051505,A901581,User_3484,14,29,4,1150601845,5 stars!,Perfectly packaged and freshly delivered. Very happy with this order. Very happy with this purchase. Arrived quickly and well packaged.
3486,B0067886,A751347,User_3485,33,39,5,1048466774,Great product!,This product is absolutely amazing! Best purchase I have ever made. Outstanding product. Five stars without any hesitation.
3487,B0027462,A698606,User_3486,38,43,5,1414407010,Perfect!,I love this product so much. It exceeded all my expectations. Very happy with this purchase. Arrived quickly and well packaged.
3488,B0065976,A850175,User_3487,34,62,5,1426375131,Perfect!,Great quality and fast shipping. Will definitely buy again. Best snack I have ever had. My kids absolutely love it too.
3489,B0071720,A740794,User_3488,30,47,5,1382641168,Highly recommend,Incredible product at a very reasonable price. Highly recommended! I love this product so much. It exceeded all my expectations.
3490,B0061795,A426194,User_3489,20,41,5,1094328730,Highly recommend,"This product is absolutely amazing! Best purchase I have ever made. Wonderful taste, great packaging, and arrived on time. Love it!"
3491,B0057244,A383256,User_3490,26,36,5,1376721133,Amazing!,Excellent product! The quality is outstanding and it tastes wonderful. Fantastic taste and great value for money. Highly recommend!
3492,B0098733,A870240,User_3491,30,55,1,1119679382,Disappointed,Worst purchase I have ever made. Do not waste your money. Disappointed and frustrated. This product ruined my meal.
3493,B0046199,A248550,User_3492,36,63,1,1074892376,Don't buy,Extremely bitter and unpleasant. Could not eat it at all. Terrible product. Arrived broken and smelled awful. Never again.
3494,B0021771,A533153,User_3493,17,44,5,1274034321,Amazing!,Great purchase. The product tastes exactly as described. Loved the flavor and texture. Will be ordering more very soon.
3495,B0088391,A930583,User_3494,10,28,5,1404622347,Excellent!,I love this product so much. It exceeded all my expectations. Loved the flavor and texture. Will be ordering more very soon.
3496,B0076824,A835865,User_3495,14,20,1,1374309939,Awful,Very bad experience. Product did not match the description at all. Disappointed and frustrated. This product ruined my meal.
3497,B0030992,A189413,User_3496,16,44,2,1000524186,Disgusting,Poor quality packaging. Items were damaged when received. Very bad experience. Product did not match the description at all.
3498,B0075817,A659875,User_3497,39,57,5,1465488731,Good!,Great purchase. The product tastes exactly as described. This is the best food product I have tried in years. So delicious!
3499,B0023495,A388580,User_3498,34,53,4,1410325781,Good!,This product is absolutely amazing! Best purchase I have ever made. Great quality and fast shipping. Will definitely buy again.
3500,B0068556,A992357,User_3499,14,40,4,1459182957,Perfect!,Loved the flavor and texture. Will be ordering more very soon. Outstanding product. Five stars without any hesitation.
3501,B0086805,A967204,User_3500,34,53,3,1210323242,Average,Okay product. Will consider alternatives next time. Decent enough for the price. Not amazing but not terrible either.
3502,B0045579,A445453,User_3501,41,50,5,1099551867,Highly recommend,"Best snack I have ever had. My kids absolutely love it too. Wonderful taste, great packaging, and arrived on time. Love it!"
3503,B0075327,A429864,User_3502,48,78,5,1187108942,Fantastic!,Best snack I have ever had. My kids absolutely love it too. Best snack I have ever had. My kids absolutely love it too.
3504,B0072472,A319838,User_3503,10,27,3,1129199582,Not bad,Middling product. Not excited to reorder but might anyway. It is fine. I have had better but also much worse.
3505,B0085680,A559893,User_3504,22,46,3,1367865619,Passable,Okay product. Will consider alternatives next time. It is fine. I have had better but also much worse.
3506,B0055878,A900261,User_3505,9,11,4,1311259243,Highly recommend,Best snack I have ever had. My kids absolutely love it too. Fantastic taste and great value for money. Highly recommend!
3507,B0010457,A911575,User_3506,19,35,4,1134596676,Highly recommend,The taste is divine and it keeps me energized throughout the day. Top notch quality. I am very satisfied with my purchase.
3508,B0015289,A432115,User_3507,0,29,4,1465757756,Wonderful!,Perfectly packaged and freshly delivered. Very happy with this order. Top notch quality. I am very satisfied with my purchase.
3509,B0035405,A661318,User_3508,21,46,5,1393174494,Amazing!,The taste is divine and it keeps me energized throughout the day. Best snack I have ever had. My kids absolutely love it too.
3510,B0050282,A261715,User_3509,48,75,5,1050891682,Wonderful!,This is the best food product I have tried in years. So delicious! Very happy with this purchase. Arrived quickly and well packaged.
3511,B0053757,A520978,User_3510,11,34,4,1489323476,Great product!,Absolutely delicious and healthy. I cannot imagine my life without it. Best snack I have ever had. My kids absolutely love it too.
3512,B0027350,A655711,User_3511,34,37,5,1269401889,Excellent!,This product is absolutely amazing! Best purchase I have ever made. Very happy with this purchase. Arrived quickly and well packaged.
3513,B0029551,A233433,User_3512,34,36,2,1193558488,Poor quality,Very bad experience. Product did not match the description at all. Worst purchase I have ever made. Do not waste your money.
3514,B0017996,A854803,User_3513,47,72,4,1147411151,Good!,Really good product. I order this every month for my family. The taste is divine and it keeps me energized throughout the day.
3515,B0034366,A772300,User_3514,29,47,4,1183462741,Wonderful!,The taste is divine and it keeps me energized throughout the day. Excellent product! The quality is outstanding and it tastes wonderful.
3516,B0067339,A755219,User_3515,37,43,5,1197599091,Excellent!,Really good product. I order this every month for my family. Perfect in every way. My family loves it and we keep buying more.
3517,B0033534,A486656,User_3516,34,58,5,1149360044,Perfect!,Superb quality and flavor. This is now a staple in my household. I love this product so much. It exceeded all my expectations.
3518,B0062062,A162942,User_3517,8,29,5,1034587472,Loved it!,Top notch quality. I am very satisfied with my purchase. This product is absolutely amazing! Best purchase I have ever made.
3519,B0090144,A659790,User_3518,5,5,5,1452749913,Fantastic!,Fantastic taste and great value for money. Highly recommend! Fantastic taste and great value for money. Highly recommend!
3520,B0039591,A211638,User_3519,8,28,5,1289457326,Amazing!,Incredible product at a very reasonable price. Highly recommended! Perfect in every way. My family loves it and we keep buying more.
3521,B0017647,A382813,User_3520,2,20,3,1329056848,So so,Okay product. Will consider alternatives next time. Average product. Neither good nor bad. Just acceptable.
3522,B0038404,A992877,User_3521,45,48,4,1088147011,Perfect!,Best snack I have ever had. My kids absolutely love it too. Really good product. I order this every month for my family.
3523,B0026384,A741771,User_3522,13,35,5,1170884718,Amazing!,Really good product. I order this every month for my family. Great quality and fast shipping. Will definitely buy again.
2830,B0097910,A843828,User_2829,4,4,5,1285106860,Highly recommend,Loved the flavor and texture. Will be ordering more very soon. Best snack I have ever had. My kids absolutely love it too.
3525,B0096940,A956715,User_3524,13,35,5,1481863642,Great product!,Absolutely delicious and healthy. I cannot imagine my life without it. Perfect in every way. My family loves it and we keep buying more.
3526,B0043513,A993490,User_3525,22,29,5,1284454129,Loved it!,Perfectly packaged and freshly delivered. Very happy with this order. Absolutely delicious and healthy. I cannot imagine my life without it.
3527,B0055260,A788818,User_3526,34,44,1,1476643115,Horrible,Terrible product. Arrived broken and smelled awful. Never again. I regret buying this. The smell is awful and taste is worse.
3528,B0032522,A426049,User_3527,28,49,3,1495240214,Acceptable,Neither impressive nor disappointing. Just a regular purchase. Average product. Neither good nor bad. Just acceptable.
3529,B0058656,A132924,User_3528,37,52,5,1491955133,Loved it!,Really good product. I order this every month for my family. Absolutely delicious and healthy. I cannot imagine my life without it.
3530,B0068104,A291860,User_3529,24,33,4,1128331741,Great product!,Superb quality and flavor. This is now a staple in my household. Superb quality and flavor. This is now a staple in my household.
3531,B0039187,A937887,User_3530,15,30,5,1045922971,Perfect!,Perfectly packaged and freshly delivered. Very happy with this order. Great quality and fast shipping. Will definitely buy again.
3532,B0041656,A300806,User_3531,38,51,5,1140273028,Perfect!,Top notch quality. I am very satisfied with my purchase. This product is absolutely amazing! Best purchase I have ever made.
3533,B0011325,A240054,User_3532,15,24,3,1411147879,Normal,Neither impressive nor disappointing. Just a regular purchase. Neither impressive nor disappointing. Just a regular purchase.
3534,B0090188,A304318,User_3533,4,30,5,1001932833,Amazing!,I love this product so much. It exceeded all my expectations. Absolutely delicious and healthy. I cannot imagine my life without it.
3535,B0014326,A464209,User_3534,39,61,1,1027469513,Very bad,Nothing as advertised. Feels like a scam. Very unhappy. Very disappointed. The taste was nothing like described.
3536,B0070482,A682127,User_3535,40,69,5,1478105164,Perfect!,Really good product. I order this every month for my family. Very happy with this purchase. Arrived quickly and well packaged.
3537,B0043804,A488432,User_3536,2,8,5,1124684192,Great product!,This is the best food product I have tried in years. So delicious! Great quality and fast shipping. Will definitely buy again.
3538,B0015140,A721975,User_3537,13,13,1,1186378174,Poor quality,Extremely bitter and unpleasant. Could not eat it at all. Terrible product. Arrived broken and smelled awful. Never again.
3539,B0059951,A341161,User_3538,8,37,5,1216003068,Excellent!,Loved the flavor and texture. Will be ordering more very soon. Great purchase. The product tastes exactly as described.
3540,B0039766,A965575,User_3539,29,32,3,1120612343,Acceptable,
3541,B0053910,A464708,User_3540,1,19,5,1015027057,Loved it!,The taste is divine and it keeps me energized throughout the day. Outstanding product. Five stars without any hesitation.
3542,B0021343,A636006,User_3541,16,38,5,1108998381,Excellent!,Great quality and fast shipping. Will definitely buy again. Great purchase. The product tastes exactly as described.
3543,B0066712,A158681,User_3542,36,41,2,1485642118,Terrible,Disappointed and frustrated. This product ruined my meal. Tasted terrible. Threw it straight in the bin. Complete waste.
3544,B0077494,A827359,User_3543,20,44,5,1491159169,Amazing!,Incredible product at a very reasonable price. Highly recommended! This is the best food product I have tried in years. So delicious!
1783,B0044769,A127671,User_1782,12,24,5,1144528308,Amazing!,Absolutely delicious and healthy. I cannot imagine my life without it. Great purchase. The product tastes exactly as described.
3546,B0029220,A802192,User_3545,12,12,5,1271166159,Amazing!,Loved the flavor and texture. Will be ordering more very soon. Fantastic taste and great value for money. Highly recommend!
3547,B0094842,A872600,User_3546,48,60,4,1080886357,Great product!,Great purchase. The product tastes exactly as described. Incredible product at a very reasonable price. Highly recommended!
3548,B0029462,A759115,User_3547,12,21,2,1231441021,Terrible,Horrible product. Returned it immediately. Do not buy this. Product was stale and expired. Very unhappy with this purchase.
3549,B0045620,A449447,User_3548,31,37,3,1254929632,Alright,Middling product. Not excited to reorder but might anyway. Meets basic expectations. Nothing stands out about it.
3550,B0070946,A776163,User_3549,13,25,5,1102426392,Loved it!,Top notch quality. I am very satisfied with my purchase. Superb quality and flavor. This is now a staple in my household.
3551,B0062391,A279720,User_3550,6,13,4,1175225798,Amazing!,Loved the flavor and texture. Will be ordering more very soon. Top notch quality. I am very satisfied with my purchase.
3552,B0072735,A632659,User_3551,22,28,2,1358489071,Very bad,Very bad experience. Product did not match the description at all. Terrible product. Arrived broken and smelled awful. Never again.
3553,B0058247,A643027,User_3552,8,20,5,1162545501,Perfect!,Great purchase. The product tastes exactly as described. This product is absolutely amazing! Best purchase I have ever made.
3554,B0026013,A131729,User_3553,4,24,4,1467656720,Amazing!,This is the best food product I have tried in years. So delicious! Excellent product! The quality is outstanding and it tastes wonderful.
3555,B0026402,A452387,User_3554,39,40,1,1328765371,Very bad,Horrible product. Returned it immediately. Do not buy this. Horrible product. Returned it immediately. Do not buy this.
3556,B0054905,A129379,User_3555,0,8,1,1004870265,Not recommended,The flavor is disgusting and the texture is completely off. Packaging was horrible and the product leaked everywhere.
3557,B0083135,A945010,User_3556,44,62,1,1165545052,Poor quality,Very disappointed. The taste was nothing like described. Terrible product. Arrived broken and smelled awful. Never again.
3558,B0036228,A619923,User_3557,10,18,2,1239861677,Disappointed,Product was stale and expired. Very unhappy with this purchase. Very disappointed. The taste was nothing like described.
3559,B0073201,A431509,User_3558,39,54,4,1311155325,Good!,Outstanding product. Five stars without any hesitation. Incredible product at a very reasonable price. Highly recommended!
3560,B0092952,A147784,User_3559,9,33,2,1436650097,Not recommended,Product was stale and expired. Very unhappy with this purchase. Very disappointed. The taste was nothing like described.
3561,B0085334,A621220,User_3560,47,59,5,1405342352,Highly recommend,Top notch quality. I am very satisfied with my purchase. This product is absolutely amazing! Best purchase I have ever made.
3562,B0087798,A850855,User_3561,11,22,3,1293487765,Decent,Middling product. Not excited to reorder but might anyway. Neither impressive nor disappointing. Just a regular purchase.
3563,B0013240,A797987,User_3562,18,18,5,1204173800,Highly recommend,"Loved the flavor and texture. Will be ordering more very soon. Wonderful taste, great packaging, and arrived on time. Love it!"
3564,B0018106,A633180,User_3563,6,23,5,1193428953,Great product!,Very happy with this purchase. Arrived quickly and well packaged. Excellent product! The quality is outstanding and it tastes wonderful.
3565,B0056944,A192306,User_3564,24,40,1,1237849299,Awful,Terrible product. Arrived broken and smelled awful. Never again. Terrible product. Arrived broken and smelled awful. Never again.
3566,B0037517,A714370,User_3565,0,4,4,1053827604,Wonderful!,Absolutely delicious and healthy. I cannot imagine my life without it. Very happy with this purchase. Arrived quickly and well packaged.
3567,B0062355,A819454,User_3566,49,50,4,1229046484,Highly recommend,Top notch quality. I am very satisfied with my purchase. Excellent product! The quality is outstanding and it tastes wonderful.
3568,B0063502,A761076,User_3567,46,50,5,1444700035,Excellent!,Really good product. I order this every month for my family. Outstanding product. Five stars without any hesitation.
3569,B0088706,A961173,User_3568,37,37,5,1425849109,Perfect!,Superb quality and flavor. This is now a staple in my household. Very happy with this purchase. Arrived quickly and well packaged.
3570,B0037376,A572975,User_3569,3,6,5,1270446327,Good!,Top notch quality. I am very satisfied with my purchase. Loved the flavor and texture. Will be ordering more very soon.
3571,B0035444,A947558,User_3570,29,35,4,1313647129,Good!,Perfect in every way. My family loves it and we keep buying more. Really good product. I order this every month for my family.
3572,B0027826,A322107,User_3571,10,15,4,1383214151,Wonderful!,I love this product so much. It exceeded all my expectations. Very happy with this purchase. Arrived quickly and well packaged.
3573,B0074561,A478234,User_3572,2,25,5,1234444155,Fantastic!,Very happy with this purchase. Arrived quickly and well packaged. Incredible product at a very reasonable price. Highly recommended!
3574,B0066947,A371840,User_3573,11,14,5,1351244819,Highly recommend,I love this product so much. It exceeded all my expectations. Absolutely delicious and healthy. I cannot imagine my life without it.
3575,B0040218,A926658,User_3574,50,53,5,1074776304,Excellent!,This is the best food product I have tried in years. So delicious! Really good product. I order this every month for my family.
3576,B0038455,A928304,User_3575,4,19,3,1049595338,Alright,Average product. Neither good nor bad. Just acceptable. Middling product. Not excited to reorder but might anyway.
3577,B0043799,A962395,User_3576,26,27,1,1104528207,Disappointed,Packaging was horrible and the product leaked everywhere. Product was stale and expired. Very unhappy with this purchase.
3578,B0026976,A409005,User_3577,50,79,3,1079327580,Acceptable,"Decent enough for the price. Not amazing but not terrible either. It does what it says. Nothing more, nothing less."
3579,B0029588,A237898,User_3578,41,53,3,1418469761,Average,Decent enough for the price. Not amazing but not terrible either. Okay product. Will consider alternatives next time.
3580,B0079833,A475524,User_3579,17,41,5,1396825330,Fantastic!,Really good product. I order this every month for my family. Excellent product! The quality is outstanding and it tastes wonderful.
3581,B0056524,A289618,User_3580,47,73,5,1426144608,Amazing!,This product is absolutely amazing! Best purchase I have ever made. The taste is divine and it keeps me energized throughout the day.
3582,B0062461,A394124,User_3581,1,7,5,1196863066,Fantastic!,Loved the flavor and texture. Will be ordering more very soon. Excellent product! The quality is outstanding and it tastes wonderful.
3583,B0030885,A837929,User_3582,20,23,2,1032041833,Horrible,Nothing as advertised. Feels like a scam. Very unhappy. Tasted terrible. Threw it straight in the bin. Complete waste.
3584,B0078109,A835294,User_3583,41,55,5,1281593653,Great product!,Perfect in every way. My family loves it and we keep buying more. Loved the flavor and texture. Will be ordering more very soon.
3585,B0040261,A596355,User_3584,17,47,4,1224318772,Highly recommend,"Wonderful taste, great packaging, and arrived on time. Love it! Incredible product at a very reasonable price. Highly recommended!"
3586,B0070994,A616256,User_3585,24,25,5,1092674162,Great product!,Superb quality and flavor. This is now a staple in my household. The taste is divine and it keeps me energized throughout the day.
3587,B0028325,A612393,User_3586,34,52,4,1456573285,5 stars!,Fantastic taste and great value for money. Highly recommend! The taste is divine and it keeps me energized throughout the day.
3588,B0038719,A605857,User_3587,25,49,3,1289853762,Alright,Average product. Neither good nor bad. Just acceptable. Decent enough for the price. Not amazing but not terrible either.
3589,B0075181,A365407,User_3588,16,31,2,1218926838,Waste of money,I regret buying this. The smell is awful and taste is worse. Very bad experience. Product did not match the description at all.
3590,B0098364,A399131,User_3589,29,41,5,1487061663,Loved it!,Best snack I have ever had. My kids absolutely love it too. Great purchase. The product tastes exactly as described.
3591,B0033162,A916426,User_3590,29,37,3,1287895314,Acceptable,It is okay. Nothing special but does the job. Meets basic expectations. Nothing stands out about it.
3592,B0034410,A386756,User_3591,7,25,4,1168431861,Fantastic!,Outstanding product. Five stars without any hesitation. Top notch quality. I am very satisfied with my purchase.
3593,B0054173,A692963,User_3592,27,36,5,1207197092,Great product!,"Wonderful taste, great packaging, and arrived on time. Love it! Perfectly packaged and freshly delivered. Very happy with this order."
3594,B0085986,A509488,User_3593,38,68,5,1156858732,Excellent!,Absolutely delicious and healthy. I cannot imagine my life without it. The taste is divine and it keeps me energized throughout the day.
3595,B0037249,A377393,User_3594,14,22,1,1335601676,Horrible,Poor quality packaging. Items were damaged when received. Horrible product. Returned it immediately. Do not buy this.
3596,B0023370,A932908,User_3595,2,18,5,1112918475,Wonderful!,Best snack I have ever had. My kids absolutely love it too. Great purchase. The product tastes exactly as described.
3597,B0014632,A715829,User_3596,17,30,5,1160017748,5 stars!,Outstanding product. Five stars without any hesitation. The taste is divine and it keeps me energized throughout the day.
3598,B0040549,A357196,User_3597,12,35,4,1235285799,Highly recommend,This product is absolutely amazing! Best purchase I have ever made. Excellent product! The quality is outstanding and it tastes wonderful.
3599,B0040071,A135571,User_3598,22,50,1,1207555035,Terrible,Tasted terrible. Threw it straight in the bin. Complete waste. I regret buying this. The smell is awful and taste is worse.
3600,B0071805,A420989,User_3599,1,1,4,1027132845,Good!,Very happy with this purchase. Arrived quickly and well packaged. Very happy with this purchase. Arrived quickly and well packaged.
3601,B0016973,A547886,User_3600,29,36,5,1367876038,Excellent!,Absolutely delicious and healthy. I cannot imagine my life without it. Outstanding product. Five stars without any hesitation.
3602,B0010905,A396025,User_3601,33,51,4,1365116970,Perfect!,Perfectly packaged and freshly delivered. Very happy with this order. This product is absolutely amazing! Best purchase I have ever made.
3603,B0081200,A945920,User_3602,7,19,1,1281240654,Awful,Very bad experience. Product did not match the description at all. Very disappointed. The taste was nothing like described.
3604,B0086554,A155437,User_3603,36,60,1,1442384606,Waste of money,Terrible product. Arrived broken and smelled awful. Never again. Very bad experience. Product did not match the description at all.
3605,B0050919,A151179,User_3604,43,58,1,1468810022,Not recommended,Poor quality packaging. Items were damaged when received. Horrible product. Returned it immediately. Do not buy this.
3606,B0028687,A555879,User_3605,2,14,5,1288979176,Fantastic!,Top notch quality. I am very satisfied with my purchase. The taste is divine and it keeps me energized throughout the day.
3607,B0095849,A109132,User_3606,27,42,4,1093865960,Perfect!,"Really good product. I order this every month for my family. Wonderful taste, great packaging, and arrived on time. Love it!"
3608,B0037212,A505308,User_3607,1,30,3,1113226343,Okay,"Neither impressive nor disappointing. Just a regular purchase. It does what it says. Nothing more, nothing less."
3609,B0042896,A695905,User_3608,15,28,5,1010890275,Loved it!,The taste is divine and it keeps me energized throughout the day. Best snack I have ever had. My kids absolutely love it too.
3610,B0014460,A657918,User_3609,6,22,5,1309570389,Great product!,Fantastic taste and great value for money. Highly recommend! Outstanding product. Five stars without any hesitation.
3611,B0036792,A635858,User_3610,21,37,3,1091267237,Acceptable,Okay product. Will consider alternatives next time. Average product. Neither good nor bad. Just acceptable.
3612,B0068428,A242309,User_3611,12,32,5,1456897704,Good!,"The taste is divine and it keeps me energized throughout the day. Wonderful taste, great packaging, and arrived on time. Love it!"
3613,B0011460,A509127,User_3612,20,44,5,1194079163,Loved it!,This product is absolutely amazing! Best purchase I have ever made. I love this product so much. It exceeded all my expectations.
3614,B0045009,A412110,User_3613,20,32,4,1292259070,Wonderful!,Great purchase. The product tastes exactly as described. Great purchase. The product tastes exactly as described.
3615,B0035888,A672875,User_3614,37,65,3,1235880776,Acceptable,Middling product. Not excited to reorder but might anyway. Middling product. Not excited to reorder but might anyway.
3616,B0035046,A555491,User_3615,9,31,1,1095076268,Poor quality,Horrible product. Returned it immediately. Do not buy this. Nothing as advertised. Feels like a scam. Very unhappy.
3617,B0040568,A232021,User_3616,41,64,5,1279530033,Amazing!,Great quality and fast shipping. Will definitely buy again. Incredible product at a very reasonable price. Highly recommended!
3618,B0035775,A877745,User_3617,9,38,4,1321040711,Perfect!,Perfect in every way. My family loves it and we keep buying more. Incredible product at a very reasonable price. Highly recommended!
3619,B0099495,A804219,User_3618,49,58,5,1424892691,Fantastic!,Outstanding product. Five stars without any hesitation. Best snack I have ever had. My kids absolutely love it too.
3620,B0026225,A579696,User_3619,33,44,3,1349538853,Okay,Decent enough for the price. Not amazing but not terrible either. Neither impressive nor disappointing. Just a regular purchase.
3621,B0092871,A481843,User_3620,8,22,5,1343527834,5 stars!,I love this product so much. It exceeded all my expectations. Loved the flavor and texture. Will be ordering more very soon.
3622,B0092148,A945390,User_3621,10,40,5,1155413260,Amazing!,Superb quality and flavor. This is now a staple in my household. Very happy with this purchase. Arrived quickly and well packaged.
3623,B0080438,A482736,User_3622,18,20,3,1212096362,Okay,Okay product. Will consider alternatives next time. It is fine. I have had better but also much worse.
3624,B0077454,A941300,User_3623,44,54,5,1250627839,Perfect!,Fantastic taste and great value for money. Highly recommend! Incredible product at a very reasonable price. Highly recommended!
3625,B0037596,A317991,User_3624,50,70,4,1469827227,Highly recommend,Fantastic taste and great value for money. Highly recommend! Great purchase. The product tastes exactly as described.
3626,B0079910,A620973,User_3625,42,69,3,1356686119,Acceptable,Okay product. Will consider alternatives next time. Middling product. Not excited to reorder but might anyway.
3627,B0046822,A585110,User_3626,38,43,3,1114604986,Not bad,Average product. Neither good nor bad. Just acceptable. It is okay. Nothing special but does the job.
3628,B0058121,A722531,User_3627,3,5,5,1210953564,Good!,This is the best food product I have tried in years. So delicious! Great purchase. The product tastes exactly as described.
3629,B0062248,A338938,User_3628,5,5,5,1112387045,Wonderful!,Outstanding product. Five stars without any hesitation. Best snack I have ever had. My kids absolutely love it too.
3630,B0093180,A923297,User_3629,47,76,5,1041894244,Fantastic!,Excellent product! The quality is outstanding and it tastes wonderful. Very happy with this purchase. Arrived quickly and well packaged.
3631,B0020812,A955192,User_3630,1,21,4,1212936807,Highly recommend,I love this product so much. It exceeded all my expectations. Superb quality and flavor. This is now a staple in my household.
3632,B0026761,A689794,User_3631,47,60,3,1108639797,Not bad,Meets basic expectations. Nothing stands out about it. Okay product. Will consider alternatives next time.
3633,B0057192,A468717,User_3632,24,47,5,1131043204,Amazing!,Really good product. I order this every month for my family. Outstanding product. Five stars without any hesitation.
3634,B0094629,A783238,User_3633,26,33,5,1008829515,Wonderful!,"Wonderful taste, great packaging, and arrived on time. Love it! Excellent product! The quality is outstanding and it tastes wonderful."
3635,B0073814,A404352,User_3634,39,41,3,1457376507,Average,Average taste. Expected better but it is passable. Neither impressive nor disappointing. Just a regular purchase.
3636,B0081752,A784955,User_3635,46,55,5,1297485093,Loved it!,This product is absolutely amazing! Best purchase I have ever made. Superb quality and flavor. This is now a staple in my household.
3637,B0092042,A943539,User_3636,35,65,5,1157578800,5 stars!,Perfect in every way. My family loves it and we keep buying more. This is the best food product I have tried in years. So delicious!
3638,B0011656,A498290,User_3637,20,44,5,1208007900,Highly recommend,Loved the flavor and texture. Will be ordering more very soon. Great purchase. The product tastes exactly as described.
3639,B0045308,A121703,User_3638,28,28,5,1022484350,Excellent!,Perfect in every way. My family loves it and we keep buying more. Top notch quality. I am very satisfied with my purchase.
3640,B0070914,A711120,User_3639,9,36,5,1055366319,Excellent!,Great purchase. The product tastes exactly as described. Absolutely delicious and healthy. I cannot imagine my life without it.
3641,B0038720,A205566,User_3640,34,48,5,1251840494,Excellent!,I love this product so much. It exceeded all my expectations. Perfectly packaged and freshly delivered. Very happy with this order.
3642,B0067657,A246500,User_3641,29,55,5,1084663136,Wonderful!,This is the best food product I have tried in years. So delicious! Perfectly packaged and freshly delivered. Very happy with this order.
3643,B0023241,A227174,User_3642,23,23,4,1399549953,Loved it!,Excellent product! The quality is outstanding and it tastes wonderful. The taste is divine and it keeps me energized throughout the day.
3644,B0087652,A123214,User_3643,36,51,5,1211597752,Perfect!,Fantastic taste and great value for money. Highly recommend! Best snack I have ever had. My kids absolutely love it too.
3645,B0078650,A987560,User_3644,17,42,3,1478975134,Normal,Decent enough for the price. Not amazing but not terrible either. Decent enough for the price. Not amazing but not terrible either.
3646,B0094111,A366509,User_3645,35,39,5,1081737995,Excellent!,"Great quality and fast shipping. Will definitely buy again. Wonderful taste, great packaging, and arrived on time. Love it!"
3647,B0092090,A125540,User_3646,16,35,3,1276031919,So so,Decent enough for the price. Not amazing but not terrible either. Average product. Neither good nor bad. Just acceptable.
3648,B0058717,A590511,User_3647,36,61,1,1413115593,Awful,The flavor is disgusting and the texture is completely off. Poor quality packaging. Items were damaged when received.
3649,B0098805,A264794,User_3648,49,52,5,1007667323,Great product!,Absolutely delicious and healthy. I cannot imagine my life without it. This is the best food product I have tried in years. So delicious!
3650,B0024899,A477971,User_3649,35,37,5,1126495660,Perfect!,Perfectly packaged and freshly delivered. Very happy with this order. Loved the flavor and texture. Will be ordering more very soon.
3651,B0072589,A365584,User_3650,14,23,4,1111392514,Excellent!,Top notch quality. I am very satisfied with my purchase. Outstanding product. Five stars without any hesitation.
3652,B0065176,A949164,User_3651,33,49,5,1376345827,Great product!,"The taste is divine and it keeps me energized throughout the day. Wonderful taste, great packaging, and arrived on time. Love it!"
3653,B0084890,A471434,User_3652,25,33,4,1478110484,Excellent!,Great purchase. The product tastes exactly as described. Incredible product at a very reasonable price. Highly recommended!
3654,B0096340,A866654,User_3653,2,7,3,1217553856,Average,It is okay. Nothing special but does the job. Okay product. Will consider alternatives next time.
3655,B0060546,A307739,User_3654,5,30,5,1167287058,Amazing!,"Superb quality and flavor. This is now a staple in my household. Wonderful taste, great packaging, and arrived on time. Love it!"
3656,B0080825,A732346,User_3655,45,57,1,1326774586,Very bad,Worst purchase I have ever made. Do not waste your money. Horrible product. Returned it immediately. Do not buy this.
3657,B0012170,A556197,User_3656,15,30,5,1026361158,Good!,Perfectly packaged and freshly delivered. Very happy with this order. Best snack I have ever had. My kids absolutely love it too.
3658,B0095530,A145637,User_3657,12,17,4,1276792750,Good!,Best snack I have ever had. My kids absolutely love it too. Absolutely delicious and healthy. I cannot imagine my life without it.
3659,B0092291,A197077,User_3658,37,56,5,1443117885,Perfect!,Very happy with this purchase. Arrived quickly and well packaged. Fantastic taste and great value for money. Highly recommend!
3660,B0060615,A892373,User_3659,2,32,4,1434833904,Amazing!,Great quality and fast shipping. Will definitely buy again. I love this product so much. It exceeded all my expectations.
3661,B0048770,A555229,User_3660,6,30,4,1152461543,Loved it!,"Wonderful taste, great packaging, and arrived on time. Love it! Loved the flavor and texture. Will be ordering more very soon."
3662,B0058434,A163382,User_3661,48,68,2,1420310586,Poor quality,I regret buying this. The smell is awful and taste is worse. Very disappointed. The taste was nothing like described.
3663,B0056732,A701363,User_3662,48,78,5,1475816413,Highly recommend,Great quality and fast shipping. Will definitely buy again. Fantastic taste and great value for money. Highly recommend!
3664,B0050260,A974367,User_3663,37,57,5,1358356130,Great product!,Perfectly packaged and freshly delivered. Very happy with this order. Great quality and fast shipping. Will definitely buy again.
3665,B0049642,A744346,User_3664,0,20,5,1268225925,5 stars!,Top notch quality. I am very satisfied with my purchase. Best snack I have ever had. My kids absolutely love it too.
3666,B0028884,A995939,User_3665,21,37,5,1151015180,Loved it!,Very happy with this purchase. Arrived quickly and well packaged. Top notch quality. I am very satisfied with my purchase.
3667,B0022564,A953812,User_3666,35,51,5,1306533528,Highly recommend,Fantastic taste and great value for money. Highly recommend! This product is absolutely amazing! Best purchase I have ever made.
3668,B0058188,A333363,User_3667,30,34,2,1043344871,Terrible,Horrible product. Returned it immediately. Do not buy this. Packaging was horrible and the product leaked everywhere.
3669,B0074155,A248200,User_3668,29,32,1,1339135146,Disappointed,Very bad experience. Product did not match the description at all. Not worth a single penny. Quality is shockingly bad.
3670,B0097253,A983328,User_3669,44,60,3,1048482066,Alright,Average product. Neither good nor bad. Just acceptable. Neither impressive nor disappointing. Just a regular purchase.
470,B0088978,A368780,User_469,20,38,1,1404753177,Poor quality,Disappointed and frustrated. This product ruined my meal. The flavor is disgusting and the texture is completely off.
3672,B0039157,A879273,User_3671,31,55,5,1433262563,Wonderful!,The taste is divine and it keeps me energized throughout the day. Absolutely delicious and healthy. I cannot imagine my life without it.
3673,B0070760,A365155,User_3672,2,16,5,1128603283,Loved it!,Very happy with this purchase. Arrived quickly and well packaged. Loved the flavor and texture. Will be ordering more very soon.
3674,B0091359,A591503,User_3673,18,35,3,1136433430,Decent,Meets basic expectations. Nothing stands out about it. Average product. Neither good nor bad. Just acceptable.
3675,B0097650,A132591,User_3674,32,33,5,1458076238,Wonderful!,Incredible product at a very reasonable price. Highly recommended! Superb quality and flavor. This is now a staple in my household.
3676,B0030623,A561751,User_3675,13,41,5,1350038702,Highly recommend,"This is the best food product I have tried in years. So delicious! Wonderful taste, great packaging, and arrived on time. Love it!"
3677,B0067026,A691046,User_3676,37,38,4,1379763377,Excellent!,Excellent product! The quality is outstanding and it tastes wonderful. Excellent product! The quality is outstanding and it tastes wonderful.
3678,B0047927,A250286,User_3677,35,46,2,1119491173,Waste of money,Nothing as advertised. Feels like a scam. Very unhappy. Very bad experience. Product did not match the description at all.
3679,B0013947,A516430,User_3678,1,13,2,1460875556,Poor quality,Product was stale and expired. Very unhappy with this purchase. Nothing as advertised. Feels like a scam. Very unhappy.
3680,B0052363,A242685,User_3679,27,46,1,1364971370,Very bad,Tasted terrible. Threw it straight in the bin. Complete waste. Tasted terrible. Threw it straight in the bin. Complete waste.
3681,B0037034,A478083,User_3680,5,15,1,1018559320,Not recommended,Worst purchase I have ever made. Do not waste your money. Very bad experience. Product did not match the description at all.
3682,B0029066,A800898,User_3681,24,26,5,1122802793,Highly recommend,Fantastic taste and great value for money. Highly recommend! Great purchase. The product tastes exactly as described.
3683,B0092475,A932583,User_3682,2,32,5,1051012017,5 stars!,This product is absolutely amazing! Best purchase I have ever made. Very happy with this purchase. Arrived quickly and well packaged.
3684,B0069022,A209212,User_3683,13,35,3,1032782993,Acceptable,Meets basic expectations. Nothing stands out about it. Average taste. Expected better but it is passable.
3685,B0035980,A840988,User_3684,36,40,2,1382965919,Disappointed,Very disappointed. The taste was nothing like described. Very bad experience. Product did not match the description at all.
3686,B0094894,A600091,User_3685,1,1,4,1370265704,Loved it!,"Wonderful taste, great packaging, and arrived on time. Love it! Best snack I have ever had. My kids absolutely love it too."
3687,B0088975,A411058,User_3686,20,47,4,1052571111,Good!,Fantastic taste and great value for money. Highly recommend! Great purchase. The product tastes exactly as described.
3688,B0066187,A311069,User_3687,24,39,5,1208407478,Great product!,Perfect in every way. My family loves it and we keep buying more. Fantastic taste and great value for money. Highly recommend!
3689,B0078471,A230416,User_3688,24,46,2,1221216924,Don't buy,Not worth a single penny. Quality is shockingly bad. Not worth a single penny. Quality is shockingly bad.
3690,B0079378,A818943,User_3689,19,36,5,1126094059,Loved it!,Outstanding product. Five stars without any hesitation. Outstanding product. Five stars without any hesitation.
3691,B0057534,A513392,User_3690,48,56,4,1412640828,Great product!,This product is absolutely amazing! Best purchase I have ever made. Really good product. I order this every month for my family.
3692,B0090837,A911442,User_3691,32,58,3,1201512048,Not bad,Neither impressive nor disappointing. Just a regular purchase. Average taste. Expected better but it is passable.
3693,B0036762,A159529,User_3692,30,37,1,1231677431,Horrible,Not worth a single penny. Quality is shockingly bad. Nothing as advertised. Feels like a scam. Very unhappy.
3694,B0044481,A328177,User_3693,49,51,5,1096058930,Perfect!,Really good product. I order this every month for my family. Fantastic taste and great value for money. Highly recommend!
3695,B0027404,A238093,User_3694,14,32,3,1403586070,Decent,It is fine. I have had better but also much worse. Okay product. Will consider alternatives next time.
3696,B0078966,A489790,User_3695,23,31,4,1077136169,5 stars!,The taste is divine and it keeps me energized throughout the day. Loved the flavor and texture. Will be ordering more very soon.
3697,B0082888,A161569,User_3696,14,37,5,1281407069,Highly recommend,Great quality and fast shipping. Will definitely buy again. Perfectly packaged and freshly delivered. Very happy with this order.
3698,B0037968,A780614,User_3697,48,71,5,1147167880,Excellent!,"Perfect in every way. My family loves it and we keep buying more. Wonderful taste, great packaging, and arrived on time. Love it!"
3699,B0093317,A965318,User_3698,49,63,1,1194794553,Waste of money,The flavor is disgusting and the texture is completely off. Not worth a single penny. Quality is shockingly bad.
3700,B0084994,A342367,User_3699,6,6,4,1449406999,Wonderful!,Great quality and fast shipping. Will definitely buy again. Superb quality and flavor. This is now a staple in my household.
3701,B0014982,A885928,User_3700,23,35,5,1170807505,Great product!,Great quality and fast shipping. Will definitely buy again. Best snack I have ever had. My kids absolutely love it too.
3702,B0038960,A813448,User_3701,41,65,1,1164297024,Don't buy,Not worth a single penny. Quality is shockingly bad. Tasted terrible. Threw it straight in the bin. Complete waste.
3703,B0089066,A826185,User_3702,20,29,4,1038853632,Wonderful!,Great quality and fast shipping. Will definitely buy again. Very happy with this purchase. Arrived quickly and well packaged.
3704,B0069875,A914729,User_3703,18,44,3,1155748554,Not bad,Meets basic expectations. Nothing stands out about it. It is okay. Nothing special but does the job.
3705,B0090426,A712880,User_3704,42,47,5,1402723207,Wonderful!,"Wonderful taste, great packaging, and arrived on time. Love it! Best snack I have ever had. My kids absolutely love it too."
3706,B0089585,A411581,User_3705,16,40,5,1001428368,5 stars!,Excellent product! The quality is outstanding and it tastes wonderful. The taste is divine and it keeps me energized throughout the day.
3707,B0071439,A358500,User_3706,28,33,1,1286378661,Not recommended,Tasted terrible. Threw it straight in the bin. Complete waste. Extremely bitter and unpleasant. Could not eat it at all.
3708,B0098727,A806726,User_3707,27,35,5,1341267886,Excellent!,"Wonderful taste, great packaging, and arrived on time. Love it! Great quality and fast shipping. Will definitely buy again."
3709,B0098097,A765448,User_3708,30,60,5,1177860330,Highly recommend,Top notch quality. I am very satisfied with my purchase. Absolutely delicious and healthy. I cannot imagine my life without it.
3710,B0077879,A726510,User_3709,25,40,5,1243586282,Perfect!,Very happy with this purchase. Arrived quickly and well packaged. Really good product. I order this every month for my family.
3711,B0038533,A633217,User_3710,33,46,5,1330348175,Loved it!,Perfect in every way. My family loves it and we keep buying more. Superb quality and flavor. This is now a staple in my household.
3712,B0098830,A656965,User_3711,26,54,2,1490586247,Terrible,Horrible product. Returned it immediately. Do not buy this. Packaging was horrible and the product leaked everywhere.
3713,B0037685,A371221,User_3712,33,45,1,1497374497,Don't buy,Terrible product. Arrived broken and smelled awful. Never again. Not worth a single penny. Quality is shockingly bad.
3714,B0020525,A380428,User_3713,49,60,4,1458238944,5 stars!,Outstanding product. Five stars without any hesitation. Excellent product! The quality is outstanding and it tastes wonderful.
3715,B0058797,A262062,User_3714,43,59,1,1203131805,Terrible,Product was stale and expired. Very unhappy with this purchase. Terrible product. Arrived broken and smelled awful. Never again.
3716,B0012995,A582270,User_3715,36,49,3,1081745871,Fine,Middling product. Not excited to reorder but might anyway. Decent enough for the price. Not amazing but not terrible either.
3717,B0041198,A683858,User_3716,27,57,2,1087424766,Poor quality,Disappointed and frustrated. This product ruined my meal. The flavor is disgusting and the texture is completely off.
3718,B0031624,A701051,User_3717,26,40,5,1480534101,5 stars!,This product is absolutely amazing! Best purchase I have ever made. Really good product. I order this every month for my family.
3719,B0022399,A474852,User_3718,45,55,5,1308667052,Wonderful!,Loved the flavor and texture. Will be ordering more very soon. Best snack I have ever had. My kids absolutely love it too.
3720,B0087838,A262837,User_3719,45,72,4,1188976052,Fantastic!,Excellent product! The quality is outstanding and it tastes wonderful. Great purchase. The product tastes exactly as described.
3721,B0076821,A818986,User_3720,30,36,5,1040776712,Highly recommend,Best snack I have ever had. My kids absolutely love it too. This is the best food product I have tried in years. So delicious!
3722,B0059038,A354591,User_3721,3,25,3,1410066108,Decent,Decent enough for the price. Not amazing but not terrible either. It is fine. I have had better but also much worse.
3723,B0086238,A548140,User_3722,48,50,4,1449648043,Great product!,Perfect in every way. My family loves it and we keep buying more. Loved the flavor and texture. Will be ordering more very soon.
3724,B0098367,A195216,User_3723,27,46,2,1055883943,Poor quality,Horrible product. Returned it immediately. Do not buy this. The flavor is disgusting and the texture is completely off.
3725,B0065129,A924556,User_3724,3,27,5,1340298234,Highly recommend,Loved the flavor and texture. Will be ordering more very soon. Fantastic taste and great value for money. Highly recommend!
3726,B0055278,A992509,User_3725,18,26,5,1000983992,Great product!,Perfectly packaged and freshly delivered. Very happy with this order. Incredible product at a very reasonable price. Highly recommended!
3727,B0057553,A623633,User_3726,2,13,2,1274582688,Disappointed,Nothing as advertised. Feels like a scam. Very unhappy. Very bad experience. Product did not match the description at all.
3728,B0020577,A720264,User_3727,37,64,4,1167610422,Loved it!,Fantastic taste and great value for money. Highly recommend! Great purchase. The product tastes exactly as described.
3729,B0099251,A377448,User_3728,36,61,1,1282957117,Waste of money,Poor quality packaging. Items were damaged when received. Terrible product. Arrived broken and smelled awful. Never again.
3730,B0099777,A697592,User_3729,17,32,5,1229238250,Excellent!,Fantastic taste and great value for money. Highly recommend! This is the best food product I have tried in years. So delicious!
3731,B0013912,A534256,User_3730,4,18,2,1042841664,Terrible,Terrible product. Arrived broken and smelled awful. Never again. Nothing as advertised. Feels like a scam. Very unhappy.
3732,B0026746,A861170,User_3731,12,26,4,1019534102,Excellent!,This product is absolutely amazing! Best purchase I have ever made. Very happy with this purchase. Arrived quickly and well packaged.
3733,B0053466,A375317,User_3732,18,36,3,1205433516,Okay,It is okay. Nothing special but does the job. Okay product. Will consider alternatives next time.
3734,B0011531,A452450,User_3733,16,45,5,1392514016,Highly recommend,Excellent product! The quality is outstanding and it tastes wonderful. Great purchase. The product tastes exactly as described.
3735,B0061920,A937223,User_3734,10,28,4,1415611844,Wonderful!,The taste is divine and it keeps me energized throughout the day. Outstanding product. Five stars without any hesitation.
3736,B0067135,A421172,User_3735,0,17,5,1222571658,Perfect!,Top notch quality. I am very satisfied with my purchase. Great purchase. The product tastes exactly as described.
3737,B0066937,A733860,User_3736,16,17,5,1401287982,5 stars!,The taste is divine and it keeps me energized throughout the day. Great quality and fast shipping. Will definitely buy again.
3738,B0095111,A832586,User_3737,44,63,5,1023493189,Great product!,Superb quality and flavor. This is now a staple in my household. Perfectly packaged and freshly delivered. Very happy with this order.
3739,B0078682,A884813,User_3738,44,49,5,1397162636,Wonderful!,Perfectly packaged and freshly delivered. Very happy with this order. Outstanding product. Five stars without any hesitation.
3740,B0063056,A471556,User_3739,36,39,3,1354240497,Decent,It is fine. I have had better but also much worse. Decent enough for the price. Not amazing but not terrible either.
3741,B0093610,A845804,User_3740,19,43,2,1424332971,Terrible,Worst purchase I have ever made. Do not waste your money. The flavor is disgusting and the texture is completely off.
3742,B0097961,A753450,User_3741,45,58,5,1032284296,Excellent!,Great purchase. The product tastes exactly as described. Great quality and fast shipping. Will definitely buy again.
3743,B0014826,A471236,User_3742,35,55,5,1098062753,Highly recommend,Really good product. I order this every month for my family. Excellent product! The quality is outstanding and it tastes wonderful.
3744,B0062857,A983659,User_3743,39,62,5,1465093989,Amazing!,Very happy with this purchase. Arrived quickly and well packaged. The taste is divine and it keeps me energized throughout the day.
4107,B0025835,A520862,User_4106,18,18,5,1103594936,Fantastic!,This is the best food product I have tried in years. So delicious! Great purchase. The product tastes exactly as described.
3746,B0069997,A868654,User_3745,23,47,5,1478357450,Wonderful!,"Wonderful taste, great packaging, and arrived on time. Love it! This product is absolutely amazing! Best purchase I have ever made."
3747,B0039249,A631705,User_3746,0,21,4,1003289543,Perfect!,This product is absolutely amazing! Best purchase I have ever made. Excellent product! The quality is outstanding and it tastes wonderful.
3748,B0049015,A221608,User_3747,2,7,1,1159018075,Disgusting,Very disappointed. The taste was nothing like described. Very bad experience. Product did not match the description at all.
3749,B0074777,A281718,User_3748,39,40,5,1224862482,Loved it!,I love this product so much. It exceeded all my expectations. Superb quality and flavor. This is now a staple in my household.
3750,B0064729,A570417,User_3749,14,19,4,1317364696,Fantastic!,Incredible product at a very reasonable price. Highly recommended! The taste is divine and it keeps me energized throughout the day.
3751,B0071739,A860360,User_3750,11,11,3,1009442207,Fine,"Okay product. Will consider alternatives next time. It does what it says. Nothing more, nothing less."
3752,B0022271,A302423,User_3751,9,34,3,1342063161,Okay,"It does what it says. Nothing more, nothing less. Okay product. Will consider alternatives next time."
3753,B0049038,A860896,User_3752,39,67,4,1055782964,Great product!,Really good product. I order this every month for my family. Superb quality and flavor. This is now a staple in my household.
3754,B0084480,A214498,User_3753,14,41,1,1237403005,Terrible,The flavor is disgusting and the texture is completely off. Product was stale and expired. Very unhappy with this purchase.
3755,B0085629,A616960,User_3754,39,45,5,1140577866,Loved it!,Best snack I have ever had. My kids absolutely love it too. Incredible product at a very reasonable price. Highly recommended!
3756,B0098937,A844101,User_3755,15,27,1,1328824397,Awful,Worst purchase I have ever made. Do not waste your money. Worst purchase I have ever made. Do not waste your money.
3757,B0079716,A401881,User_3756,34,34,3,1354400541,Okay,Middling product. Not excited to reorder but might anyway. Neither impressive nor disappointing. Just a regular purchase.
3758,B0066172,A814136,User_3757,50,58,4,1180120438,Highly recommend,Incredible product at a very reasonable price. Highly recommended! Outstanding product. Five stars without any hesitation.
3759,B0042324,A863237,User_3758,28,52,2,1106972401,Terrible,Very disappointed. The taste was nothing like described. Poor quality packaging. Items were damaged when received.
3760,B0028654,A790746,User_3759,38,57,5,1274401357,Fantastic!,Perfectly packaged and freshly delivered. Very happy with this order. Absolutely delicious and healthy. I cannot imagine my life without it.
3761,B0083336,A939930,User_3760,31,43,5,1445233113,Loved it!,Great quality and fast shipping. Will definitely buy again. Fantastic taste and great value for money. Highly recommend!
3762,B0086490,A250709,User_3761,23,31,5,1340484919,Fantastic!,Loved the flavor and texture. Will be ordering more very soon. Top notch quality. I am very satisfied with my purchase.
3763,B0056972,A560795,User_3762,49,76,5,1335146803,Fantastic!,This product is absolutely amazing! Best purchase I have ever made. Absolutely delicious and healthy. I cannot imagine my life without it.
3764,B0090692,A864776,User_3763,21,40,5,1056882707,Wonderful!,I love this product so much. It exceeded all my expectations. The taste is divine and it keeps me energized throughout the day.
3765,B0021668,A211642,User_3764,25,39,3,1488023295,Decent,Average product. Neither good nor bad. Just acceptable. Middling product. Not excited to reorder but might anyway.
3766,B0010127,A654784,User_3765,14,37,5,1441751597,5 stars!,Outstanding product. Five stars without any hesitation. Fantastic taste and great value for money. Highly recommend!
3767,B0040292,A339685,User_3766,9,30,5,1386040075,5 stars!,Great purchase. The product tastes exactly as described. This is the best food product I have tried in years. So delicious!
3768,B0079171,A239169,User_3767,9,31,3,1203868605,Average,Neither impressive nor disappointing. Just a regular purchase. Average taste. Expected better but it is passable.
3769,B0053902,A991296,User_3768,49,56,4,1478463640,Wonderful!,Perfectly packaged and freshly delivered. Very happy with this order. Great purchase. The product tastes exactly as described.
3770,B0034274,A252112,User_3769,17,27,5,1440581896,Perfect!,The taste is divine and it keeps me energized throughout the day. The taste is divine and it keeps me energized throughout the day.
3771,B0050687,A815941,User_3770,45,48,3,1071993100,Decent,Average taste. Expected better but it is passable. It is okay. Nothing special but does the job.
3772,B0029219,A393454,User_3771,20,23,5,1484002367,Good!,Outstanding product. Five stars without any hesitation. Really good product. I order this every month for my family.
3773,B0071564,A124818,User_3772,15,36,4,1167645229,Amazing!,Perfect in every way. My family loves it and we keep buying more. Fantastic taste and great value for money. Highly recommend!
3774,B0059955,A269241,User_3773,37,51,1,1148958206,Poor quality,Extremely bitter and unpleasant. Could not eat it at all. Horrible product. Returned it immediately. Do not buy this.
3775,B0032137,A323637,User_3774,44,67,5,1038972201,5 stars!,This is the best food product I have tried in years. So delicious! Top notch quality. I am very satisfied with my purchase.
3776,B0030015,A728832,User_3775,34,41,4,1012834218,Perfect!,Perfect in every way. My family loves it and we keep buying more. Perfect in every way. My family loves it and we keep buying more.
3777,B0023521,A318804,User_3776,44,73,2,1223560124,Horrible,Product was stale and expired. Very unhappy with this purchase. Tasted terrible. Threw it straight in the bin. Complete waste.
3778,B0052631,A513283,User_3777,19,43,5,1208768433,Good!,Fantastic taste and great value for money. Highly recommend! The taste is divine and it keeps me energized throughout the day.
3779,B0056198,A797995,User_3778,40,52,5,1336342372,Wonderful!,Loved the flavor and texture. Will be ordering more very soon. Great quality and fast shipping. Will definitely buy again.
3780,B0084184,A235624,User_3779,37,55,1,1263929216,Not recommended,Worst purchase I have ever made. Do not waste your money. Worst purchase I have ever made. Do not waste your money.
3781,B0062486,A598909,User_3780,39,69,3,1292964511,Normal,Neither impressive nor disappointing. Just a regular purchase. Okay product. Will consider alternatives next time.
3782,B0041721,A506284,User_3781,17,18,5,1292244335,Excellent!,Really good product. I order this every month for my family. Top notch quality. I am very satisfied with my purchase.
3783,B0098736,A207334,User_3782,33,39,3,1154559900,Alright,Okay product. Will consider alternatives next time. Meets basic expectations. Nothing stands out about it.
3784,B0067903,A584095,User_3783,45,70,1,1171503163,Waste of money,Extremely bitter and unpleasant. Could not eat it at all. Poor quality packaging. Items were damaged when received.
3785,B0048660,A528505,User_3784,17,29,4,1252672017,Perfect!,Absolutely delicious and healthy. I cannot imagine my life without it. Excellent product! The quality is outstanding and it tastes wonderful.
3786,B0036987,A955324,User_3785,13,40,5,1469032107,Amazing!,The taste is divine and it keeps me energized throughout the day. Excellent product! The quality is outstanding and it tastes wonderful.
3787,B0085072,A383769,User_3786,5,30,2,1499238088,Horrible,Horrible product. Returned it immediately. Do not buy this. The flavor is disgusting and the texture is completely off.
3788,B0098691,A845004,User_3787,11,38,5,1118567335,Highly recommend,Excellent product! The quality is outstanding and it tastes wonderful. Incredible product at a very reasonable price. Highly recommended!
3789,B0064346,A131875,User_3788,46,71,5,1455465169,5 stars!,Fantastic taste and great value for money. Highly recommend! Incredible product at a very reasonable price. Highly recommended!
3790,B0039865,A903676,User_3789,28,33,1,1444373948,Awful,Tasted terrible. Threw it straight in the bin. Complete waste. Nothing as advertised. Feels like a scam. Very unhappy.
3791,B0088193,A798681,User_3790,41,41,5,1079189172,Highly recommend,Very happy with this purchase. Arrived quickly and well packaged. The taste is divine and it keeps me energized throughout the day.
3792,B0089130,A390217,User_3791,5,14,5,1488111022,Amazing!,Excellent product! The quality is outstanding and it tastes wonderful. Excellent product! The quality is outstanding and it tastes wonderful.
3793,B0043707,A142399,User_3792,38,60,4,1040884332,Good!,Excellent product! The quality is outstanding and it tastes wonderful. Perfectly packaged and freshly delivered. Very happy with this order.
3794,B0090620,A391677,User_3793,2,6,2,1231162374,Poor quality,Nothing as advertised. Feels like a scam. Very unhappy. Poor quality packaging. Items were damaged when received.
3795,B0054147,A863783,User_3794,37,48,5,1187446247,Good!,This product is absolutely amazing! Best purchase I have ever made. This is the best food product I have tried in years. So delicious!
3796,B0088181,A508356,User_3795,41,42,5,1030053135,Amazing!,Excellent product! The quality is outstanding and it tastes wonderful. I love this product so much. It exceeded all my expectations.
3797,B0047883,A452695,User_3796,47,71,4,1469682506,Good!,Outstanding product. Five stars without any hesitation. Perfectly packaged and freshly delivered. Very happy with this order.
3798,B0010946,A796023,User_3797,34,53,5,1095401901,Loved it!,Outstanding product. Five stars without any hesitation. Outstanding product. Five stars without any hesitation.
3799,B0036353,A484390,User_3798,5,35,5,1489183465,Great product!,"Excellent product! The quality is outstanding and it tastes wonderful. Wonderful taste, great packaging, and arrived on time. Love it!"
3800,B0082919,A204122,User_3799,1,30,4,1366841082,Excellent!,Absolutely delicious and healthy. I cannot imagine my life without it. This product is absolutely amazing! Best purchase I have ever made.
3801,B0083778,A184692,User_3800,25,33,4,1146998254,5 stars!,Top notch quality. I am very satisfied with my purchase. Loved the flavor and texture. Will be ordering more very soon.
3802,B0055595,A271306,User_3801,8,20,5,1082074834,Excellent!,Great purchase. The product tastes exactly as described. Great quality and fast shipping. Will definitely buy again.
3803,B0051993,A679266,User_3802,36,46,4,1481524798,Good!,Best snack I have ever had. My kids absolutely love it too. Superb quality and flavor. This is now a staple in my household.
3804,B0047486,A496123,User_3803,5,19,5,1113526375,Excellent!,Excellent product! The quality is outstanding and it tastes wonderful. Very happy with this purchase. Arrived quickly and well packaged.
3805,B0064363,A342647,User_3804,13,40,1,1415638411,Very bad,Tasted terrible. Threw it straight in the bin. Complete waste. Poor quality packaging. Items were damaged when received.
3806,B0057486,A629154,User_3805,16,25,3,1281766947,Passable,Neither impressive nor disappointing. Just a regular purchase. Average product. Neither good nor bad. Just acceptable.
3807,B0067079,A183314,User_3806,45,48,1,1307216586,Disappointed,Nothing as advertised. Feels like a scam. Very unhappy. Product was stale and expired. Very unhappy with this purchase.
3808,B0096838,A228733,User_3807,29,34,4,1104712456,Loved it!,"This is the best food product I have tried in years. So delicious! Wonderful taste, great packaging, and arrived on time. Love it!"
3809,B0095579,A116680,User_3808,26,54,5,1186050004,Wonderful!,Absolutely delicious and healthy. I cannot imagine my life without it. Best snack I have ever had. My kids absolutely love it too.
3810,B0058234,A467227,User_3809,38,47,3,1142848869,Acceptable,It is okay. Nothing special but does the job. Neither impressive nor disappointing. Just a regular purchase.
3811,B0036002,A106867,User_3810,30,40,5,1398645860,Great product!,Great quality and fast shipping. Will definitely buy again. This is the best food product I have tried in years. So delicious!
3812,B0019763,A242456,User_3811,5,31,3,1136496132,Okay,Average product. Neither good nor bad. Just acceptable. Meets basic expectations. Nothing stands out about it.
3813,B0071594,A841709,User_3812,11,20,2,1454803601,Disappointed,Very bad experience. Product did not match the description at all. Very bad experience. Product did not match the description at all.
3814,B0017629,A943744,User_3813,35,42,1,1448533403,Awful,Terrible product. Arrived broken and smelled awful. Never again. Disappointed and frustrated. This product ruined my meal.
3815,B0077311,A237632,User_3814,10,17,4,1007508580,Wonderful!,This is the best food product I have tried in years. So delicious! This is the best food product I have tried in years. So delicious!
3816,B0074303,A657734,User_3815,24,42,5,1247451870,Perfect!,Great purchase. The product tastes exactly as described. Really good product. I order this every month for my family.
3817,B0038468,A853358,User_3816,18,42,5,1040944226,5 stars!,The taste is divine and it keeps me energized throughout the day. This product is absolutely amazing! Best purchase I have ever made.
3818,B0014104,A732397,User_3817,35,53,5,1429632498,Excellent!,Outstanding product. Five stars without any hesitation. Absolutely delicious and healthy. I cannot imagine my life without it.
3819,B0017022,A269801,User_3818,27,50,5,1036330831,Perfect!,Top notch quality. I am very satisfied with my purchase. Excellent product! The quality is outstanding and it tastes wonderful.
3820,B0029610,A139700,User_3819,38,48,1,1344799488,Terrible,Very disappointed. The taste was nothing like described. Tasted terrible. Threw it straight in the bin. Complete waste.
3821,B0021932,A599990,User_3820,11,13,5,1496608129,Amazing!,Really good product. I order this every month for my family. Really good product. I order this every month for my family.
3822,B0012057,A912588,User_3821,38,38,5,1008220392,Fantastic!,This is the best food product I have tried in years. So delicious! Outstanding product. Five stars without any hesitation.
3823,B0096794,A781416,User_3822,34,36,1,1368839345,Poor quality,Terrible product. Arrived broken and smelled awful. Never again. Very bad experience. Product did not match the description at all.
3824,B0029198,A406135,User_3823,41,61,5,1249137492,Wonderful!,Great purchase. The product tastes exactly as described. Great quality and fast shipping. Will definitely buy again.
3825,B0071307,A812162,User_3824,32,62,5,1405847277,Wonderful!,"Fantastic taste and great value for money. Highly recommend! Wonderful taste, great packaging, and arrived on time. Love it!"
3826,B0036741,A767346,User_3825,3,15,3,1092092907,Not bad,Average taste. Expected better but it is passable. Average taste. Expected better but it is passable.
3827,B0059829,A454953,User_3826,26,34,1,1331005041,Horrible,Very disappointed. The taste was nothing like described. Extremely bitter and unpleasant. Could not eat it at all.
3828,B0098012,A716208,User_3827,25,42,3,1276923266,Fine,It is fine. I have had better but also much worse. Decent enough for the price. Not amazing but not terrible either.
3829,B0059288,A473824,User_3828,33,44,3,1201252763,Average,Average product. Neither good nor bad. Just acceptable. Okay product. Will consider alternatives next time.
3830,B0039025,A277951,User_3829,3,7,2,1012873209,Terrible,I regret buying this. The smell is awful and taste is worse. Very bad experience. Product did not match the description at all.
3831,B0099508,A931669,User_3830,49,65,4,1090693987,Good!,Excellent product! The quality is outstanding and it tastes wonderful. The taste is divine and it keeps me energized throughout the day.
3832,B0031986,A651434,User_3831,18,25,5,1130933627,Good!,Great quality and fast shipping. Will definitely buy again. Top notch quality. I am very satisfied with my purchase.
3833,B0055996,A853052,User_3832,14,36,5,1354991526,Good!,Great purchase. The product tastes exactly as described. Great quality and fast shipping. Will definitely buy again.
3834,B0061186,A241381,User_3833,1,13,5,1353679640,Loved it!,This is the best food product I have tried in years. So delicious! Great purchase. The product tastes exactly as described.
3835,B0096089,A563841,User_3834,30,52,4,1013708691,Excellent!,Top notch quality. I am very satisfied with my purchase. Very happy with this purchase. Arrived quickly and well packaged.
3836,B0070450,A917725,User_3835,11,34,2,1185787901,Not recommended,Disappointed and frustrated. This product ruined my meal. Very disappointed. The taste was nothing like described.
3837,B0036855,A540400,User_3836,39,39,5,1342896218,Great product!,Great purchase. The product tastes exactly as described. Loved the flavor and texture. Will be ordering more very soon.
3838,B0034364,A614188,User_3837,27,37,2,1499360552,Don't buy,Packaging was horrible and the product leaked everywhere. Extremely bitter and unpleasant. Could not eat it at all.
3839,B0032283,A604909,User_3838,30,54,4,1402131924,Excellent!,Really good product. I order this every month for my family. Perfectly packaged and freshly delivered. Very happy with this order.
3840,B0036804,A933187,User_3839,44,60,5,1016337696,Highly recommend,Great purchase. The product tastes exactly as described. Very happy with this purchase. Arrived quickly and well packaged.
3841,B0047366,A386164,User_3840,25,25,2,1451258006,Poor quality,Horrible product. Returned it immediately. Do not buy this. Horrible product. Returned it immediately. Do not buy this.
3842,B0076190,A291428,User_3841,1,28,2,1228517976,Horrible,The flavor is disgusting and the texture is completely off. Not worth a single penny. Quality is shockingly bad.
3843,B0069246,A316298,User_3842,7,29,1,1232852245,Not recommended,Product was stale and expired. Very unhappy with this purchase. Very bad experience. Product did not match the description at all.
3844,B0045114,A755307,User_3843,34,61,5,1238642651,Great product!,This is the best food product I have tried in years. So delicious! Incredible product at a very reasonable price. Highly recommended!
3845,B0083961,A320406,User_3844,13,18,5,1050619368,Excellent!,Top notch quality. I am very satisfied with my purchase. This product is absolutely amazing! Best purchase I have ever made.
3846,B0038026,A433809,User_3845,36,65,1,1135603658,Not recommended,Not worth a single penny. Quality is shockingly bad. Very disappointed. The taste was nothing like described.
3847,B0088432,A833176,User_3846,37,42,3,1290387180,Passable,It is okay. Nothing special but does the job. It is fine. I have had better but also much worse.
3848,B0018560,A377867,User_3847,43,61,2,1182438456,Very bad,Extremely bitter and unpleasant. Could not eat it at all. Horrible product. Returned it immediately. Do not buy this.
3849,B0065847,A327565,User_3848,35,39,1,1125619721,Very bad,Disappointed and frustrated. This product ruined my meal. Poor quality packaging. Items were damaged when received.
3850,B0097494,A888538,User_3849,5,19,5,1499339193,Wonderful!,Really good product. I order this every month for my family. Very happy with this purchase. Arrived quickly and well packaged.
3851,B0061306,A340372,User_3850,19,38,2,1119386840,Waste of money,Disappointed and frustrated. This product ruined my meal. Terrible product. Arrived broken and smelled awful. Never again.
3852,B0010666,A959747,User_3851,1,7,5,1352755408,Highly recommend,Absolutely delicious and healthy. I cannot imagine my life without it. The taste is divine and it keeps me energized throughout the day.
3853,B0022587,A769779,User_3852,5,26,2,1106944944,Disappointed,Very bad experience. Product did not match the description at all. Extremely bitter and unpleasant. Could not eat it at all.
3854,B0086055,A578996,User_3853,44,44,2,1416720939,Disgusting,The flavor is disgusting and the texture is completely off. Product was stale and expired. Very unhappy with this purchase.
3855,B0026232,A302927,User_3854,1,13,5,1065529824,Wonderful!,Superb quality and flavor. This is now a staple in my household. The taste is divine and it keeps me energized throughout the day.
3856,B0014375,A866937,User_3855,28,34,5,1268229286,Perfect!,I love this product so much. It exceeded all my expectations. Perfectly packaged and freshly delivered. Very happy with this order.
3857,B0089063,A925792,User_3856,14,31,5,1410147555,Amazing!,This is the best food product I have tried in years. So delicious! Perfectly packaged and freshly delivered. Very happy with this order.
3858,B0011360,A239663,User_3857,50,77,3,1043260484,Decent,"Average taste. Expected better but it is passable. It does what it says. Nothing more, nothing less."
3859,B0049631,A850205,User_3858,46,63,1,1136754145,Poor quality,Horrible product. Returned it immediately. Do not buy this. I regret buying this. The smell is awful and taste is worse.
3860,B0081921,A561861,User_3859,40,52,4,1244320082,Excellent!,Loved the flavor and texture. Will be ordering more very soon. Best snack I have ever had. My kids absolutely love it too.
3861,B0078078,A645290,User_3860,41,57,3,1308652995,Normal,"Average taste. Expected better but it is passable. It does what it says. Nothing more, nothing less."
3862,B0066464,A326438,User_3861,49,67,5,1408213239,Amazing!,Great quality and fast shipping. Will definitely buy again. Fantastic taste and great value for money. Highly recommend!
3863,B0061947,A737441,User_3862,0,6,3,1170075008,Normal,Decent enough for the price. Not amazing but not terrible either. Meets basic expectations. Nothing stands out about it.
3864,B0013002,A538546,User_3863,38,42,3,1191572585,Okay,It is okay. Nothing special but does the job. Average product. Neither good nor bad. Just acceptable.
3865,B0067981,A907127,User_3864,13,13,5,1137153170,Good!,"Wonderful taste, great packaging, and arrived on time. Love it! Great quality and fast shipping. Will definitely buy again."
3866,B0037246,A882428,User_3865,10,22,4,1394891306,Wonderful!,Incredible product at a very reasonable price. Highly recommended! Great quality and fast shipping. Will definitely buy again.
3867,B0030218,A706567,User_3866,11,31,5,1435068551,Perfect!,Excellent product! The quality is outstanding and it tastes wonderful. Perfectly packaged and freshly delivered. Very happy with this order.
3868,B0064178,A296195,User_3867,42,69,3,1035426880,Okay,Average taste. Expected better but it is passable. Average taste. Expected better but it is passable.
3869,B0050572,A183688,User_3868,11,31,5,1091646328,Fantastic!,Perfect in every way. My family loves it and we keep buying more. Best snack I have ever had. My kids absolutely love it too.
3870,B0049872,A964940,User_3869,34,34,4,1302208271,Excellent!,This is the best food product I have tried in years. So delicious! I love this product so much. It exceeded all my expectations.
3871,B0068625,A461457,User_3870,10,35,5,1493443525,Great product!,The taste is divine and it keeps me energized throughout the day. Fantastic taste and great value for money. Highly recommend!
3872,B0083088,A225507,User_3871,2,18,4,1429303829,Perfect!,Absolutely delicious and healthy. I cannot imagine my life without it. Perfect in every way. My family loves it and we keep buying more.
3873,B0084844,A143059,User_3872,3,23,4,1465126817,Wonderful!,This product is absolutely amazing! Best purchase I have ever made. Outstanding product. Five stars without any hesitation.
3874,B0092306,A112498,User_3873,43,71,1,1296569235,Disappointed,Poor quality packaging. Items were damaged when received. Disappointed and frustrated. This product ruined my meal.
3875,B0035913,A244654,User_3874,38,50,3,1373125447,Normal,Average taste. Expected better but it is passable. Average taste. Expected better but it is passable.
3876,B0097093,A497783,User_3875,43,69,5,1089031666,Perfect!,Excellent product! The quality is outstanding and it tastes wonderful. This is the best food product I have tried in years. So delicious!
3877,B0071476,A101483,User_3876,47,70,3,1157145760,Okay,It is okay. Nothing special but does the job. Average product. Neither good nor bad. Just acceptable.
3878,B0077383,A613505,User_3877,13,26,5,1404662695,5 stars!,"Perfect in every way. My family loves it and we keep buying more. Wonderful taste, great packaging, and arrived on time. Love it!"
3879,B0056845,A562445,User_3878,29,40,5,1407182682,Loved it!,The taste is divine and it keeps me energized throughout the day. I love this product so much. It exceeded all my expectations.
3880,B0090483,A893342,User_3879,28,40,5,1310842783,Fantastic!,Excellent product! The quality is outstanding and it tastes wonderful. Incredible product at a very reasonable price. Highly recommended!
3881,B0057587,A273155,User_3880,39,51,1,1095441222,Disappointed,Disappointed and frustrated. This product ruined my meal. I regret buying this. The smell is awful and taste is worse.
3882,B0092588,A171001,User_3881,15,27,5,1084081581,Amazing!,Top notch quality. I am very satisfied with my purchase. This product is absolutely amazing! Best purchase I have ever made.
3883,B0046620,A369966,User_3882,14,36,5,1003106625,5 stars!,"Wonderful taste, great packaging, and arrived on time. Love it! Great quality and fast shipping. Will definitely buy again."
3884,B0021975,A303119,User_3883,28,53,1,1440604430,Don't buy,Product was stale and expired. Very unhappy with this purchase. Extremely bitter and unpleasant. Could not eat it at all.
3885,B0073483,A758539,User_3884,44,52,5,1420371420,Excellent!,This is the best food product I have tried in years. So delicious! This product is absolutely amazing! Best purchase I have ever made.
3886,B0066458,A757080,User_3885,7,18,2,1096584525,Not recommended,Disappointed and frustrated. This product ruined my meal. Extremely bitter and unpleasant. Could not eat it at all.
3887,B0017638,A363592,User_3886,33,44,3,1272539994,Fine,Middling product. Not excited to reorder but might anyway. It is fine. I have had better but also much worse.
3888,B0090787,A830761,User_3887,8,15,5,1360494655,Loved it!,Absolutely delicious and healthy. I cannot imagine my life without it. Great purchase. The product tastes exactly as described.
3889,B0097935,A647278,User_3888,49,68,5,1483434398,Fantastic!,Absolutely delicious and healthy. I cannot imagine my life without it. Absolutely delicious and healthy. I cannot imagine my life without it.
3890,B0013042,A504085,User_3889,23,41,3,1294674611,Decent,Neither impressive nor disappointing. Just a regular purchase. Average taste. Expected better but it is passable.
3891,B0088573,A696902,User_3890,16,21,5,1038775469,Good!,Loved the flavor and texture. Will be ordering more very soon. Excellent product! The quality is outstanding and it tastes wonderful.
3892,B0035929,A798858,User_3891,36,55,5,1191414833,Excellent!,Absolutely delicious and healthy. I cannot imagine my life without it. Excellent product! The quality is outstanding and it tastes wonderful.
3893,B0074965,A925541,User_3892,29,59,5,1422054833,Great product!,Absolutely delicious and healthy. I cannot imagine my life without it. Great purchase. The product tastes exactly as described.
3894,B0022678,A501245,User_3893,22,34,3,1350885655,Fine,Middling product. Not excited to reorder but might anyway. Neither impressive nor disappointing. Just a regular purchase.
3895,B0064373,A928452,User_3894,47,66,5,1097172351,Fantastic!,The taste is divine and it keeps me energized throughout the day. Perfectly packaged and freshly delivered. Very happy with this order.
3896,B0048356,A971697,User_3895,20,44,1,1025532861,Disappointed,I regret buying this. The smell is awful and taste is worse. Extremely bitter and unpleasant. Could not eat it at all.
3897,B0096105,A459940,User_3896,28,47,5,1273273234,Wonderful!,Loved the flavor and texture. Will be ordering more very soon. Absolutely delicious and healthy. I cannot imagine my life without it.
3898,B0096750,A327096,User_3897,15,23,5,1314880089,Great product!,Great purchase. The product tastes exactly as described. This product is absolutely amazing! Best purchase I have ever made.
3899,B0057939,A620846,User_3898,15,18,5,1461454507,Fantastic!,Great quality and fast shipping. Will definitely buy again. Best snack I have ever had. My kids absolutely love it too.
3900,B0093689,A171600,User_3899,5,9,5,1365107237,Fantastic!,Perfectly packaged and freshly delivered. Very happy with this order. Best snack I have ever had. My kids absolutely love it too.
3901,B0083299,A478737,User_3900,4,13,3,1190167807,Okay,Neither impressive nor disappointing. Just a regular purchase. It is okay. Nothing special but does the job.
3902,B0024082,A473789,User_3901,46,69,5,1074459547,Fantastic!,Top notch quality. I am very satisfied with my purchase. Absolutely delicious and healthy. I cannot imagine my life without it.
3903,B0011897,A599544,User_3902,46,75,3,1059411560,Acceptable,"Average taste. Expected better but it is passable. It does what it says. Nothing more, nothing less."
3904,B0047429,A360703,User_3903,13,29,4,1453517968,Good!,"Very happy with this purchase. Arrived quickly and well packaged. Wonderful taste, great packaging, and arrived on time. Love it!"
3905,B0055884,A216810,User_3904,30,34,1,1236484879,Don't buy,Packaging was horrible and the product leaked everywhere. The flavor is disgusting and the texture is completely off.
3906,B0074335,A127625,User_3905,42,54,5,1468655804,5 stars!,Perfectly packaged and freshly delivered. Very happy with this order. Incredible product at a very reasonable price. Highly recommended!
3907,B0042364,A473394,User_3906,39,61,4,1210708957,5 stars!,"Perfect in every way. My family loves it and we keep buying more. Wonderful taste, great packaging, and arrived on time. Love it!"
3908,B0045638,A290332,User_3907,21,47,5,1293960046,Loved it!,Great quality and fast shipping. Will definitely buy again. Best snack I have ever had. My kids absolutely love it too.
3909,B0064849,A104510,User_3908,38,68,5,1001924914,Excellent!,The taste is divine and it keeps me energized throughout the day. Loved the flavor and texture. Will be ordering more very soon.
3910,B0067059,A687532,User_3909,25,29,2,1064530916,Disgusting,Very bad experience. Product did not match the description at all. Product was stale and expired. Very unhappy with this purchase.
3911,B0085320,A695375,User_3910,25,42,3,1437735927,Normal,Middling product. Not excited to reorder but might anyway. Meets basic expectations. Nothing stands out about it.
3912,B0049340,A686607,User_3911,15,35,5,1084784102,5 stars!,This product is absolutely amazing! Best purchase I have ever made. I love this product so much. It exceeded all my expectations.
3913,B0043415,A303995,User_3912,6,35,3,1223904948,So so,It is fine. I have had better but also much worse. Middling product. Not excited to reorder but might anyway.
3914,B0074717,A168674,User_3913,48,72,5,1326029535,Highly recommend,The taste is divine and it keeps me energized throughout the day. Really good product. I order this every month for my family.
3915,B0037971,A683127,User_3914,19,26,1,1230914212,Terrible,I regret buying this. The smell is awful and taste is worse. Tasted terrible. Threw it straight in the bin. Complete waste.
3916,B0040645,A575189,User_3915,45,50,1,1089251864,Very bad,Product was stale and expired. Very unhappy with this purchase. Packaging was horrible and the product leaked everywhere.
3917,B0080721,A332764,User_3916,20,47,5,1179403148,Fantastic!,I love this product so much. It exceeded all my expectations. Very happy with this purchase. Arrived quickly and well packaged.
3918,B0067734,A131794,User_3917,31,37,5,1024420642,Wonderful!,This product is absolutely amazing! Best purchase I have ever made. Great quality and fast shipping. Will definitely buy again.
3919,B0081971,A797581,User_3918,14,27,5,1456897296,Good!,I love this product so much. It exceeded all my expectations. Loved the flavor and texture. Will be ordering more very soon.
3920,B0017465,A949241,User_3919,44,54,4,1175884155,Highly recommend,The taste is divine and it keeps me energized throughout the day. Excellent product! The quality is outstanding and it tastes wonderful.
3921,B0052674,A695952,User_3920,46,48,2,1407615777,Disgusting,I regret buying this. The smell is awful and taste is worse. Horrible product. Returned it immediately. Do not buy this.
3922,B0027140,A478904,User_3921,29,30,5,1030626268,Loved it!,Best snack I have ever had. My kids absolutely love it too. Loved the flavor and texture. Will be ordering more very soon.
3923,B0075689,A154252,User_3922,28,37,5,1256209013,Amazing!,"Excellent product! The quality is outstanding and it tastes wonderful. Wonderful taste, great packaging, and arrived on time. Love it!"
3924,B0085051,A599446,User_3923,1,15,5,1395496589,Excellent!,This product is absolutely amazing! Best purchase I have ever made. This is the best food product I have tried in years. So delicious!
3925,B0013931,A752944,User_3924,20,22,1,1122392096,Disappointed,Extremely bitter and unpleasant. Could not eat it at all. Nothing as advertised. Feels like a scam. Very unhappy.
3926,B0096400,A319773,User_3925,4,28,3,1382496580,Normal,It is okay. Nothing special but does the job. It is fine. I have had better but also much worse.
3927,B0053483,A982163,User_3926,44,61,1,1072945201,Terrible,Very disappointed. The taste was nothing like described. Not worth a single penny. Quality is shockingly bad.
3928,B0060985,A344254,User_3927,42,47,3,1149549404,Fine,Okay product. Will consider alternatives next time. Average product. Neither good nor bad. Just acceptable.
3929,B0067244,A589761,User_3928,22,34,3,1402564951,Acceptable,Middling product. Not excited to reorder but might anyway. Okay product. Will consider alternatives next time.
3930,B0055189,A571116,User_3929,50,61,4,1492868284,Perfect!,This is the best food product I have tried in years. So delicious! Great quality and fast shipping. Will definitely buy again.
3931,B0021518,A991280,User_3930,20,48,4,1322199301,Great product!,Superb quality and flavor. This is now a staple in my household. Superb quality and flavor. This is now a staple in my household.
3932,B0082499,A969900,User_3931,25,46,2,1034013637,Disgusting,Product was stale and expired. Very unhappy with this purchase. Product was stale and expired. Very unhappy with this purchase.
3933,B0035084,A338797,User_3932,41,56,5,1124384299,Good!,Perfectly packaged and freshly delivered. Very happy with this order. Fantastic taste and great value for money. Highly recommend!
3934,B0067999,A210572,User_3933,37,44,1,1476419844,Terrible,Terrible product. Arrived broken and smelled awful. Never again. Terrible product. Arrived broken and smelled awful. Never again.
3935,B0081083,A236502,User_3934,7,24,3,1322543756,Acceptable,It is okay. Nothing special but does the job. Average taste. Expected better but it is passable.
3936,B0049707,A742043,User_3935,5,30,5,1158562875,Highly recommend,This product is absolutely amazing! Best purchase I have ever made. Outstanding product. Five stars without any hesitation.
3937,B0068898,A599472,User_3936,49,54,5,1128102652,Excellent!,Very happy with this purchase. Arrived quickly and well packaged. The taste is divine and it keeps me energized throughout the day.
3938,B0068004,A302134,User_3937,32,43,1,1029086030,Disappointed,I regret buying this. The smell is awful and taste is worse. I regret buying this. The smell is awful and taste is worse.
3939,B0021871,A388523,User_3938,40,62,3,1132641934,Acceptable,Meets basic expectations. Nothing stands out about it. Meets basic expectations. Nothing stands out about it.
3940,B0087780,A189794,User_3939,0,4,2,1439340659,Don't buy,Tasted terrible. Threw it straight in the bin. Complete waste. Packaging was horrible and the product leaked everywhere.
3941,B0079293,A878123,User_3940,24,33,5,1369366749,Great product!,Excellent product! The quality is outstanding and it tastes wonderful. Perfectly packaged and freshly delivered. Very happy with this order.
3942,B0080745,A426464,User_3941,46,53,1,1402868762,Disappointed,I regret buying this. The smell is awful and taste is worse. Very bad experience. Product did not match the description at all.
3943,B0075858,A642317,User_3942,12,31,5,1090605395,Good!,Great purchase. The product tastes exactly as described. Perfect in every way. My family loves it and we keep buying more.
3944,B0040984,A456395,User_3943,32,60,3,1196159073,Alright,Average taste. Expected better but it is passable. Average taste. Expected better but it is passable.
3945,B0068334,A154181,User_3944,46,76,4,1024603445,Perfect!,Great purchase. The product tastes exactly as described. Loved the flavor and texture. Will be ordering more very soon.
3946,B0045840,A904460,User_3945,43,65,5,1398287937,Good!,Loved the flavor and texture. Will be ordering more very soon. Great quality and fast shipping. Will definitely buy again.
3947,B0042179,A267676,User_3946,5,7,5,1405695220,Loved it!,Perfectly packaged and freshly delivered. Very happy with this order. I love this product so much. It exceeded all my expectations.
3948,B0044606,A817607,User_3947,6,16,5,1090401820,Great product!,Perfect in every way. My family loves it and we keep buying more. Absolutely delicious and healthy. I cannot imagine my life without it.
3949,B0056499,A823862,User_3948,10,35,4,1261103908,5 stars!,Incredible product at a very reasonable price. Highly recommended! Really good product. I order this every month for my family.
3950,B0015688,A575915,User_3949,41,53,4,1134541172,Fantastic!,Excellent product! The quality is outstanding and it tastes wonderful. Fantastic taste and great value for money. Highly recommend!
3951,B0089459,A802379,User_3950,20,27,5,1322312646,Good!,Top notch quality. I am very satisfied with my purchase. Excellent product! The quality is outstanding and it tastes wonderful.
3952,B0062858,A491242,User_3951,17,28,5,1213370329,Wonderful!,Loved the flavor and texture. Will be ordering more very soon. This product is absolutely amazing! Best purchase I have ever made.
3953,B0076599,A736000,User_3952,34,55,2,1437057923,Terrible,Product was stale and expired. Very unhappy with this purchase. Packaging was horrible and the product leaked everywhere.
3954,B0051800,A769936,User_3953,48,50,3,1081582718,Not bad,"Decent enough for the price. Not amazing but not terrible either. It does what it says. Nothing more, nothing less."
3955,B0091129,A969748,User_3954,36,44,5,1423229919,Loved it!,I love this product so much. It exceeded all my expectations. Perfectly packaged and freshly delivered. Very happy with this order.
3956,B0038091,A830565,User_3955,26,31,5,1128692548,Highly recommend,Loved the flavor and texture. Will be ordering more very soon. Absolutely delicious and healthy. I cannot imagine my life without it.
3957,B0075976,A128102,User_3956,14,14,4,1301267160,5 stars!,The taste is divine and it keeps me energized throughout the day. Absolutely delicious and healthy. I cannot imagine my life without it.
3958,B0015318,A651011,User_3957,8,19,5,1123670256,Good!,Absolutely delicious and healthy. I cannot imagine my life without it. I love this product so much. It exceeded all my expectations.
3959,B0061782,A256633,User_3958,24,40,4,1271564510,Loved it!,Incredible product at a very reasonable price. Highly recommended! Top notch quality. I am very satisfied with my purchase.
3960,B0030675,A531986,User_3959,2,14,5,1151244319,Loved it!,Really good product. I order this every month for my family. Great quality and fast shipping. Will definitely buy again.
3961,B0052384,A670541,User_3960,8,31,5,1158746187,Good!,Great purchase. The product tastes exactly as described. This product is absolutely amazing! Best purchase I have ever made.
3962,B0017570,A850971,User_3961,39,56,5,1025379447,Good!,I love this product so much. It exceeded all my expectations. Great purchase. The product tastes exactly as described.
3963,B0029634,A119437,User_3962,7,12,4,1407314633,Fantastic!,This product is absolutely amazing! Best purchase I have ever made. Very happy with this purchase. Arrived quickly and well packaged.
3964,B0041423,A100271,User_3963,8,8,5,1489944264,5 stars!,Outstanding product. Five stars without any hesitation. This product is absolutely amazing! Best purchase I have ever made.
3965,B0015908,A737005,User_3964,48,59,5,1364626800,Wonderful!,Really good product. I order this every month for my family. Excellent product! The quality is outstanding and it tastes wonderful.
3966,B0077043,A161648,User_3965,36,56,5,1450857421,Great product!,Perfectly packaged and freshly delivered. Very happy with this order. Superb quality and flavor. This is now a staple in my household.
3967,B0084796,A595000,User_3966,45,62,1,1124537158,Disgusting,Nothing as advertised. Feels like a scam. Very unhappy. Terrible product. Arrived broken and smelled awful. Never again.
3968,B0094531,A258065,User_3967,18,39,5,1258681211,Wonderful!,Perfect in every way. My family loves it and we keep buying more. Top notch quality. I am very satisfied with my purchase.
3969,B0087554,A281216,User_3968,20,29,5,1344863598,Good!,This is the best food product I have tried in years. So delicious! The taste is divine and it keeps me energized throughout the day.
3970,B0098220,A128855,User_3969,21,28,2,1210982012,Awful,Very bad experience. Product did not match the description at all. Product was stale and expired. Very unhappy with this purchase.
3971,B0061109,A688015,User_3970,7,29,4,1190471108,Perfect!,Fantastic taste and great value for money. Highly recommend! Incredible product at a very reasonable price. Highly recommended!
3972,B0046755,A787036,User_3971,13,22,5,1137917136,Perfect!,Absolutely delicious and healthy. I cannot imagine my life without it. Superb quality and flavor. This is now a staple in my household.
3973,B0061548,A758773,User_3972,10,37,3,1113004188,So so,Average taste. Expected better but it is passable. Okay product. Will consider alternatives next time.
3974,B0089725,A600788,User_3973,39,54,4,1320041732,Wonderful!,Superb quality and flavor. This is now a staple in my household. Perfect in every way. My family loves it and we keep buying more.
3975,B0093857,A189539,User_3974,26,29,4,1313549791,Loved it!,Great purchase. The product tastes exactly as described. Absolutely delicious and healthy. I cannot imagine my life without it.
3976,B0031679,A264230,User_3975,27,27,1,1317758327,Don't buy,Horrible product. Returned it immediately. Do not buy this. Poor quality packaging. Items were damaged when received.
3977,B0044762,A889760,User_3976,25,25,5,1142816883,Excellent!,"Wonderful taste, great packaging, and arrived on time. Love it! Top notch quality. I am very satisfied with my purchase."
3978,B0039136,A227127,User_3977,23,23,5,1082871308,Perfect!,Superb quality and flavor. This is now a staple in my household. I love this product so much. It exceeded all my expectations.
3979,B0049081,A647825,User_3978,14,35,4,1452569689,Wonderful!,Very happy with this purchase. Arrived quickly and well packaged. This product is absolutely amazing! Best purchase I have ever made.
3980,B0040434,A712728,User_3979,20,33,1,1392636390,Very bad,Very disappointed. The taste was nothing like described. Nothing as advertised. Feels like a scam. Very unhappy.
3981,B0056966,A986329,User_3980,8,13,4,1301797845,5 stars!,Best snack I have ever had. My kids absolutely love it too. Top notch quality. I am very satisfied with my purchase.
3982,B0042916,A889142,User_3981,20,29,5,1406687786,Fantastic!,I love this product so much. It exceeded all my expectations. Very happy with this purchase. Arrived quickly and well packaged.
3983,B0079257,A392842,User_3982,46,69,5,1191320609,Amazing!,This is the best food product I have tried in years. So delicious! Great quality and fast shipping. Will definitely buy again.
3984,B0063175,A464033,User_3983,3,13,5,1395876436,Fantastic!,Fantastic taste and great value for money. Highly recommend! Really good product. I order this every month for my family.
3985,B0087970,A288730,User_3984,48,68,2,1281613012,Very bad,Very disappointed. The taste was nothing like described. Very bad experience. Product did not match the description at all.
3986,B0053250,A357227,User_3985,47,76,3,1010285213,So so,Middling product. Not excited to reorder but might anyway. Meets basic expectations. Nothing stands out about it.
3987,B0033174,A725170,User_3986,21,33,5,1102583854,Excellent!,Absolutely delicious and healthy. I cannot imagine my life without it. The taste is divine and it keeps me energized throughout the day.
3988,B0024692,A774423,User_3987,45,64,3,1120669537,Normal,"Meets basic expectations. Nothing stands out about it. It does what it says. Nothing more, nothing less."
3989,B0034466,A833663,User_3988,0,11,5,1014119957,Perfect!,Incredible product at a very reasonable price. Highly recommended! Top notch quality. I am very satisfied with my purchase.
3990,B0023385,A439056,User_3989,47,69,1,1280642213,Disappointed,Terrible product. Arrived broken and smelled awful. Never again. Not worth a single penny. Quality is shockingly bad.
3991,B0099919,A697934,User_3990,0,25,5,1220593222,Loved it!,Loved the flavor and texture. Will be ordering more very soon. I love this product so much. It exceeded all my expectations.
3992,B0056618,A533614,User_3991,38,49,5,1343901091,Good!,The taste is divine and it keeps me energized throughout the day. Excellent product! The quality is outstanding and it tastes wonderful.
3993,B0060970,A909947,User_3992,44,66,5,1136719632,Highly recommend,Outstanding product. Five stars without any hesitation. Very happy with this purchase. Arrived quickly and well packaged.
3994,B0014219,A139638,User_3993,36,63,5,1440841372,Loved it!,Loved the flavor and texture. Will be ordering more very soon. Very happy with this purchase. Arrived quickly and well packaged.
3995,B0040819,A237788,User_3994,8,18,5,1051555083,Perfect!,This is the best food product I have tried in years. So delicious! Great quality and fast shipping. Will definitely buy again.
3996,B0076113,A345972,User_3995,39,66,5,1154340843,Excellent!,Excellent product! The quality is outstanding and it tastes wonderful. Absolutely delicious and healthy. I cannot imagine my life without it.
3997,B0069227,A319891,User_3996,30,59,5,1298835832,Wonderful!,Excellent product! The quality is outstanding and it tastes wonderful. This is the best food product I have tried in years. So delicious!
3998,B0018322,A179048,User_3997,2,6,5,1220903425,Highly recommend,Excellent product! The quality is outstanding and it tastes wonderful. Outstanding product. Five stars without any hesitation.
3999,B0010669,A952345,User_3998,44,44,4,1351844078,Amazing!,Excellent product! The quality is outstanding and it tastes wonderful. This product is absolutely amazing! Best purchase I have ever made.
4000,B0078303,A443778,User_3999,33,41,5,1131958568,Highly recommend,Perfectly packaged and freshly delivered. Very happy with this order. Very happy with this purchase. Arrived quickly and well packaged.
4001,B0081552,A950071,User_4000,38,56,5,1445328150,Great product!,"Very happy with this purchase. Arrived quickly and well packaged. Wonderful taste, great packaging, and arrived on time. Love it!"
4002,B0015899,A750831,User_4001,20,47,5,1068741842,5 stars!,Perfectly packaged and freshly delivered. Very happy with this order. This product is absolutely amazing! Best purchase I have ever made.
4003,B0037469,A917643,User_4002,3,32,5,1317174258,Excellent!,This is the best food product I have tried in years. So delicious! Really good product. I order this every month for my family.
4004,B0053269,A754140,User_4003,35,65,3,1348348434,Fine,Okay product. Will consider alternatives next time. Neither impressive nor disappointing. Just a regular purchase.
4005,B0050677,A641164,User_4004,15,21,5,1025129775,Amazing!,This product is absolutely amazing! Best purchase I have ever made. This product is absolutely amazing! Best purchase I have ever made.
4006,B0064998,A856632,User_4005,8,23,1,1276672310,Not recommended,Poor quality packaging. Items were damaged when received. Not worth a single penny. Quality is shockingly bad.
4007,B0091513,A587125,User_4006,26,54,5,1171435427,Great product!,Top notch quality. I am very satisfied with my purchase. Very happy with this purchase. Arrived quickly and well packaged.
4008,B0048107,A467819,User_4007,19,42,1,1436013404,Waste of money,I regret buying this. The smell is awful and taste is worse. Terrible product. Arrived broken and smelled awful. Never again.
4009,B0060038,A220573,User_4008,23,24,5,1010927346,Perfect!,Top notch quality. I am very satisfied with my purchase. This product is absolutely amazing! Best purchase I have ever made.
4010,B0065989,A582600,User_4009,39,55,5,1178616912,Highly recommend,Great quality and fast shipping. Will definitely buy again. Really good product. I order this every month for my family.
4011,B0010090,A478303,User_4010,46,72,1,1030723043,Very bad,Poor quality packaging. Items were damaged when received. Tasted terrible. Threw it straight in the bin. Complete waste.
4012,B0049276,A567119,User_4011,31,39,4,1404773214,Highly recommend,"Loved the flavor and texture. Will be ordering more very soon. Wonderful taste, great packaging, and arrived on time. Love it!"
4013,B0086992,A927913,User_4012,10,23,5,1445535034,Perfect!,Great purchase. The product tastes exactly as described. Loved the flavor and texture. Will be ordering more very soon.
4014,B0017680,A751223,User_4013,10,10,4,1146233966,Excellent!,Perfect in every way. My family loves it and we keep buying more. Superb quality and flavor. This is now a staple in my household.
4015,B0037779,A130991,User_4014,32,53,1,1360278277,Disappointed,Worst purchase I have ever made. Do not waste your money. I regret buying this. The smell is awful and taste is worse.
4016,B0072513,A307304,User_4015,18,36,3,1274425622,Average,Neither impressive nor disappointing. Just a regular purchase. Average taste. Expected better but it is passable.
4017,B0062738,A275479,User_4016,13,16,5,1458992910,Fantastic!,Really good product. I order this every month for my family. Perfectly packaged and freshly delivered. Very happy with this order.
4018,B0044020,A306162,User_4017,34,56,5,1266061147,Fantastic!,Very happy with this purchase. Arrived quickly and well packaged. The taste is divine and it keeps me energized throughout the day.
4019,B0067841,A114429,User_4018,45,61,5,1354759421,Fantastic!,Perfectly packaged and freshly delivered. Very happy with this order. I love this product so much. It exceeded all my expectations.
4020,B0046202,A958837,User_4019,0,27,5,1056805042,5 stars!,The taste is divine and it keeps me energized throughout the day. Perfectly packaged and freshly delivered. Very happy with this order.
4021,B0070234,A677553,User_4020,18,24,5,1179626221,Excellent!,Very happy with this purchase. Arrived quickly and well packaged. Perfect in every way. My family loves it and we keep buying more.
4022,B0066401,A651314,User_4021,6,10,5,1313828620,Excellent!,Outstanding product. Five stars without any hesitation. The taste is divine and it keeps me energized throughout the day.
4023,B0086393,A664583,User_4022,21,40,4,1014888381,Great product!,Incredible product at a very reasonable price. Highly recommended! The taste is divine and it keeps me energized throughout the day.
4024,B0026059,A159440,User_4023,0,22,5,1448967823,Good!,Really good product. I order this every month for my family. Outstanding product. Five stars without any hesitation.
4025,B0096123,A932952,User_4024,12,38,5,1169089150,Highly recommend,Top notch quality. I am very satisfied with my purchase. Great purchase. The product tastes exactly as described.
4026,B0020737,A555028,User_4025,11,37,5,1063306982,Amazing!,"Best snack I have ever had. My kids absolutely love it too. Wonderful taste, great packaging, and arrived on time. Love it!"
4027,B0065840,A103172,User_4026,47,63,3,1299087436,Not bad,Decent enough for the price. Not amazing but not terrible either. Okay product. Will consider alternatives next time.
4028,B0020625,A734397,User_4027,33,37,2,1067247014,Don't buy,Very disappointed. The taste was nothing like described. Horrible product. Returned it immediately. Do not buy this.
4029,B0034413,A396756,User_4028,41,58,3,1489253322,Alright,"Decent enough for the price. Not amazing but not terrible either. It does what it says. Nothing more, nothing less."
4030,B0033254,A170294,User_4029,24,40,5,1113496482,Great product!,Great quality and fast shipping. Will definitely buy again. Really good product. I order this every month for my family.
4031,B0025177,A587437,User_4030,41,52,5,1250517094,Fantastic!,I love this product so much. It exceeded all my expectations. Very happy with this purchase. Arrived quickly and well packaged.
4032,B0054306,A452552,User_4031,1,25,5,1262114668,Excellent!,Top notch quality. I am very satisfied with my purchase. The taste is divine and it keeps me energized throughout the day.
4033,B0015803,A112359,User_4032,39,47,2,1091480361,Poor quality,Extremely bitter and unpleasant. Could not eat it at all. Nothing as advertised. Feels like a scam. Very unhappy.
4034,B0041161,A277523,User_4033,39,66,5,1056249396,Good!,Absolutely delicious and healthy. I cannot imagine my life without it. Very happy with this purchase. Arrived quickly and well packaged.
4035,B0085307,A933927,User_4034,3,29,3,1031865370,Average,"Decent enough for the price. Not amazing but not terrible either. It does what it says. Nothing more, nothing less."
4036,B0099204,A869911,User_4035,24,36,5,1329793896,Great product!,The taste is divine and it keeps me energized throughout the day. Perfect in every way. My family loves it and we keep buying more.
4037,B0063092,A393261,User_4036,20,43,5,1027909652,5 stars!,Fantastic taste and great value for money. Highly recommend! Great purchase. The product tastes exactly as described.
4038,B0051026,A227678,User_4037,31,52,5,1259471058,5 stars!,Best snack I have ever had. My kids absolutely love it too. Great purchase. The product tastes exactly as described.
4039,B0056025,A331772,User_4038,31,42,3,1135900677,Normal,Neither impressive nor disappointing. Just a regular purchase. Okay product. Will consider alternatives next time.
4040,B0082253,A125185,User_4039,17,17,5,1155123640,Excellent!,Excellent product! The quality is outstanding and it tastes wonderful. This is the best food product I have tried in years. So delicious!
4041,B0063578,A149366,User_4040,33,58,5,1138059357,5 stars!,Absolutely delicious and healthy. I cannot imagine my life without it. Best snack I have ever had. My kids absolutely love it too.
4042,B0075891,A565255,User_4041,43,44,1,1252608655,Awful,Not worth a single penny. Quality is shockingly bad. Extremely bitter and unpleasant. Could not eat it at all.
4043,B0019192,A638167,User_4042,20,23,5,1307298395,Amazing!,Great purchase. The product tastes exactly as described. Absolutely delicious and healthy. I cannot imagine my life without it.
4044,B0093686,A755646,User_4043,49,65,5,1370909335,Great product!,"This is the best food product I have tried in years. So delicious! Wonderful taste, great packaging, and arrived on time. Love it!"
4045,B0083797,A672794,User_4044,12,18,4,1124288028,Highly recommend,"Loved the flavor and texture. Will be ordering more very soon. Wonderful taste, great packaging, and arrived on time. Love it!"
4046,B0093732,A543754,User_4045,49,56,4,1304942724,Perfect!,Incredible product at a very reasonable price. Highly recommended! Great purchase. The product tastes exactly as described.
4047,B0015821,A617603,User_4046,28,28,1,1057564130,Very bad,Horrible product. Returned it immediately. Do not buy this. Packaging was horrible and the product leaked everywhere.
4048,B0015558,A781182,User_4047,19,44,3,1371415358,Passable,"Neither impressive nor disappointing. Just a regular purchase. It does what it says. Nothing more, nothing less."
4049,B0049675,A466528,User_4048,11,12,3,1038505675,Okay,"Decent enough for the price. Not amazing but not terrible either. It does what it says. Nothing more, nothing less."
4050,B0026072,A640723,User_4049,39,62,1,1253223502,Don't buy,The flavor is disgusting and the texture is completely off. I regret buying this. The smell is awful and taste is worse.
4051,B0051137,A834703,User_4050,13,21,5,1067041315,Great product!,This product is absolutely amazing! Best purchase I have ever made. Perfectly packaged and freshly delivered. Very happy with this order.
4052,B0078306,A919325,User_4051,38,53,1,1260073747,Very bad,Terrible product. Arrived broken and smelled awful. Never again. Very bad experience. Product did not match the description at all.
4053,B0088928,A608133,User_4052,21,25,5,1134982442,Amazing!,The taste is divine and it keeps me energized throughout the day. Loved the flavor and texture. Will be ordering more very soon.
4054,B0039046,A440306,User_4053,39,47,5,1458546832,Excellent!,Fantastic taste and great value for money. Highly recommend! Very happy with this purchase. Arrived quickly and well packaged.
4055,B0038161,A457223,User_4054,13,24,4,1383463555,Wonderful!,"Wonderful taste, great packaging, and arrived on time. Love it! Really good product. I order this every month for my family."
4056,B0038400,A815938,User_4055,19,35,2,1005307377,Poor quality,Nothing as advertised. Feels like a scam. Very unhappy. Not worth a single penny. Quality is shockingly bad.
4057,B0058864,A667499,User_4056,40,60,3,1015871346,Not bad,It is okay. Nothing special but does the job. Middling product. Not excited to reorder but might anyway.
4058,B0027173,A454507,User_4057,37,63,3,1107593922,Normal,Middling product. Not excited to reorder but might anyway. Average taste. Expected better but it is passable.
4059,B0081278,A105123,User_4058,0,5,5,1381191893,Excellent!,Incredible product at a very reasonable price. Highly recommended! Great quality and fast shipping. Will definitely buy again.
4060,B0064523,A716249,User_4059,14,16,1,1137546380,Terrible,Product was stale and expired. Very unhappy with this purchase. Product was stale and expired. Very unhappy with this purchase.
4061,B0096705,A455236,User_4060,33,41,5,1191418526,5 stars!,Best snack I have ever had. My kids absolutely love it too. Perfectly packaged and freshly delivered. Very happy with this order.
4062,B0062572,A702973,User_4061,9,10,5,1211787309,Amazing!,This product is absolutely amazing! Best purchase I have ever made. Top notch quality. I am very satisfied with my purchase.
4063,B0010166,A889637,User_4062,18,35,5,1283399821,Wonderful!,The taste is divine and it keeps me energized throughout the day. Top notch quality. I am very satisfied with my purchase.
4064,B0023161,A201676,User_4063,42,51,5,1364858096,Great product!,Superb quality and flavor. This is now a staple in my household. Perfectly packaged and freshly delivered. Very happy with this order.
4065,B0039284,A418411,User_4064,0,16,5,1477634982,Loved it!,Great purchase. The product tastes exactly as described. This is the best food product I have tried in years. So delicious!
4066,B0077583,A451543,User_4065,25,47,5,1270649987,Perfect!,Perfect in every way. My family loves it and we keep buying more. Perfectly packaged and freshly delivered. Very happy with this order.
4067,B0051129,A145187,User_4066,15,35,5,1369262962,Highly recommend,This is the best food product I have tried in years. So delicious! Fantastic taste and great value for money. Highly recommend!
4068,B0051373,A411087,User_4067,47,67,1,1148735305,Terrible,Poor quality packaging. Items were damaged when received. Disappointed and frustrated. This product ruined my meal.
4069,B0010042,A748662,User_4068,29,42,5,1491428382,Highly recommend,Incredible product at a very reasonable price. Highly recommended! Absolutely delicious and healthy. I cannot imagine my life without it.
4070,B0013396,A969107,User_4069,6,33,2,1284518644,Disappointed,Product was stale and expired. Very unhappy with this purchase. Disappointed and frustrated. This product ruined my meal.
4071,B0031934,A559001,User_4070,11,37,3,1212669601,So so,"It does what it says. Nothing more, nothing less. It is okay. Nothing special but does the job."
4072,B0086824,A284523,User_4071,48,50,4,1176927904,Perfect!,I love this product so much. It exceeded all my expectations. Superb quality and flavor. This is now a staple in my household.
4073,B0054398,A360159,User_4072,24,50,5,1361962902,Highly recommend,Best snack I have ever had. My kids absolutely love it too. Perfect in every way. My family loves it and we keep buying more.
4074,B0073166,A509811,User_4073,39,56,5,1261329085,Excellent!,Really good product. I order this every month for my family. The taste is divine and it keeps me energized throughout the day.
4075,B0035299,A532329,User_4074,8,22,5,1404968210,Loved it!,This product is absolutely amazing! Best purchase I have ever made. Great purchase. The product tastes exactly as described.
4076,B0077981,A752240,User_4075,28,47,1,1111726814,Very bad,Worst purchase I have ever made. Do not waste your money. Tasted terrible. Threw it straight in the bin. Complete waste.
4077,B0011515,A405416,User_4076,14,29,5,1257087525,Highly recommend,The taste is divine and it keeps me energized throughout the day. This product is absolutely amazing! Best purchase I have ever made.
4078,B0023884,A810048,User_4077,20,46,1,1157717319,Waste of money,Very bad experience. Product did not match the description at all. Terrible product. Arrived broken and smelled awful. Never again.
4079,B0014085,A512453,User_4078,17,42,4,1419152851,Perfect!,Incredible product at a very reasonable price. Highly recommended! Top notch quality. I am very satisfied with my purchase.
4080,B0018988,A234150,User_4079,4,24,5,1149323400,Amazing!,Top notch quality. I am very satisfied with my purchase. The taste is divine and it keeps me energized throughout the day.
4081,B0034164,A566944,User_4080,12,30,1,1321518843,Horrible,Nothing as advertised. Feels like a scam. Very unhappy. Packaging was horrible and the product leaked everywhere.
4082,B0048574,A286627,User_4081,47,53,4,1203130789,Wonderful!,Incredible product at a very reasonable price. Highly recommended! Incredible product at a very reasonable price. Highly recommended!
4083,B0056375,A626075,User_4082,31,50,4,1217358262,5 stars!,I love this product so much. It exceeded all my expectations. Superb quality and flavor. This is now a staple in my household.
4084,B0071039,A550099,User_4083,38,62,5,1202420259,Perfect!,"The taste is divine and it keeps me energized throughout the day. Wonderful taste, great packaging, and arrived on time. Love it!"
4085,B0022409,A455589,User_4084,13,29,1,1002637150,Don't buy,Nothing as advertised. Feels like a scam. Very unhappy. Poor quality packaging. Items were damaged when received.
4086,B0081038,A209454,User_4085,33,33,5,1237556430,Loved it!,Best snack I have ever had. My kids absolutely love it too. Top notch quality. I am very satisfied with my purchase.
4087,B0022142,A666416,User_4086,9,16,3,1072531539,Average,It is okay. Nothing special but does the job. It is fine. I have had better but also much worse.
4088,B0059123,A230904,User_4087,1,21,4,1117640191,Fantastic!,Fantastic taste and great value for money. Highly recommend! Excellent product! The quality is outstanding and it tastes wonderful.
4089,B0083260,A402024,User_4088,6,10,2,1211397246,Don't buy,I regret buying this. The smell is awful and taste is worse. Very disappointed. The taste was nothing like described.
4090,B0017182,A904438,User_4089,32,56,3,1203176410,Average,Meets basic expectations. Nothing stands out about it. Meets basic expectations. Nothing stands out about it.
4091,B0060432,A823306,User_4090,24,46,4,1391707040,Excellent!,This product is absolutely amazing! Best purchase I have ever made. Loved the flavor and texture. Will be ordering more very soon.
4092,B0095730,A240858,User_4091,29,47,1,1031165876,Terrible,Very bad experience. Product did not match the description at all. Terrible product. Arrived broken and smelled awful. Never again.
4093,B0021877,A141272,User_4092,35,54,5,1412041535,Excellent!,Loved the flavor and texture. Will be ordering more very soon. Perfect in every way. My family loves it and we keep buying more.
4094,B0088346,A423448,User_4093,38,66,3,1156865341,Acceptable,"It does what it says. Nothing more, nothing less. Average taste. Expected better but it is passable."
4095,B0048692,A931761,User_4094,26,41,5,1456985232,Good!,Great quality and fast shipping. Will definitely buy again. Outstanding product. Five stars without any hesitation.
4096,B0089637,A336941,User_4095,50,73,5,1473330113,Perfect!,Best snack I have ever had. My kids absolutely love it too. Perfectly packaged and freshly delivered. Very happy with this order.
4097,B0084475,A782938,User_4096,0,25,3,1426773731,Not bad,"It does what it says. Nothing more, nothing less. Okay product. Will consider alternatives next time."
4098,B0085811,A680326,User_4097,6,16,5,1252309704,Loved it!,Outstanding product. Five stars without any hesitation. Fantastic taste and great value for money. Highly recommend!
4099,B0025195,A383524,User_4098,22,26,5,1141366985,Good!,Great quality and fast shipping. Will definitely buy again. Really good product. I order this every month for my family.
4100,B0034863,A902614,User_4099,17,39,5,1055585956,Perfect!,Best snack I have ever had. My kids absolutely love it too. Loved the flavor and texture. Will be ordering more very soon.
4101,B0062582,A794293,User_4100,32,49,1,1079446034,Horrible,Product was stale and expired. Very unhappy with this purchase. Terrible product. Arrived broken and smelled awful. Never again.
4102,B0091981,A439689,User_4101,30,60,4,1003586318,Amazing!,"I love this product so much. It exceeded all my expectations. Wonderful taste, great packaging, and arrived on time. Love it!"
4103,B0058978,A148218,User_4102,3,9,5,1299750544,5 stars!,Fantastic taste and great value for money. Highly recommend! Perfect in every way. My family loves it and we keep buying more.
4104,B0014742,A815106,User_4103,49,66,5,1056706341,Excellent!,Top notch quality. I am very satisfied with my purchase. Fantastic taste and great value for money. Highly recommend!
4105,B0056693,A822232,User_4104,39,53,5,1291645039,Wonderful!,Great quality and fast shipping. Will definitely buy again. The taste is divine and it keeps me energized throughout the day.
4106,B0054045,A371843,User_4105,22,35,5,1000844021,Amazing!,Perfect in every way. My family loves it and we keep buying more. Outstanding product. Five stars without any hesitation.
4107,B0025835,A520862,User_4106,18,18,5,1103594936,Fantastic!,This is the best food product I have tried in years. So delicious! Great purchase. The product tastes exactly as described.
4108,B0085443,A253340,User_4107,1,3,3,1234267070,Acceptable,"It does what it says. Nothing more, nothing less. Neither impressive nor disappointing. Just a regular purchase."
4109,B0022437,A211196,User_4108,13,37,5,1277432343,Wonderful!,Perfect in every way. My family loves it and we keep buying more. Perfectly packaged and freshly delivered. Very happy with this order.
4110,B0098059,A610650,User_4109,31,42,5,1319015171,Fantastic!,Very happy with this purchase. Arrived quickly and well packaged. Fantastic taste and great value for money. Highly recommend!
4111,B0087740,A504819,User_4110,14,17,5,1113121886,Wonderful!,Excellent product! The quality is outstanding and it tastes wonderful. Perfectly packaged and freshly delivered. Very happy with this order.
4112,B0039178,A373458,User_4111,36,62,4,1269010274,Highly recommend,Incredible product at a very reasonable price. Highly recommended! Very happy with this purchase. Arrived quickly and well packaged.
4113,B0085548,A794575,User_4112,14,21,5,1343279422,Highly recommend,Incredible product at a very reasonable price. Highly recommended! Superb quality and flavor. This is now a staple in my household.
4114,B0063973,A302772,User_4113,35,46,5,1082597843,Great product!,I love this product so much. It exceeded all my expectations. Absolutely delicious and healthy. I cannot imagine my life without it.
4115,B0079763,A410267,User_4114,27,52,5,1190906020,Fantastic!,This is the best food product I have tried in years. So delicious! Incredible product at a very reasonable price. Highly recommended!
4116,B0067412,A734151,User_4115,50,62,5,1451075708,Amazing!,Top notch quality. I am very satisfied with my purchase. Very happy with this purchase. Arrived quickly and well packaged.
4117,B0020680,A310963,User_4116,46,49,1,1460413976,Not recommended,I regret buying this. The smell is awful and taste is worse. Product was stale and expired. Very unhappy with this purchase.
4118,B0075754,A701876,User_4117,40,55,5,1071274305,Great product!,The taste is divine and it keeps me energized throughout the day. Superb quality and flavor. This is now a staple in my household.
4119,B0066767,A400454,User_4118,28,28,5,1424405605,Great product!,Perfectly packaged and freshly delivered. Very happy with this order. Fantastic taste and great value for money. Highly recommend!
4120,B0096542,A211798,User_4119,42,45,4,1286409036,Perfect!,Excellent product! The quality is outstanding and it tastes wonderful. Excellent product! The quality is outstanding and it tastes wonderful.
4121,B0074547,A546425,User_4120,14,39,5,1364202883,Great product!,Incredible product at a very reasonable price. Highly recommended! I love this product so much. It exceeded all my expectations.
4122,B0020066,A922200,User_4121,24,46,2,1314407863,Poor quality,Horrible product. Returned it immediately. Do not buy this. Product was stale and expired. Very unhappy with this purchase.
4123,B0073311,A849587,User_4122,28,37,3,1335624790,Not bad,Middling product. Not excited to reorder but might anyway. Average taste. Expected better but it is passable.
4124,B0011020,A888693,User_4123,25,34,5,1151418665,Perfect!,Perfect in every way. My family loves it and we keep buying more. The taste is divine and it keeps me energized throughout the day.
4125,B0080289,A496004,User_4124,27,57,1,1002548600,Not recommended,Worst purchase I have ever made. Do not waste your money. Worst purchase I have ever made. Do not waste your money.
4126,B0011503,A570949,User_4125,7,24,3,1164355587,Decent,Okay product. Will consider alternatives next time. It is okay. Nothing special but does the job.
4127,B0094149,A368865,User_4126,7,26,3,1115934603,Not bad,Neither impressive nor disappointing. Just a regular purchase. Neither impressive nor disappointing. Just a regular purchase.
4128,B0050788,A135140,User_4127,0,4,1,1311849038,Very bad,Nothing as advertised. Feels like a scam. Very unhappy. Nothing as advertised. Feels like a scam. Very unhappy.
4129,B0089995,A563071,User_4128,2,6,3,1132642894,Decent,"Neither impressive nor disappointing. Just a regular purchase. It does what it says. Nothing more, nothing less."
4130,B0029346,A682916,User_4129,17,36,1,1415385013,Disappointed,Horrible product. Returned it immediately. Do not buy this. Poor quality packaging. Items were damaged when received.
4131,B0088308,A811757,User_4130,27,44,5,1195966276,Wonderful!,Great quality and fast shipping. Will definitely buy again. I love this product so much. It exceeded all my expectations.
4132,B0036739,A686934,User_4131,47,47,5,1062796021,Fantastic!,Great purchase. The product tastes exactly as described. Loved the flavor and texture. Will be ordering more very soon.
4133,B0031356,A804659,User_4132,9,29,4,1215904680,5 stars!,Top notch quality. I am very satisfied with my purchase. Perfectly packaged and freshly delivered. Very happy with this order.
4134,B0083203,A828735,User_4133,1,20,5,1009778862,Amazing!,Absolutely delicious and healthy. I cannot imagine my life without it. Fantastic taste and great value for money. Highly recommend!
4135,B0057925,A539841,User_4134,19,46,4,1073407630,Wonderful!,Outstanding product. Five stars without any hesitation. Superb quality and flavor. This is now a staple in my household.
4136,B0012263,A691019,User_4135,24,50,5,1212559940,Highly recommend,Superb quality and flavor. This is now a staple in my household. Great purchase. The product tastes exactly as described.
4137,B0074277,A635552,User_4136,48,52,5,1326256675,Wonderful!,Incredible product at a very reasonable price. Highly recommended! Absolutely delicious and healthy. I cannot imagine my life without it.
4138,B0023292,A871516,User_4137,39,59,5,1415621343,Excellent!,I love this product so much. It exceeded all my expectations. The taste is divine and it keeps me energized throughout the day.
4139,B0088664,A974462,User_4138,43,57,5,1380400743,Wonderful!,The taste is divine and it keeps me energized throughout the day. Excellent product! The quality is outstanding and it tastes wonderful.
4140,B0065386,A830305,User_4139,2,2,5,1176420704,Fantastic!,This is the best food product I have tried in years. So delicious! I love this product so much. It exceeded all my expectations.
4141,B0020974,A976535,User_4140,47,72,4,1259389817,Highly recommend,Incredible product at a very reasonable price. Highly recommended! Really good product. I order this every month for my family.
4142,B0030145,A477384,User_4141,43,51,5,1236844309,Amazing!,I love this product so much. It exceeded all my expectations. Very happy with this purchase. Arrived quickly and well packaged.
4668,B0071263,A846636,User_4667,41,62,2,1035833687,Horrible,The flavor is disgusting and the texture is completely off. Worst purchase I have ever made. Do not waste your money.
4144,B0038836,A429950,User_4143,48,55,5,1071080977,Wonderful!,The taste is divine and it keeps me energized throughout the day. This product is absolutely amazing! Best purchase I have ever made.
4145,B0037202,A568208,User_4144,24,47,3,1370409193,Acceptable,Average product. Neither good nor bad. Just acceptable. Average taste. Expected better but it is passable.
4146,B0028415,A383884,User_4145,18,36,2,1492864231,Poor quality,Very disappointed. The taste was nothing like described. The flavor is disgusting and the texture is completely off.
4147,B0019728,A750740,User_4146,16,38,1,1231154506,Very bad,Poor quality packaging. Items were damaged when received. The flavor is disgusting and the texture is completely off.
4148,B0035521,A179037,User_4147,37,63,2,1224807012,Poor quality,Packaging was horrible and the product leaked everywhere. Extremely bitter and unpleasant. Could not eat it at all.
4149,B0046627,A887940,User_4148,0,18,4,1300990613,Amazing!,I love this product so much. It exceeded all my expectations. Perfect in every way. My family loves it and we keep buying more.
4150,B0085561,A190222,User_4149,27,30,5,1155514907,Excellent!,Outstanding product. Five stars without any hesitation. Top notch quality. I am very satisfied with my purchase.
4151,B0056270,A157253,User_4150,3,4,5,1300067649,Perfect!,Great quality and fast shipping. Will definitely buy again. Best snack I have ever had. My kids absolutely love it too.
4152,B0031390,A514493,User_4151,19,25,5,1027552074,Great product!,Incredible product at a very reasonable price. Highly recommended! Loved the flavor and texture. Will be ordering more very soon.
4153,B0027664,A776991,User_4152,14,27,4,1116516249,Amazing!,Really good product. I order this every month for my family. I love this product so much. It exceeded all my expectations.
4154,B0015516,A950443,User_4153,31,56,4,1357791921,Good!,Great purchase. The product tastes exactly as described. Excellent product! The quality is outstanding and it tastes wonderful.
4155,B0083732,A557970,User_4154,39,60,4,1397587942,Good!,Incredible product at a very reasonable price. Highly recommended! Top notch quality. I am very satisfied with my purchase.
4156,B0044758,A579964,User_4155,8,18,5,1052960781,Amazing!,Best snack I have ever had. My kids absolutely love it too. Really good product. I order this every month for my family.
4157,B0015419,A772248,User_4156,41,67,1,1229433774,Don't buy,Horrible product. Returned it immediately. Do not buy this. Terrible product. Arrived broken and smelled awful. Never again.
4158,B0097257,A258582,User_4157,46,48,5,1105386995,Loved it!,Great purchase. The product tastes exactly as described. The taste is divine and it keeps me energized throughout the day.
4159,B0016836,A549620,User_4158,25,26,5,1214953900,Good!,This is the best food product I have tried in years. So delicious! Excellent product! The quality is outstanding and it tastes wonderful.
4160,B0037944,A403769,User_4159,27,54,5,1252265100,Perfect!,Very happy with this purchase. Arrived quickly and well packaged. Great quality and fast shipping. Will definitely buy again.
4161,B0072652,A196099,User_4160,10,19,5,1280912204,Highly recommend,
4162,B0098633,A628486,User_4161,25,38,1,1037311203,Terrible,Very disappointed. The taste was nothing like described. Product was stale and expired. Very unhappy with this purchase.
4163,B0019573,A569341,User_4162,20,43,4,1246924786,Amazing!,Fantastic taste and great value for money. Highly recommend! Really good product. I order this every month for my family.
4164,B0071759,A755165,User_4163,27,55,4,1169167440,Excellent!,Perfect in every way. My family loves it and we keep buying more. This product is absolutely amazing! Best purchase I have ever made.
4165,B0075015,A347621,User_4164,8,16,5,1080245918,Highly recommend,Best snack I have ever had. My kids absolutely love it too. Perfect in every way. My family loves it and we keep buying more.
4166,B0057607,A784844,User_4165,42,47,5,1140458762,Highly recommend,Really good product. I order this every month for my family. Outstanding product. Five stars without any hesitation.
4167,B0078439,A707192,User_4166,42,65,4,1447872434,Great product!,Absolutely delicious and healthy. I cannot imagine my life without it. Perfect in every way. My family loves it and we keep buying more.
4168,B0082832,A571876,User_4167,16,33,4,1347637529,Loved it!,Great quality and fast shipping. Will definitely buy again. I love this product so much. It exceeded all my expectations.
4169,B0055712,A664107,User_4168,14,34,4,1297144914,Loved it!,Outstanding product. Five stars without any hesitation. The taste is divine and it keeps me energized throughout the day.
4170,B0060509,A740837,User_4169,50,56,5,1036000357,Great product!,Excellent product! The quality is outstanding and it tastes wonderful. Best snack I have ever had. My kids absolutely love it too.
4171,B0030250,A432431,User_4170,43,52,5,1133408938,Excellent!,Perfectly packaged and freshly delivered. Very happy with this order. This is the best food product I have tried in years. So delicious!
2646,B0068079,A277481,User_2645,4,20,1,1029267307,Waste of money,Poor quality packaging. Items were damaged when received. Product was stale and expired. Very unhappy with this purchase.
4173,B0043408,A576592,User_4172,50,50,1,1131052678,Waste of money,Product was stale and expired. Very unhappy with this purchase. Very bad experience. Product did not match the description at all.
4174,B0080897,A595671,User_4173,12,20,5,1261716366,Excellent!,The taste is divine and it keeps me energized throughout the day. Best snack I have ever had. My kids absolutely love it too.
4175,B0010905,A154929,User_4174,27,51,5,1206949608,Loved it!,Great quality and fast shipping. Will definitely buy again. The taste is divine and it keeps me energized throughout the day.
4176,B0060942,A176000,User_4175,35,55,5,1475885624,Fantastic!,Loved the flavor and texture. Will be ordering more very soon. Outstanding product. Five stars without any hesitation.
4177,B0062353,A267885,User_4176,22,34,5,1143683794,Loved it!,Excellent product! The quality is outstanding and it tastes wonderful. Perfectly packaged and freshly delivered. Very happy with this order.
4178,B0023922,A392279,User_4177,24,54,2,1084144869,Not recommended,Very disappointed. The taste was nothing like described. The flavor is disgusting and the texture is completely off.
4179,B0018951,A702921,User_4178,31,55,4,1327391476,Amazing!,Really good product. I order this every month for my family. The taste is divine and it keeps me energized throughout the day.
4180,B0033765,A323096,User_4179,3,22,3,1445583581,Alright,Decent enough for the price. Not amazing but not terrible either. Okay product. Will consider alternatives next time.
4181,B0064331,A984484,User_4180,30,55,3,1472010125,Acceptable,Neither impressive nor disappointing. Just a regular purchase. Average taste. Expected better but it is passable.
4182,B0027210,A214834,User_4181,44,55,3,1276565200,Passable,"It does what it says. Nothing more, nothing less. It does what it says. Nothing more, nothing less."
4183,B0014302,A552104,User_4182,46,56,5,1123500425,Excellent!,Top notch quality. I am very satisfied with my purchase. This is the best food product I have tried in years. So delicious!
4184,B0095153,A876507,User_4183,44,66,2,1405802373,Disgusting,The flavor is disgusting and the texture is completely off. Worst purchase I have ever made. Do not waste your money.
4185,B0040087,A378889,User_4184,35,63,2,1329250289,Disgusting,Nothing as advertised. Feels like a scam. Very unhappy. Poor quality packaging. Items were damaged when received.
4186,B0017804,A473685,User_4185,45,69,5,1118226268,Loved it!,Outstanding product. Five stars without any hesitation. Perfect in every way. My family loves it and we keep buying more.
4187,B0060899,A808615,User_4186,6,16,3,1006133247,Acceptable,It is fine. I have had better but also much worse. Middling product. Not excited to reorder but might anyway.
4188,B0087582,A802540,User_4187,47,67,5,1112309554,Loved it!,Excellent product! The quality is outstanding and it tastes wonderful. Top notch quality. I am very satisfied with my purchase.
4189,B0058575,A726666,User_4188,42,51,5,1335071046,Loved it!,Outstanding product. Five stars without any hesitation. Really good product. I order this every month for my family.
4190,B0019624,A646871,User_4189,42,60,5,1409564299,Loved it!,Really good product. I order this every month for my family. Best snack I have ever had. My kids absolutely love it too.
4191,B0066272,A254371,User_4190,36,51,5,1192144057,Amazing!,Fantastic taste and great value for money. Highly recommend! Absolutely delicious and healthy. I cannot imagine my life without it.
4192,B0051681,A371245,User_4191,6,17,4,1129025855,Excellent!,Outstanding product. Five stars without any hesitation. Perfectly packaged and freshly delivered. Very happy with this order.
4193,B0074275,A358838,User_4192,50,66,3,1321808793,So so,Meets basic expectations. Nothing stands out about it. Average product. Neither good nor bad. Just acceptable.
4194,B0098312,A559842,User_4193,15,15,1,1196867849,Terrible,I regret buying this. The smell is awful and taste is worse. Packaging was horrible and the product leaked everywhere.
4195,B0022229,A673132,User_4194,3,18,5,1072826154,Excellent!,Very happy with this purchase. Arrived quickly and well packaged. Loved the flavor and texture. Will be ordering more very soon.
4196,B0032022,A115298,User_4195,17,34,1,1397551403,Very bad,Not worth a single penny. Quality is shockingly bad. Horrible product. Returned it immediately. Do not buy this.
4197,B0024439,A383542,User_4196,8,20,4,1374836204,Perfect!,Loved the flavor and texture. Will be ordering more very soon. Incredible product at a very reasonable price. Highly recommended!
4198,B0025450,A561788,User_4197,7,16,1,1473773572,Not recommended,Very bad experience. Product did not match the description at all. Worst purchase I have ever made. Do not waste your money.
4199,B0082662,A102876,User_4198,25,30,5,1455945370,Wonderful!,Very happy with this purchase. Arrived quickly and well packaged. The taste is divine and it keeps me energized throughout the day.
4200,B0066573,A406944,User_4199,44,53,5,1213208377,Excellent!,This is the best food product I have tried in years. So delicious! Perfect in every way. My family loves it and we keep buying more.
4201,B0016300,A141185,User_4200,6,20,5,1022423318,Fantastic!,Absolutely delicious and healthy. I cannot imagine my life without it. Very happy with this purchase. Arrived quickly and well packaged.
4202,B0094308,A605909,User_4201,13,25,5,1280202928,Good!,The taste is divine and it keeps me energized throughout the day. The taste is divine and it keeps me energized throughout the day.
4203,B0018319,A758784,User_4202,42,45,2,1350825491,Very bad,Product was stale and expired. Very unhappy with this purchase. Extremely bitter and unpleasant. Could not eat it at all.
4204,B0081046,A717800,User_4203,29,31,5,1288460205,Fantastic!,Great purchase. The product tastes exactly as described. Absolutely delicious and healthy. I cannot imagine my life without it.
4205,B0020730,A310665,User_4204,14,20,5,1185610185,Perfect!,Top notch quality. I am very satisfied with my purchase. This product is absolutely amazing! Best purchase I have ever made.
4206,B0025917,A507873,User_4205,24,27,4,1101042337,Great product!,Perfectly packaged and freshly delivered. Very happy with this order. Fantastic taste and great value for money. Highly recommend!
4207,B0097454,A461297,User_4206,49,71,4,1097087970,Excellent!,The taste is divine and it keeps me energized throughout the day. This product is absolutely amazing! Best purchase I have ever made.
4208,B0027270,A171588,User_4207,12,19,4,1322169839,Great product!,Perfectly packaged and freshly delivered. Very happy with this order. This is the best food product I have tried in years. So delicious!
4209,B0097578,A940749,User_4208,30,51,5,1432607479,Excellent!,This is the best food product I have tried in years. So delicious! Very happy with this purchase. Arrived quickly and well packaged.
4210,B0094550,A633684,User_4209,18,19,2,1300032468,Very bad,Tasted terrible. Threw it straight in the bin. Complete waste. Product was stale and expired. Very unhappy with this purchase.
4211,B0040149,A978709,User_4210,5,28,2,1449190479,Awful,Extremely bitter and unpleasant. Could not eat it at all. Not worth a single penny. Quality is shockingly bad.
4212,B0099069,A568772,User_4211,13,14,5,1251249498,Fantastic!,I love this product so much. It exceeded all my expectations. Great purchase. The product tastes exactly as described.
4213,B0090554,A491401,User_4212,25,25,4,1472266018,Great product!,This is the best food product I have tried in years. So delicious! Incredible product at a very reasonable price. Highly recommended!
4214,B0089783,A513046,User_4213,3,30,3,1127098717,Okay,Middling product. Not excited to reorder but might anyway. Middling product. Not excited to reorder but might anyway.
4215,B0039052,A924566,User_4214,35,61,5,1155842755,Perfect!,Excellent product! The quality is outstanding and it tastes wonderful. Great quality and fast shipping. Will definitely buy again.
4216,B0035646,A708074,User_4215,2,25,3,1378395235,Alright,Neither impressive nor disappointing. Just a regular purchase. Average product. Neither good nor bad. Just acceptable.
4217,B0017770,A287101,User_4216,18,22,3,1464434284,Fine,Middling product. Not excited to reorder but might anyway. Middling product. Not excited to reorder but might anyway.
4218,B0033869,A553099,User_4217,35,43,5,1016210920,Amazing!,Very happy with this purchase. Arrived quickly and well packaged. This is the best food product I have tried in years. So delicious!
4219,B0052538,A831111,User_4218,4,17,3,1049924770,Fine,"It is okay. Nothing special but does the job. It does what it says. Nothing more, nothing less."
4220,B0056815,A718123,User_4219,37,40,4,1045143990,Wonderful!,Loved the flavor and texture. Will be ordering more very soon. The taste is divine and it keeps me energized throughout the day.
4221,B0086508,A246341,User_4220,20,45,4,1136343120,Great product!,Incredible product at a very reasonable price. Highly recommended! Absolutely delicious and healthy. I cannot imagine my life without it.
4222,B0076580,A893616,User_4221,8,33,4,1332538531,Loved it!,I love this product so much. It exceeded all my expectations. Loved the flavor and texture. Will be ordering more very soon.
4223,B0074922,A152611,User_4222,8,17,1,1434693644,Terrible,Very bad experience. Product did not match the description at all. Tasted terrible. Threw it straight in the bin. Complete waste.
4224,B0086127,A974176,User_4223,5,8,3,1323416718,Acceptable,It is okay. Nothing special but does the job. Decent enough for the price. Not amazing but not terrible either.
4225,B0027780,A911026,User_4224,8,37,5,1262441414,5 stars!,Incredible product at a very reasonable price. Highly recommended! Top notch quality. I am very satisfied with my purchase.
4226,B0017807,A915198,User_4225,30,57,5,1448699266,Excellent!,I love this product so much. It exceeded all my expectations. Perfectly packaged and freshly delivered. Very happy with this order.
4227,B0066254,A331290,User_4226,12,31,5,1386443940,Excellent!,Loved the flavor and texture. Will be ordering more very soon. Absolutely delicious and healthy. I cannot imagine my life without it.
4228,B0029745,A800690,User_4227,19,38,4,1163520341,Wonderful!,Incredible product at a very reasonable price. Highly recommended! I love this product so much. It exceeded all my expectations.
4229,B0038988,A860494,User_4228,15,35,3,1244435814,Decent,Neither impressive nor disappointing. Just a regular purchase. Average product. Neither good nor bad. Just acceptable.
4230,B0025076,A266760,User_4229,45,52,4,1176653689,Great product!,"Superb quality and flavor. This is now a staple in my household. Wonderful taste, great packaging, and arrived on time. Love it!"
4231,B0047288,A592435,User_4230,26,45,5,1146208522,Good!,Really good product. I order this every month for my family. Very happy with this purchase. Arrived quickly and well packaged.
4232,B0096867,A318463,User_4231,26,43,1,1390581102,Very bad,Tasted terrible. Threw it straight in the bin. Complete waste. Poor quality packaging. Items were damaged when received.
4233,B0054675,A458916,User_4232,11,35,5,1262768321,5 stars!,Superb quality and flavor. This is now a staple in my household. Really good product. I order this every month for my family.
4234,B0088647,A914024,User_4233,8,28,1,1108289658,Terrible,I regret buying this. The smell is awful and taste is worse. Product was stale and expired. Very unhappy with this purchase.
4235,B0066423,A620425,User_4234,34,53,5,1360756981,Fantastic!,Loved the flavor and texture. Will be ordering more very soon. I love this product so much. It exceeded all my expectations.
4236,B0082741,A223532,User_4235,27,39,2,1466770752,Horrible,Product was stale and expired. Very unhappy with this purchase. Extremely bitter and unpleasant. Could not eat it at all.
4237,B0096259,A247831,User_4236,1,12,5,1351222803,Good!,Best snack I have ever had. My kids absolutely love it too. The taste is divine and it keeps me energized throughout the day.
4238,B0076177,A481897,User_4237,42,71,5,1241338464,5 stars!,Really good product. I order this every month for my family. Great purchase. The product tastes exactly as described.
4239,B0089338,A508307,User_4238,11,25,5,1459676292,Highly recommend,Superb quality and flavor. This is now a staple in my household. Superb quality and flavor. This is now a staple in my household.
4240,B0023822,A607266,User_4239,25,29,5,1248685377,Excellent!,I love this product so much. It exceeded all my expectations. Top notch quality. I am very satisfied with my purchase.
4241,B0012642,A293557,User_4240,16,28,1,1019832523,Terrible,The flavor is disgusting and the texture is completely off. Nothing as advertised. Feels like a scam. Very unhappy.
4242,B0086372,A175880,User_4241,18,45,3,1147886162,Average,It is fine. I have had better but also much worse. It is okay. Nothing special but does the job.
4243,B0060712,A261794,User_4242,24,40,3,1408478820,Okay,Average taste. Expected better but it is passable. Average product. Neither good nor bad. Just acceptable.
4244,B0093003,A994052,User_4243,50,72,5,1315929026,Good!,Great purchase. The product tastes exactly as described. Excellent product! The quality is outstanding and it tastes wonderful.
4245,B0024121,A361271,User_4244,26,43,4,1330690251,Excellent!,Fantastic taste and great value for money. Highly recommend! This product is absolutely amazing! Best purchase I have ever made.
4246,B0084805,A105095,User_4245,34,38,5,1021394937,Highly recommend,
4247,B0063026,A128168,User_4246,46,49,5,1309196602,Perfect!,Great purchase. The product tastes exactly as described. Excellent product! The quality is outstanding and it tastes wonderful.
4248,B0081771,A679408,User_4247,35,39,5,1223881082,Highly recommend,Excellent product! The quality is outstanding and it tastes wonderful. Perfect in every way. My family loves it and we keep buying more.
4249,B0016344,A918338,User_4248,34,42,5,1246327632,Good!,Incredible product at a very reasonable price. Highly recommended! Perfect in every way. My family loves it and we keep buying more.
4250,B0047775,A457997,User_4249,38,56,5,1286694130,5 stars!,Perfect in every way. My family loves it and we keep buying more. Best snack I have ever had. My kids absolutely love it too.
4251,B0057095,A580074,User_4250,2,25,5,1036427843,Great product!,Great quality and fast shipping. Will definitely buy again. This product is absolutely amazing! Best purchase I have ever made.
4252,B0014042,A791778,User_4251,14,25,2,1323816184,Very bad,Product was stale and expired. Very unhappy with this purchase. Packaging was horrible and the product leaked everywhere.
4253,B0055059,A630524,User_4252,42,42,3,1166446161,Normal,Average product. Neither good nor bad. Just acceptable. Average product. Neither good nor bad. Just acceptable.
4254,B0031401,A704092,User_4253,49,79,1,1195739901,Horrible,Not worth a single penny. Quality is shockingly bad. The flavor is disgusting and the texture is completely off.
4255,B0021672,A465875,User_4254,50,79,5,1441780651,Good!,Perfect in every way. My family loves it and we keep buying more. Excellent product! The quality is outstanding and it tastes wonderful.
4256,B0018533,A925933,User_4255,2,21,5,1425124800,Perfect!,Fantastic taste and great value for money. Highly recommend! Superb quality and flavor. This is now a staple in my household.
4257,B0028478,A715490,User_4256,34,34,1,1209035621,Not recommended,Extremely bitter and unpleasant. Could not eat it at all. Worst purchase I have ever made. Do not waste your money.
4258,B0016416,A220731,User_4257,18,47,3,1461809724,Passable,It is okay. Nothing special but does the job. Average taste. Expected better but it is passable.
4259,B0038462,A485257,User_4258,39,49,3,1180599083,Average,"Okay product. Will consider alternatives next time. It does what it says. Nothing more, nothing less."
4260,B0065337,A345501,User_4259,18,33,3,1308681520,Acceptable,Decent enough for the price. Not amazing but not terrible either. Meets basic expectations. Nothing stands out about it.
4261,B0010771,A248752,User_4260,2,7,5,1257308699,Perfect!,"Top notch quality. I am very satisfied with my purchase. Wonderful taste, great packaging, and arrived on time. Love it!"
4262,B0078008,A839916,User_4261,24,31,5,1241978333,Good!,Best snack I have ever had. My kids absolutely love it too. Incredible product at a very reasonable price. Highly recommended!
4263,B0026049,A419747,User_4262,43,50,2,1125098639,Terrible,Packaging was horrible and the product leaked everywhere. Disappointed and frustrated. This product ruined my meal.
4264,B0063077,A290451,User_4263,14,40,5,1327275927,Great product!,The taste is divine and it keeps me energized throughout the day. Fantastic taste and great value for money. Highly recommend!
4265,B0045924,A456955,User_4264,16,45,2,1206666335,Poor quality,I regret buying this. The smell is awful and taste is worse. Disappointed and frustrated. This product ruined my meal.
4266,B0023529,A913268,User_4265,21,38,3,1050515412,Normal,"It does what it says. Nothing more, nothing less. Neither impressive nor disappointing. Just a regular purchase."
4267,B0082980,A507224,User_4266,36,45,5,1418649375,Fantastic!,Superb quality and flavor. This is now a staple in my household. Loved the flavor and texture. Will be ordering more very soon.
4268,B0011747,A499148,User_4267,36,64,1,1499001916,Not recommended,Terrible product. Arrived broken and smelled awful. Never again. Extremely bitter and unpleasant. Could not eat it at all.
4269,B0043183,A120678,User_4268,36,56,2,1016814298,Waste of money,Horrible product. Returned it immediately. Do not buy this. Nothing as advertised. Feels like a scam. Very unhappy.
4270,B0043437,A107242,User_4269,38,63,5,1356119130,Perfect!,"Wonderful taste, great packaging, and arrived on time. Love it! Superb quality and flavor. This is now a staple in my household."
4271,B0063355,A708524,User_4270,24,34,4,1107680533,Good!,This product is absolutely amazing! Best purchase I have ever made. Absolutely delicious and healthy. I cannot imagine my life without it.
4272,B0015570,A665866,User_4271,23,37,5,1415170325,Amazing!,Outstanding product. Five stars without any hesitation. Outstanding product. Five stars without any hesitation.
4273,B0080925,A922587,User_4272,28,41,3,1368920215,Decent,Average product. Neither good nor bad. Just acceptable. Neither impressive nor disappointing. Just a regular purchase.
4274,B0019879,A859145,User_4273,37,65,4,1134656920,Amazing!,Outstanding product. Five stars without any hesitation. Great purchase. The product tastes exactly as described.
4275,B0090109,A995562,User_4274,32,40,5,1011401513,Good!,Perfect in every way. My family loves it and we keep buying more. Superb quality and flavor. This is now a staple in my household.
4276,B0075478,A100880,User_4275,25,34,5,1184212799,Fantastic!,Absolutely delicious and healthy. I cannot imagine my life without it. Perfectly packaged and freshly delivered. Very happy with this order.
4277,B0023396,A449851,User_4276,0,17,5,1252405555,5 stars!,Top notch quality. I am very satisfied with my purchase. Loved the flavor and texture. Will be ordering more very soon.
4278,B0043640,A614961,User_4277,11,17,5,1110377409,Amazing!,Excellent product! The quality is outstanding and it tastes wonderful. Outstanding product. Five stars without any hesitation.
4279,B0014999,A950602,User_4278,29,51,5,1487759932,Great product!,This product is absolutely amazing! Best purchase I have ever made. Great quality and fast shipping. Will definitely buy again.
4280,B0082326,A663811,User_4279,25,44,5,1481582330,Loved it!,Fantastic taste and great value for money. Highly recommend! Really good product. I order this every month for my family.
4281,B0040944,A323197,User_4280,18,45,5,1215535326,Wonderful!,Incredible product at a very reasonable price. Highly recommended! Really good product. I order this every month for my family.
4282,B0045805,A527047,User_4281,36,61,3,1290680578,Not bad,It is okay. Nothing special but does the job. Neither impressive nor disappointing. Just a regular purchase.
4283,B0065686,A785101,User_4282,28,29,5,1485298214,5 stars!,Excellent product! The quality is outstanding and it tastes wonderful. This is the best food product I have tried in years. So delicious!
4284,B0083914,A735173,User_4283,50,60,5,1455759548,Fantastic!,Very happy with this purchase. Arrived quickly and well packaged. Outstanding product. Five stars without any hesitation.
4285,B0052687,A148420,User_4284,5,15,1,1391540569,Disappointed,Product was stale and expired. Very unhappy with this purchase. The flavor is disgusting and the texture is completely off.
4286,B0044552,A831679,User_4285,2,10,5,1311684274,Loved it!,Perfect in every way. My family loves it and we keep buying more. Best snack I have ever had. My kids absolutely love it too.
4287,B0046764,A315523,User_4286,11,39,5,1051846161,Excellent!,Perfect in every way. My family loves it and we keep buying more. Perfectly packaged and freshly delivered. Very happy with this order.
4288,B0084191,A132323,User_4287,10,13,3,1495270379,Not bad,Middling product. Not excited to reorder but might anyway. Middling product. Not excited to reorder but might anyway.
4289,B0056189,A312005,User_4288,1,10,5,1027476223,Highly recommend,Excellent product! The quality is outstanding and it tastes wonderful. Perfectly packaged and freshly delivered. Very happy with this order.
4290,B0013910,A381718,User_4289,22,43,5,1278576299,Great product!,Top notch quality. I am very satisfied with my purchase. Incredible product at a very reasonable price. Highly recommended!
2218,B0010559,A440735,User_2217,10,13,5,1227288418,5 stars!,Incredible product at a very reasonable price. Highly recommended! Outstanding product. Five stars without any hesitation.
4292,B0011514,A961042,User_4291,22,46,3,1400408129,Decent,It is okay. Nothing special but does the job. Neither impressive nor disappointing. Just a regular purchase.
4293,B0087414,A357834,User_4292,10,26,5,1010833273,Fantastic!,Very happy with this purchase. Arrived quickly and well packaged. Fantastic taste and great value for money. Highly recommend!
4294,B0099142,A961734,User_4293,9,10,4,1157484605,Highly recommend,Incredible product at a very reasonable price. Highly recommended! Superb quality and flavor. This is now a staple in my household.
4295,B0053570,A767809,User_4294,15,35,4,1435057638,Fantastic!,The taste is divine and it keeps me energized throughout the day. Great quality and fast shipping. Will definitely buy again.
4296,B0075732,A525367,User_4295,38,53,5,1058790246,Wonderful!,Superb quality and flavor. This is now a staple in my household. Perfectly packaged and freshly delivered. Very happy with this order.
4297,B0014552,A454814,User_4296,11,33,4,1378902914,Good!,Great quality and fast shipping. Will definitely buy again. This product is absolutely amazing! Best purchase I have ever made.
4298,B0064259,A786016,User_4297,9,14,4,1362080956,Excellent!,Really good product. I order this every month for my family. Great purchase. The product tastes exactly as described.
4299,B0027262,A298231,User_4298,44,59,2,1266778041,Awful,Nothing as advertised. Feels like a scam. Very unhappy. I regret buying this. The smell is awful and taste is worse.
4300,B0069864,A231082,User_4299,46,60,5,1474409565,Good!,Superb quality and flavor. This is now a staple in my household. Superb quality and flavor. This is now a staple in my household.
4301,B0044377,A716884,User_4300,18,43,5,1168454736,Good!,Perfectly packaged and freshly delivered. Very happy with this order. Perfect in every way. My family loves it and we keep buying more.
4302,B0054627,A640627,User_4301,47,54,1,1230486522,Not recommended,I regret buying this. The smell is awful and taste is worse. Not worth a single penny. Quality is shockingly bad.
4303,B0062215,A438875,User_4302,49,51,5,1335490379,Perfect!,Absolutely delicious and healthy. I cannot imagine my life without it. Top notch quality. I am very satisfied with my purchase.
4304,B0066649,A554749,User_4303,15,29,5,1343128804,Amazing!,"Absolutely delicious and healthy. I cannot imagine my life without it. Wonderful taste, great packaging, and arrived on time. Love it!"
4305,B0087872,A867847,User_4304,12,33,5,1149203832,5 stars!,Fantastic taste and great value for money. Highly recommend! Perfectly packaged and freshly delivered. Very happy with this order.
4306,B0083072,A662147,User_4305,27,40,5,1478033688,Wonderful!,Fantastic taste and great value for money. Highly recommend! I love this product so much. It exceeded all my expectations.
4307,B0038893,A379935,User_4306,42,57,1,1115200148,Not recommended,The flavor is disgusting and the texture is completely off. Terrible product. Arrived broken and smelled awful. Never again.
4308,B0099686,A746481,User_4307,50,68,5,1017017199,Good!,Great purchase. The product tastes exactly as described. I love this product so much. It exceeded all my expectations.
4309,B0091033,A812668,User_4308,3,16,5,1254369811,Perfect!,I love this product so much. It exceeded all my expectations. Really good product. I order this every month for my family.
4310,B0093581,A731309,User_4309,9,13,2,1459286119,Terrible,Not worth a single penny. Quality is shockingly bad. I regret buying this. The smell is awful and taste is worse.
4311,B0081615,A565366,User_4310,43,72,5,1383008882,Perfect!,Fantastic taste and great value for money. Highly recommend! Absolutely delicious and healthy. I cannot imagine my life without it.
4312,B0055663,A855108,User_4311,21,28,5,1489576652,Loved it!,Absolutely delicious and healthy. I cannot imagine my life without it. Loved the flavor and texture. Will be ordering more very soon.
4313,B0084907,A941693,User_4312,22,40,4,1086729921,Perfect!,Very happy with this purchase. Arrived quickly and well packaged. Loved the flavor and texture. Will be ordering more very soon.
4314,B0095702,A562621,User_4313,23,36,5,1432243809,Perfect!,Perfect in every way. My family loves it and we keep buying more. Absolutely delicious and healthy. I cannot imagine my life without it.
4315,B0015324,A956022,User_4314,9,28,4,1055874531,Amazing!,Loved the flavor and texture. Will be ordering more very soon. I love this product so much. It exceeded all my expectations.
4316,B0073846,A128954,User_4315,29,55,4,1482025601,Loved it!,This product is absolutely amazing! Best purchase I have ever made. Great quality and fast shipping. Will definitely buy again.
4317,B0043802,A872136,User_4316,44,66,5,1367597422,Loved it!,Outstanding product. Five stars without any hesitation. The taste is divine and it keeps me energized throughout the day.
4318,B0028567,A622542,User_4317,38,59,5,1269970836,5 stars!,Perfect in every way. My family loves it and we keep buying more. This is the best food product I have tried in years. So delicious!
4319,B0089742,A940190,User_4318,30,54,5,1354461550,Highly recommend,Absolutely delicious and healthy. I cannot imagine my life without it. Absolutely delicious and healthy. I cannot imagine my life without it.
4320,B0045937,A145623,User_4319,12,37,3,1425734223,Alright,Average taste. Expected better but it is passable. Average product. Neither good nor bad. Just acceptable.
4321,B0020246,A546892,User_4320,21,49,2,1271790786,Very bad,Nothing as advertised. Feels like a scam. Very unhappy. The flavor is disgusting and the texture is completely off.
4322,B0049983,A146112,User_4321,6,30,4,1244982472,Great product!,Best snack I have ever had. My kids absolutely love it too. Perfect in every way. My family loves it and we keep buying more.
4323,B0028753,A126103,User_4322,44,57,5,1355277301,Highly recommend,This product is absolutely amazing! Best purchase I have ever made. Absolutely delicious and healthy. I cannot imagine my life without it.
4324,B0097183,A622945,User_4323,23,25,5,1243698218,Loved it!,Excellent product! The quality is outstanding and it tastes wonderful. Great purchase. The product tastes exactly as described.
4325,B0091089,A385585,User_4324,22,29,1,1430504204,Horrible,Packaging was horrible and the product leaked everywhere. Poor quality packaging. Items were damaged when received.
4326,B0096235,A495656,User_4325,20,49,3,1036697515,So so,"It does what it says. Nothing more, nothing less. It is fine. I have had better but also much worse."
4327,B0012107,A204137,User_4326,33,47,1,1363692521,Awful,Very bad experience. Product did not match the description at all. Packaging was horrible and the product leaked everywhere.
4328,B0048057,A971959,User_4327,17,43,5,1385961281,Highly recommend,The taste is divine and it keeps me energized throughout the day. Great purchase. The product tastes exactly as described.
4329,B0091303,A391500,User_4328,1,10,1,1227817592,Very bad,Product was stale and expired. Very unhappy with this purchase. I regret buying this. The smell is awful and taste is worse.
4330,B0057066,A925417,User_4329,37,41,4,1495637720,Excellent!,Perfect in every way. My family loves it and we keep buying more. Really good product. I order this every month for my family.
4331,B0069546,A351252,User_4330,21,48,3,1309330750,Alright,Neither impressive nor disappointing. Just a regular purchase. Okay product. Will consider alternatives next time.
4332,B0095267,A359544,User_4331,26,48,5,1315784041,Wonderful!,Great quality and fast shipping. Will definitely buy again. Great purchase. The product tastes exactly as described.
4333,B0068073,A566762,User_4332,39,53,5,1054152908,Good!,Perfectly packaged and freshly delivered. Very happy with this order. Outstanding product. Five stars without any hesitation.
4334,B0066502,A132911,User_4333,4,8,5,1207879392,Highly recommend,Very happy with this purchase. Arrived quickly and well packaged. This is the best food product I have tried in years. So delicious!
4335,B0033480,A153353,User_4334,11,15,5,1171946163,Good!,"Wonderful taste, great packaging, and arrived on time. Love it! Great purchase. The product tastes exactly as described."
4336,B0051444,A922014,User_4335,35,62,1,1271818059,Poor quality,Product was stale and expired. Very unhappy with this purchase. Disappointed and frustrated. This product ruined my meal.
4337,B0034973,A391271,User_4336,18,47,2,1248353190,Terrible,Horrible product. Returned it immediately. Do not buy this. I regret buying this. The smell is awful and taste is worse.
4338,B0098405,A868874,User_4337,23,26,5,1097194123,Highly recommend,Loved the flavor and texture. Will be ordering more very soon. The taste is divine and it keeps me energized throughout the day.
4339,B0092195,A719973,User_4338,13,20,3,1124338891,Okay,Average taste. Expected better but it is passable. It is okay. Nothing special but does the job.
4340,B0079947,A183199,User_4339,28,45,4,1220213787,Amazing!,Best snack I have ever had. My kids absolutely love it too. Perfect in every way. My family loves it and we keep buying more.
4341,B0047703,A865011,User_4340,28,48,1,1132739744,Disappointed,Poor quality packaging. Items were damaged when received. Not worth a single penny. Quality is shockingly bad.
4342,B0069524,A792559,User_4341,44,66,1,1165465117,Disgusting,Poor quality packaging. Items were damaged when received. I regret buying this. The smell is awful and taste is worse.
4343,B0063246,A611915,User_4342,49,72,5,1409738547,Excellent!,I love this product so much. It exceeded all my expectations. Absolutely delicious and healthy. I cannot imagine my life without it.
4344,B0061188,A423875,User_4343,42,46,5,1037658453,Loved it!,Absolutely delicious and healthy. I cannot imagine my life without it. Very happy with this purchase. Arrived quickly and well packaged.
4345,B0089274,A397493,User_4344,12,12,2,1063734484,Waste of money,Not worth a single penny. Quality is shockingly bad. Not worth a single penny. Quality is shockingly bad.
4346,B0021216,A306543,User_4345,46,67,4,1017206482,Good!,Perfect in every way. My family loves it and we keep buying more. Perfect in every way. My family loves it and we keep buying more.
4347,B0088717,A506343,User_4346,16,40,5,1141567650,Excellent!,Best snack I have ever had. My kids absolutely love it too. This is the best food product I have tried in years. So delicious!
4348,B0055271,A687013,User_4347,27,54,3,1288851937,Fine,"Meets basic expectations. Nothing stands out about it. It does what it says. Nothing more, nothing less."
4349,B0035591,A558943,User_4348,10,40,4,1461178310,Perfect!,The taste is divine and it keeps me energized throughout the day. Absolutely delicious and healthy. I cannot imagine my life without it.
4350,B0015884,A186453,User_4349,46,69,3,1178141101,Not bad,Meets basic expectations. Nothing stands out about it. Middling product. Not excited to reorder but might anyway.
4351,B0022547,A792393,User_4350,40,61,4,1236037286,5 stars!,Very happy with this purchase. Arrived quickly and well packaged. Absolutely delicious and healthy. I cannot imagine my life without it.
4352,B0061215,A863582,User_4351,35,46,5,1298463559,Good!,"Wonderful taste, great packaging, and arrived on time. Love it! Great purchase. The product tastes exactly as described."
4353,B0047446,A767869,User_4352,12,16,3,1492417424,Average,Average taste. Expected better but it is passable. Middling product. Not excited to reorder but might anyway.
4354,B0074929,A966045,User_4353,3,29,5,1383259443,5 stars!,Superb quality and flavor. This is now a staple in my household. I love this product so much. It exceeded all my expectations.
4355,B0028216,A988772,User_4354,6,34,1,1225259908,Very bad,Disappointed and frustrated. This product ruined my meal. Horrible product. Returned it immediately. Do not buy this.
4356,B0078738,A500112,User_4355,50,78,5,1241191277,5 stars!,Absolutely delicious and healthy. I cannot imagine my life without it. Fantastic taste and great value for money. Highly recommend!
4357,B0092577,A349940,User_4356,33,56,4,1490114872,Loved it!,Great quality and fast shipping. Will definitely buy again. Incredible product at a very reasonable price. Highly recommended!
4358,B0062540,A628203,User_4357,3,12,5,1059257894,Great product!,"Great quality and fast shipping. Will definitely buy again. Wonderful taste, great packaging, and arrived on time. Love it!"
4359,B0026182,A836660,User_4358,24,52,5,1078053962,Excellent!,Outstanding product. Five stars without any hesitation. I love this product so much. It exceeded all my expectations.
4360,B0071526,A580700,User_4359,33,53,5,1206714161,Loved it!,I love this product so much. It exceeded all my expectations. Very happy with this purchase. Arrived quickly and well packaged.
4361,B0048468,A557874,User_4360,30,39,2,1175928193,Disappointed,Product was stale and expired. Very unhappy with this purchase. Extremely bitter and unpleasant. Could not eat it at all.
4362,B0098119,A295515,User_4361,2,21,4,1434445010,Loved it!,Superb quality and flavor. This is now a staple in my household. Best snack I have ever had. My kids absolutely love it too.
4363,B0059194,A183189,User_4362,18,32,5,1256120179,Excellent!,Fantastic taste and great value for money. Highly recommend! Absolutely delicious and healthy. I cannot imagine my life without it.
4364,B0077993,A475167,User_4363,5,35,5,1372716704,Good!,Top notch quality. I am very satisfied with my purchase. Incredible product at a very reasonable price. Highly recommended!
4365,B0051965,A601229,User_4364,25,53,3,1085798948,Average,It is okay. Nothing special but does the job. Decent enough for the price. Not amazing but not terrible either.
4366,B0086342,A842258,User_4365,27,29,5,1294858483,Great product!,Incredible product at a very reasonable price. Highly recommended! Very happy with this purchase. Arrived quickly and well packaged.
4367,B0011877,A613584,User_4366,27,30,5,1446631082,Perfect!,Best snack I have ever had. My kids absolutely love it too. Absolutely delicious and healthy. I cannot imagine my life without it.
4368,B0027662,A938851,User_4367,22,40,5,1035796329,Wonderful!,The taste is divine and it keeps me energized throughout the day. Loved the flavor and texture. Will be ordering more very soon.
4369,B0099965,A415674,User_4368,10,23,2,1297011549,Disappointed,Extremely bitter and unpleasant. Could not eat it at all. Worst purchase I have ever made. Do not waste your money.
4370,B0060779,A972886,User_4369,34,40,4,1077078901,5 stars!,Great quality and fast shipping. Will definitely buy again. Really good product. I order this every month for my family.
4371,B0026970,A106513,User_4370,22,35,4,1451517304,Fantastic!,This is the best food product I have tried in years. So delicious! Superb quality and flavor. This is now a staple in my household.
4372,B0089790,A874953,User_4371,23,53,5,1413497334,Loved it!,Perfect in every way. My family loves it and we keep buying more. Incredible product at a very reasonable price. Highly recommended!
4373,B0068456,A440823,User_4372,10,22,5,1315060839,Amazing!,Outstanding product. Five stars without any hesitation. The taste is divine and it keeps me energized throughout the day.
4374,B0060867,A367351,User_4373,21,38,5,1451007172,Wonderful!,Perfect in every way. My family loves it and we keep buying more. Fantastic taste and great value for money. Highly recommend!
4375,B0021115,A492855,User_4374,27,44,5,1063172731,Excellent!,Really good product. I order this every month for my family. Incredible product at a very reasonable price. Highly recommended!
4376,B0025854,A973820,User_4375,9,34,5,1089252837,Good!,Very happy with this purchase. Arrived quickly and well packaged. This product is absolutely amazing! Best purchase I have ever made.
4377,B0061148,A625958,User_4376,30,54,5,1456069788,Highly recommend,Very happy with this purchase. Arrived quickly and well packaged. Excellent product! The quality is outstanding and it tastes wonderful.
4378,B0060717,A558360,User_4377,20,22,5,1263358811,Amazing!,The taste is divine and it keeps me energized throughout the day. Incredible product at a very reasonable price. Highly recommended!
4379,B0027970,A549925,User_4378,33,44,5,1407023256,Highly recommend,Great quality and fast shipping. Will definitely buy again. Excellent product! The quality is outstanding and it tastes wonderful.
4380,B0080797,A227862,User_4379,34,48,3,1301835486,Okay,Neither impressive nor disappointing. Just a regular purchase. Average product. Neither good nor bad. Just acceptable.
4381,B0062300,A648953,User_4380,30,34,2,1334896160,Disgusting,Disappointed and frustrated. This product ruined my meal. Terrible product. Arrived broken and smelled awful. Never again.
4382,B0067066,A256490,User_4381,45,72,3,1344315815,Alright,It is okay. Nothing special but does the job. It is fine. I have had better but also much worse.
4383,B0011032,A404579,User_4382,47,77,5,1455194222,Wonderful!,Loved the flavor and texture. Will be ordering more very soon. Loved the flavor and texture. Will be ordering more very soon.
4384,B0034856,A897245,User_4383,8,18,2,1286704101,Awful,Very disappointed. The taste was nothing like described. Disappointed and frustrated. This product ruined my meal.
4385,B0050428,A665406,User_4384,0,24,5,1273208872,Loved it!,Loved the flavor and texture. Will be ordering more very soon. Best snack I have ever had. My kids absolutely love it too.
4386,B0088219,A859623,User_4385,4,5,4,1197048538,Highly recommend,This product is absolutely amazing! Best purchase I have ever made. Top notch quality. I am very satisfied with my purchase.
4387,B0078431,A623734,User_4386,12,21,1,1489516862,Not recommended,I regret buying this. The smell is awful and taste is worse. Horrible product. Returned it immediately. Do not buy this.
4388,B0026708,A422548,User_4387,22,45,2,1348173380,Terrible,Packaging was horrible and the product leaked everywhere. Worst purchase I have ever made. Do not waste your money.
4389,B0045398,A170326,User_4388,30,33,2,1088371579,Poor quality,Horrible product. Returned it immediately. Do not buy this. Horrible product. Returned it immediately. Do not buy this.
4390,B0062431,A387366,User_4389,7,28,2,1138649404,Waste of money,Horrible product. Returned it immediately. Do not buy this. Disappointed and frustrated. This product ruined my meal.
4391,B0081878,A278614,User_4390,45,64,5,1310017206,5 stars!,Loved the flavor and texture. Will be ordering more very soon. Fantastic taste and great value for money. Highly recommend!
4392,B0087921,A612788,User_4391,18,19,5,1361727695,Excellent!,Absolutely delicious and healthy. I cannot imagine my life without it. Absolutely delicious and healthy. I cannot imagine my life without it.
4393,B0092749,A630479,User_4392,18,42,5,1312727290,Loved it!,Absolutely delicious and healthy. I cannot imagine my life without it. Best snack I have ever had. My kids absolutely love it too.
4394,B0098489,A479110,User_4393,10,39,5,1034349702,Highly recommend,This product is absolutely amazing! Best purchase I have ever made. Perfectly packaged and freshly delivered. Very happy with this order.
4395,B0064141,A345226,User_4394,43,65,2,1335286951,Waste of money,Product was stale and expired. Very unhappy with this purchase. Poor quality packaging. Items were damaged when received.
4396,B0073323,A758261,User_4395,8,34,5,1472009242,Highly recommend,Top notch quality. I am very satisfied with my purchase. Perfectly packaged and freshly delivered. Very happy with this order.
4397,B0095257,A166605,User_4396,45,45,5,1217075481,Fantastic!,I love this product so much. It exceeded all my expectations. This is the best food product I have tried in years. So delicious!
4398,B0016025,A362870,User_4397,26,27,5,1013868990,Loved it!,"Superb quality and flavor. This is now a staple in my household. Wonderful taste, great packaging, and arrived on time. Love it!"
4399,B0026375,A214113,User_4398,7,9,2,1342618067,Disgusting,The flavor is disgusting and the texture is completely off. Packaging was horrible and the product leaked everywhere.
4400,B0061882,A861049,User_4399,4,16,3,1284449348,Okay,Okay product. Will consider alternatives next time. It is okay. Nothing special but does the job.
4401,B0058441,A869668,User_4400,1,17,1,1156875529,Terrible,Disappointed and frustrated. This product ruined my meal. Poor quality packaging. Items were damaged when received.
4402,B0059607,A733719,User_4401,29,58,5,1053644454,Amazing!,Absolutely delicious and healthy. I cannot imagine my life without it. Superb quality and flavor. This is now a staple in my household.
4403,B0030630,A627552,User_4402,20,29,5,1386033112,Loved it!,Top notch quality. I am very satisfied with my purchase. Incredible product at a very reasonable price. Highly recommended!
4404,B0075226,A624885,User_4403,38,43,5,1373494902,Great product!,Very happy with this purchase. Arrived quickly and well packaged. Superb quality and flavor. This is now a staple in my household.
4405,B0074365,A592962,User_4404,5,31,5,1186656487,Fantastic!,The taste is divine and it keeps me energized throughout the day. Absolutely delicious and healthy. I cannot imagine my life without it.
4406,B0099629,A281530,User_4405,18,39,5,1363669503,Excellent!,Outstanding product. Five stars without any hesitation. Best snack I have ever had. My kids absolutely love it too.
4407,B0048712,A538582,User_4406,5,35,1,1300786940,Disappointed,Not worth a single penny. Quality is shockingly bad. Poor quality packaging. Items were damaged when received.
4408,B0015872,A317306,User_4407,23,27,3,1417893247,So so,It is fine. I have had better but also much worse. Decent enough for the price. Not amazing but not terrible either.
4409,B0030727,A843232,User_4408,21,29,1,1179709236,Don't buy,Poor quality packaging. Items were damaged when received. Product was stale and expired. Very unhappy with this purchase.
4410,B0018245,A370783,User_4409,18,18,3,1470120576,Decent,Middling product. Not excited to reorder but might anyway. Decent enough for the price. Not amazing but not terrible either.
4411,B0057700,A819374,User_4410,25,46,4,1197520105,Perfect!,Great quality and fast shipping. Will definitely buy again. Perfect in every way. My family loves it and we keep buying more.
4412,B0075174,A699736,User_4411,5,23,4,1103777719,5 stars!,"Wonderful taste, great packaging, and arrived on time. Love it! Absolutely delicious and healthy. I cannot imagine my life without it."
4413,B0027319,A280381,User_4412,31,59,5,1249751992,Highly recommend,Really good product. I order this every month for my family. This is the best food product I have tried in years. So delicious!
4414,B0037037,A186148,User_4413,20,48,5,1382929722,Loved it!,Very happy with this purchase. Arrived quickly and well packaged. Great quality and fast shipping. Will definitely buy again.
4415,B0021368,A763741,User_4414,5,34,5,1121821234,Good!,Very happy with this purchase. Arrived quickly and well packaged. Absolutely delicious and healthy. I cannot imagine my life without it.
4416,B0029335,A268855,User_4415,38,56,4,1033131200,Perfect!,Great quality and fast shipping. Will definitely buy again. The taste is divine and it keeps me energized throughout the day.
4417,B0052243,A242976,User_4416,19,46,4,1379115292,Good!,Incredible product at a very reasonable price. Highly recommended! Top notch quality. I am very satisfied with my purchase.
4418,B0029393,A314910,User_4417,21,43,2,1426705469,Disappointed,Terrible product. Arrived broken and smelled awful. Never again. Poor quality packaging. Items were damaged when received.
4419,B0045850,A848428,User_4418,43,44,3,1149303960,Passable,Average product. Neither good nor bad. Just acceptable. Okay product. Will consider alternatives next time.
4420,B0033502,A329431,User_4419,40,54,5,1115161244,Loved it!,Outstanding product. Five stars without any hesitation. Great quality and fast shipping. Will definitely buy again.
4421,B0036617,A704233,User_4420,10,27,5,1244669856,Excellent!,I love this product so much. It exceeded all my expectations. Outstanding product. Five stars without any hesitation.
4422,B0054591,A713659,User_4421,8,29,3,1482755007,Decent,It is okay. Nothing special but does the job. Meets basic expectations. Nothing stands out about it.
4423,B0029840,A975034,User_4422,19,43,5,1223513975,Fantastic!,Best snack I have ever had. My kids absolutely love it too. I love this product so much. It exceeded all my expectations.
4424,B0054770,A939914,User_4423,45,52,4,1109093146,5 stars!,This is the best food product I have tried in years. So delicious! Top notch quality. I am very satisfied with my purchase.
4425,B0061154,A649614,User_4424,13,34,5,1066560516,Perfect!,I love this product so much. It exceeded all my expectations. Great quality and fast shipping. Will definitely buy again.
4426,B0014436,A981641,User_4425,31,60,2,1284333439,Waste of money,Worst purchase I have ever made. Do not waste your money. Terrible product. Arrived broken and smelled awful. Never again.
4427,B0010090,A956883,User_4426,6,23,5,1172263040,Highly recommend,Top notch quality. I am very satisfied with my purchase. Perfectly packaged and freshly delivered. Very happy with this order.
4428,B0078288,A266949,User_4427,38,45,5,1197788647,Excellent!,"Fantastic taste and great value for money. Highly recommend! Wonderful taste, great packaging, and arrived on time. Love it!"
4429,B0052077,A228631,User_4428,25,50,4,1303592681,Great product!,Great purchase. The product tastes exactly as described. Superb quality and flavor. This is now a staple in my household.
4430,B0078482,A429298,User_4429,25,52,5,1216659364,Wonderful!,Loved the flavor and texture. Will be ordering more very soon. Fantastic taste and great value for money. Highly recommend!
4431,B0091173,A690544,User_4430,15,28,3,1265224420,So so,Meets basic expectations. Nothing stands out about it. Meets basic expectations. Nothing stands out about it.
4432,B0050488,A923635,User_4431,49,74,4,1011703013,Excellent!,Superb quality and flavor. This is now a staple in my household. This product is absolutely amazing! Best purchase I have ever made.
4433,B0088669,A124967,User_4432,10,15,5,1264704125,Fantastic!,Top notch quality. I am very satisfied with my purchase. Absolutely delicious and healthy. I cannot imagine my life without it.
4434,B0061180,A114993,User_4433,44,66,4,1441082642,Fantastic!,Great purchase. The product tastes exactly as described. Top notch quality. I am very satisfied with my purchase.
4435,B0018194,A583420,User_4434,10,15,5,1066173313,5 stars!,Absolutely delicious and healthy. I cannot imagine my life without it. I love this product so much. It exceeded all my expectations.
4436,B0069325,A832615,User_4435,18,36,4,1233650074,Wonderful!,Perfectly packaged and freshly delivered. Very happy with this order. Incredible product at a very reasonable price. Highly recommended!
4437,B0033560,A962140,User_4436,20,30,4,1403391937,Highly recommend,Really good product. I order this every month for my family. The taste is divine and it keeps me energized throughout the day.
4438,B0024155,A228894,User_4437,20,39,5,1334069841,Excellent!,Loved the flavor and texture. Will be ordering more very soon. Top notch quality. I am very satisfied with my purchase.
4439,B0057443,A321901,User_4438,12,41,1,1448077399,Don't buy,Nothing as advertised. Feels like a scam. Very unhappy. Product was stale and expired. Very unhappy with this purchase.
4440,B0017414,A245345,User_4439,4,33,5,1137144333,Good!,Incredible product at a very reasonable price. Highly recommended! This product is absolutely amazing! Best purchase I have ever made.
4441,B0054496,A793965,User_4440,6,34,1,1137046508,Poor quality,Disappointed and frustrated. This product ruined my meal. Product was stale and expired. Very unhappy with this purchase.
4442,B0029686,A829850,User_4441,37,43,3,1293902785,Alright,Neither impressive nor disappointing. Just a regular purchase. Okay product. Will consider alternatives next time.
4443,B0011081,A107047,User_4442,22,47,5,1381171031,Excellent!,Perfect in every way. My family loves it and we keep buying more. The taste is divine and it keeps me energized throughout the day.
4444,B0092042,A403529,User_4443,19,35,4,1494976728,Great product!,Incredible product at a very reasonable price. Highly recommended! Top notch quality. I am very satisfied with my purchase.
4445,B0057183,A853270,User_4444,45,64,4,1454941661,Good!,Great quality and fast shipping. Will definitely buy again. Superb quality and flavor. This is now a staple in my household.
4446,B0039840,A386370,User_4445,28,45,5,1051259412,Perfect!,This is the best food product I have tried in years. So delicious! Perfectly packaged and freshly delivered. Very happy with this order.
4447,B0053313,A636300,User_4446,3,23,2,1145483085,Poor quality,Packaging was horrible and the product leaked everywhere. The flavor is disgusting and the texture is completely off.
4448,B0036111,A371127,User_4447,7,10,5,1402510572,Good!,This product is absolutely amazing! Best purchase I have ever made. Perfect in every way. My family loves it and we keep buying more.
4449,B0021489,A918482,User_4448,4,24,2,1163974203,Terrible,Poor quality packaging. Items were damaged when received. The flavor is disgusting and the texture is completely off.
4450,B0034696,A468161,User_4449,36,60,5,1001216843,Highly recommend,Great quality and fast shipping. Will definitely buy again. Loved the flavor and texture. Will be ordering more very soon.
4451,B0025601,A540307,User_4450,11,16,3,1002565139,Decent,Neither impressive nor disappointing. Just a regular purchase. Middling product. Not excited to reorder but might anyway.
4452,B0077506,A575402,User_4451,40,57,5,1031734351,Great product!,Very happy with this purchase. Arrived quickly and well packaged. Great purchase. The product tastes exactly as described.
4453,B0045677,A933689,User_4452,40,46,4,1400691530,Wonderful!,Excellent product! The quality is outstanding and it tastes wonderful. Great quality and fast shipping. Will definitely buy again.
4454,B0058688,A606438,User_4453,41,63,5,1394189370,Excellent!,Perfect in every way. My family loves it and we keep buying more. This is the best food product I have tried in years. So delicious!
4455,B0064225,A174523,User_4454,15,30,5,1145883178,5 stars!,This is the best food product I have tried in years. So delicious! The taste is divine and it keeps me energized throughout the day.
4456,B0012183,A481030,User_4455,50,72,3,1019439689,Not bad,Average taste. Expected better but it is passable. It is okay. Nothing special but does the job.
4457,B0053173,A970368,User_4456,23,51,5,1421091400,Fantastic!,"This is the best food product I have tried in years. So delicious! Wonderful taste, great packaging, and arrived on time. Love it!"
4458,B0090297,A967831,User_4457,34,62,4,1238672785,Excellent!,Loved the flavor and texture. Will be ordering more very soon. This is the best food product I have tried in years. So delicious!
4459,B0091746,A799142,User_4458,23,30,5,1198422962,Amazing!,Very happy with this purchase. Arrived quickly and well packaged. Superb quality and flavor. This is now a staple in my household.
4460,B0040138,A378835,User_4459,35,52,5,1220276783,Excellent!,I love this product so much. It exceeded all my expectations. This is the best food product I have tried in years. So delicious!
4461,B0047769,A215828,User_4460,42,65,2,1024232056,Disappointed,Nothing as advertised. Feels like a scam. Very unhappy. The flavor is disgusting and the texture is completely off.
4462,B0097016,A869747,User_4461,47,74,3,1079992255,Alright,"Meets basic expectations. Nothing stands out about it. It does what it says. Nothing more, nothing less."
4463,B0029583,A587230,User_4462,26,52,5,1128012419,Highly recommend,Superb quality and flavor. This is now a staple in my household. Incredible product at a very reasonable price. Highly recommended!
4464,B0041745,A781473,User_4463,20,27,5,1415659099,Perfect!,Great purchase. The product tastes exactly as described. Absolutely delicious and healthy. I cannot imagine my life without it.
4465,B0029585,A829525,User_4464,30,30,5,1462488491,Perfect!,Top notch quality. I am very satisfied with my purchase. Loved the flavor and texture. Will be ordering more very soon.
4466,B0026629,A498323,User_4465,49,77,3,1066055156,Decent,Middling product. Not excited to reorder but might anyway. Average taste. Expected better but it is passable.
4467,B0026197,A509560,User_4466,13,34,2,1027335396,Don't buy,Not worth a single penny. Quality is shockingly bad. Not worth a single penny. Quality is shockingly bad.
4468,B0010868,A107409,User_4467,38,60,1,1390082296,Waste of money,Product was stale and expired. Very unhappy with this purchase. Product was stale and expired. Very unhappy with this purchase.
4469,B0089237,A411113,User_4468,48,71,5,1226993713,Good!,Incredible product at a very reasonable price. Highly recommended! Great quality and fast shipping. Will definitely buy again.
4470,B0021166,A430983,User_4469,46,47,1,1167690864,Horrible,The flavor is disgusting and the texture is completely off. Not worth a single penny. Quality is shockingly bad.
4471,B0029252,A537979,User_4470,10,33,5,1416344350,Wonderful!,Incredible product at a very reasonable price. Highly recommended! This is the best food product I have tried in years. So delicious!
4472,B0085845,A674678,User_4471,11,40,1,1021662860,Awful,Terrible product. Arrived broken and smelled awful. Never again. Packaging was horrible and the product leaked everywhere.
4473,B0045503,A717712,User_4472,28,35,3,1238656831,Not bad,"Middling product. Not excited to reorder but might anyway. It does what it says. Nothing more, nothing less."
4474,B0043835,A978523,User_4473,40,65,3,1412709336,Acceptable,It is fine. I have had better but also much worse. Decent enough for the price. Not amazing but not terrible either.
4475,B0039651,A341878,User_4474,26,30,3,1326024074,Average,"It is okay. Nothing special but does the job. It does what it says. Nothing more, nothing less."
4476,B0024287,A704745,User_4475,43,47,5,1261062799,Good!,Superb quality and flavor. This is now a staple in my household. Fantastic taste and great value for money. Highly recommend!
4477,B0046328,A188624,User_4476,1,22,1,1085312499,Horrible,
4478,B0093974,A203526,User_4477,21,28,5,1313700266,Loved it!,Incredible product at a very reasonable price. Highly recommended! Fantastic taste and great value for money. Highly recommend!
4479,B0019844,A521390,User_4478,14,38,3,1220720571,Fine,Decent enough for the price. Not amazing but not terrible either. It is fine. I have had better but also much worse.
4480,B0046836,A818926,User_4479,7,11,4,1281349677,Great product!,Really good product. I order this every month for my family. Very happy with this purchase. Arrived quickly and well packaged.
4481,B0014059,A958566,User_4480,10,22,4,1397598163,Amazing!,Superb quality and flavor. This is now a staple in my household. The taste is divine and it keeps me energized throughout the day.
4482,B0080549,A874465,User_4481,27,53,5,1086612604,Perfect!,Top notch quality. I am very satisfied with my purchase. This is the best food product I have tried in years. So delicious!
4483,B0073632,A425180,User_4482,7,29,2,1094738905,Horrible,Disappointed and frustrated. This product ruined my meal. Poor quality packaging. Items were damaged when received.
4484,B0077108,A488584,User_4483,12,29,5,1393513739,Perfect!,Superb quality and flavor. This is now a staple in my household. Loved the flavor and texture. Will be ordering more very soon.
4485,B0039156,A561552,User_4484,5,13,1,1301622723,Horrible,The flavor is disgusting and the texture is completely off. The flavor is disgusting and the texture is completely off.
4486,B0044765,A784623,User_4485,14,24,4,1270208501,Fantastic!,Great purchase. The product tastes exactly as described. Great quality and fast shipping. Will definitely buy again.
4487,B0035799,A520134,User_4486,20,44,5,1355259898,5 stars!,"Loved the flavor and texture. Will be ordering more very soon. Wonderful taste, great packaging, and arrived on time. Love it!"
4488,B0099248,A615427,User_4487,48,61,2,1482311704,Terrible,I regret buying this. The smell is awful and taste is worse. Packaging was horrible and the product leaked everywhere.
4489,B0093253,A925135,User_4488,29,35,4,1177269266,Excellent!,Excellent product! The quality is outstanding and it tastes wonderful. Incredible product at a very reasonable price. Highly recommended!
4490,B0071024,A959033,User_4489,5,26,4,1402201214,Highly recommend,This is the best food product I have tried in years. So delicious! Absolutely delicious and healthy. I cannot imagine my life without it.
4491,B0073139,A799779,User_4490,48,61,5,1425217478,Highly recommend,Loved the flavor and texture. Will be ordering more very soon. Superb quality and flavor. This is now a staple in my household.
4492,B0087560,A571984,User_4491,32,40,5,1164016263,Good!,Fantastic taste and great value for money. Highly recommend! Excellent product! The quality is outstanding and it tastes wonderful.
4493,B0081302,A888356,User_4492,0,18,5,1082607686,Highly recommend,Best snack I have ever had. My kids absolutely love it too. Top notch quality. I am very satisfied with my purchase.
4494,B0029808,A954158,User_4493,38,64,5,1243445251,Great product!,Great quality and fast shipping. Will definitely buy again. Great purchase. The product tastes exactly as described.
4495,B0049811,A518904,User_4494,27,50,5,1496031698,Great product!,This product is absolutely amazing! Best purchase I have ever made. Outstanding product. Five stars without any hesitation.
4496,B0015915,A490534,User_4495,45,55,5,1110666564,Good!,"Great quality and fast shipping. Will definitely buy again. Wonderful taste, great packaging, and arrived on time. Love it!"
4497,B0029475,A956080,User_4496,8,37,2,1398702188,Not recommended,Horrible product. Returned it immediately. Do not buy this. Very bad experience. Product did not match the description at all.
4498,B0022670,A596851,User_4497,43,68,1,1143547425,Disappointed,I regret buying this. The smell is awful and taste is worse. Nothing as advertised. Feels like a scam. Very unhappy.
4499,B0025041,A854530,User_4498,49,65,5,1138847231,Loved it!,Excellent product! The quality is outstanding and it tastes wonderful. Very happy with this purchase. Arrived quickly and well packaged.
4500,B0065978,A554058,User_4499,22,49,3,1316050733,Alright,Meets basic expectations. Nothing stands out about it. It is okay. Nothing special but does the job.
4501,B0079586,A503562,User_4500,23,42,3,1381812755,Decent,Average taste. Expected better but it is passable. Decent enough for the price. Not amazing but not terrible either.
4502,B0029303,A520343,User_4501,43,47,1,1260609690,Terrible,Nothing as advertised. Feels like a scam. Very unhappy. Product was stale and expired. Very unhappy with this purchase.
4503,B0039895,A363934,User_4502,8,23,5,1309089037,Amazing!,Outstanding product. Five stars without any hesitation. Fantastic taste and great value for money. Highly recommend!
4504,B0022154,A604006,User_4503,11,30,5,1441755237,Wonderful!,Superb quality and flavor. This is now a staple in my household. Top notch quality. I am very satisfied with my purchase.
4505,B0038444,A513190,User_4504,1,24,5,1397741634,Fantastic!,Fantastic taste and great value for money. Highly recommend! Really good product. I order this every month for my family.
4506,B0074498,A149145,User_4505,45,51,4,1321697265,Perfect!,This is the best food product I have tried in years. So delicious! Very happy with this purchase. Arrived quickly and well packaged.
4507,B0091619,A689445,User_4506,50,52,5,1080102160,Loved it!,Outstanding product. Five stars without any hesitation. Great purchase. The product tastes exactly as described.
4508,B0084167,A469925,User_4507,7,28,3,1481105846,Not bad,Decent enough for the price. Not amazing but not terrible either. Middling product. Not excited to reorder but might anyway.
4509,B0099319,A231829,User_4508,43,61,5,1463746366,Highly recommend,Really good product. I order this every month for my family. This product is absolutely amazing! Best purchase I have ever made.
4510,B0077770,A108829,User_4509,50,80,5,1201237451,Excellent!,Top notch quality. I am very satisfied with my purchase. Perfectly packaged and freshly delivered. Very happy with this order.
4511,B0020591,A624428,User_4510,32,35,5,1061690446,Highly recommend,I love this product so much. It exceeded all my expectations. Top notch quality. I am very satisfied with my purchase.
4512,B0075830,A803819,User_4511,47,48,2,1427865845,Very bad,Poor quality packaging. Items were damaged when received. Tasted terrible. Threw it straight in the bin. Complete waste.
4513,B0024293,A873211,User_4512,10,13,2,1457787865,Not recommended,Packaging was horrible and the product leaked everywhere. Worst purchase I have ever made. Do not waste your money.
4514,B0095608,A458637,User_4513,28,34,4,1344712208,5 stars!,Outstanding product. Five stars without any hesitation. Absolutely delicious and healthy. I cannot imagine my life without it.
4515,B0012030,A991151,User_4514,49,49,1,1493760429,Very bad,Nothing as advertised. Feels like a scam. Very unhappy. Not worth a single penny. Quality is shockingly bad.
4516,B0015588,A771886,User_4515,0,14,5,1320274550,Wonderful!,The taste is divine and it keeps me energized throughout the day. Best snack I have ever had. My kids absolutely love it too.
4517,B0099268,A246463,User_4516,12,13,4,1257934565,5 stars!,Superb quality and flavor. This is now a staple in my household. Perfectly packaged and freshly delivered. Very happy with this order.
4518,B0084299,A714586,User_4517,0,4,4,1370254872,Highly recommend,Really good product. I order this every month for my family. Great quality and fast shipping. Will definitely buy again.
4519,B0060183,A556959,User_4518,35,50,2,1104639460,Disappointed,Nothing as advertised. Feels like a scam. Very unhappy. I regret buying this. The smell is awful and taste is worse.
4520,B0029739,A425951,User_4519,3,8,5,1436179588,5 stars!,Great quality and fast shipping. Will definitely buy again. Very happy with this purchase. Arrived quickly and well packaged.
4521,B0050728,A445539,User_4520,3,10,5,1220679519,Excellent!,Best snack I have ever had. My kids absolutely love it too. Absolutely delicious and healthy. I cannot imagine my life without it.
4522,B0031315,A436231,User_4521,49,72,4,1218971098,Fantastic!,Great quality and fast shipping. Will definitely buy again. This is the best food product I have tried in years. So delicious!
4523,B0063529,A294034,User_4522,43,54,2,1338802942,Poor quality,Product was stale and expired. Very unhappy with this purchase. Nothing as advertised. Feels like a scam. Very unhappy.
4524,B0055063,A174039,User_4523,50,63,5,1442386872,Loved it!,I love this product so much. It exceeded all my expectations. Incredible product at a very reasonable price. Highly recommended!
4525,B0070707,A614862,User_4524,35,56,4,1470857620,Loved it!,Fantastic taste and great value for money. Highly recommend! Great quality and fast shipping. Will definitely buy again.
4526,B0078068,A481426,User_4525,6,13,4,1172712896,5 stars!,Excellent product! The quality is outstanding and it tastes wonderful. I love this product so much. It exceeded all my expectations.
4527,B0090812,A165035,User_4526,19,24,4,1148100825,Perfect!,Absolutely delicious and healthy. I cannot imagine my life without it. Great quality and fast shipping. Will definitely buy again.
4528,B0067045,A401484,User_4527,50,57,5,1239098381,5 stars!,Fantastic taste and great value for money. Highly recommend! Outstanding product. Five stars without any hesitation.
4529,B0038448,A701071,User_4528,33,36,4,1393399693,Excellent!,Incredible product at a very reasonable price. Highly recommended! Very happy with this purchase. Arrived quickly and well packaged.
4530,B0099034,A753477,User_4529,0,7,1,1196615665,Waste of money,
4531,B0053580,A663385,User_4530,38,38,5,1273121873,Excellent!,I love this product so much. It exceeded all my expectations. Loved the flavor and texture. Will be ordering more very soon.
4532,B0057398,A644638,User_4531,27,42,5,1483901065,Wonderful!,Best snack I have ever had. My kids absolutely love it too. The taste is divine and it keeps me energized throughout the day.
4533,B0076051,A619158,User_4532,5,13,5,1448723125,Highly recommend,Great quality and fast shipping. Will definitely buy again. This product is absolutely amazing! Best purchase I have ever made.
4534,B0072058,A654927,User_4533,0,14,1,1247734716,Poor quality,Very disappointed. The taste was nothing like described. Not worth a single penny. Quality is shockingly bad.
4535,B0069199,A240886,User_4534,50,70,5,1448993358,Good!,Outstanding product. Five stars without any hesitation. This is the best food product I have tried in years. So delicious!
4536,B0046993,A722104,User_4535,11,17,1,1300804592,Very bad,Horrible product. Returned it immediately. Do not buy this. Very bad experience. Product did not match the description at all.
4537,B0055459,A685432,User_4536,49,67,4,1377015668,Great product!,Best snack I have ever had. My kids absolutely love it too. Superb quality and flavor. This is now a staple in my household.
4538,B0026711,A625629,User_4537,23,31,2,1358090807,Awful,Very bad experience. Product did not match the description at all. Product was stale and expired. Very unhappy with this purchase.
4539,B0064658,A611338,User_4538,39,51,3,1390325927,Decent,Neither impressive nor disappointing. Just a regular purchase. Middling product. Not excited to reorder but might anyway.
4540,B0037945,A250566,User_4539,27,42,5,1130667697,Wonderful!,Absolutely delicious and healthy. I cannot imagine my life without it. Fantastic taste and great value for money. Highly recommend!
4541,B0049388,A590754,User_4540,32,45,4,1357998948,Perfect!,Top notch quality. I am very satisfied with my purchase. Top notch quality. I am very satisfied with my purchase.
4542,B0075833,A478108,User_4541,22,34,1,1260014608,Disgusting,Horrible product. Returned it immediately. Do not buy this. Nothing as advertised. Feels like a scam. Very unhappy.
4543,B0078508,A413614,User_4542,14,44,5,1488437761,Perfect!,Absolutely delicious and healthy. I cannot imagine my life without it. Absolutely delicious and healthy. I cannot imagine my life without it.
4544,B0079885,A876366,User_4543,6,12,5,1035931051,Wonderful!,Superb quality and flavor. This is now a staple in my household. Loved the flavor and texture. Will be ordering more very soon.
4545,B0028835,A389274,User_4544,10,33,5,1488691371,Good!,Best snack I have ever had. My kids absolutely love it too. Loved the flavor and texture. Will be ordering more very soon.
4546,B0035614,A248628,User_4545,19,44,4,1032125396,Amazing!,"Wonderful taste, great packaging, and arrived on time. Love it! Absolutely delicious and healthy. I cannot imagine my life without it."
4547,B0074748,A274704,User_4546,13,36,5,1450707207,Excellent!,Absolutely delicious and healthy. I cannot imagine my life without it. Excellent product! The quality is outstanding and it tastes wonderful.
4548,B0092112,A105187,User_4547,26,50,4,1376266827,Wonderful!,"Wonderful taste, great packaging, and arrived on time. Love it! Fantastic taste and great value for money. Highly recommend!"
4549,B0029542,A552067,User_4548,11,20,4,1173202347,5 stars!,"Wonderful taste, great packaging, and arrived on time. Love it! Excellent product! The quality is outstanding and it tastes wonderful."
4550,B0051230,A180745,User_4549,47,60,5,1100670934,Perfect!,Fantastic taste and great value for money. Highly recommend! Perfectly packaged and freshly delivered. Very happy with this order.
4551,B0050739,A820307,User_4550,16,28,5,1315126688,Good!,Great purchase. The product tastes exactly as described. This is the best food product I have tried in years. So delicious!
4552,B0048722,A833826,User_4551,32,60,5,1399891554,Fantastic!,Incredible product at a very reasonable price. Highly recommended! The taste is divine and it keeps me energized throughout the day.
4553,B0034337,A680922,User_4552,35,59,5,1373585895,Perfect!,This product is absolutely amazing! Best purchase I have ever made. Very happy with this purchase. Arrived quickly and well packaged.
4554,B0026811,A479390,User_4553,14,29,3,1076705538,Alright,It is okay. Nothing special but does the job. It is okay. Nothing special but does the job.
4555,B0093806,A825972,User_4554,46,53,1,1190377771,Waste of money,Disappointed and frustrated. This product ruined my meal. Tasted terrible. Threw it straight in the bin. Complete waste.
4556,B0052195,A142564,User_4555,11,34,1,1347655809,Disgusting,Very disappointed. The taste was nothing like described. Not worth a single penny. Quality is shockingly bad.
4557,B0036555,A534272,User_4556,3,15,3,1383297395,Not bad,Middling product. Not excited to reorder but might anyway. Average product. Neither good nor bad. Just acceptable.
4558,B0052852,A736825,User_4557,16,17,4,1316802617,Good!,Outstanding product. Five stars without any hesitation. This is the best food product I have tried in years. So delicious!
4559,B0025303,A278433,User_4558,34,48,4,1029604887,Great product!,Perfect in every way. My family loves it and we keep buying more. The taste is divine and it keeps me energized throughout the day.
4560,B0018861,A723810,User_4559,7,23,5,1427400173,Wonderful!,Best snack I have ever had. My kids absolutely love it too. Excellent product! The quality is outstanding and it tastes wonderful.
4561,B0071071,A967035,User_4560,44,62,4,1230942689,Wonderful!,I love this product so much. It exceeded all my expectations. Incredible product at a very reasonable price. Highly recommended!
4562,B0078994,A662256,User_4561,21,42,1,1372159956,Poor quality,Nothing as advertised. Feels like a scam. Very unhappy. Tasted terrible. Threw it straight in the bin. Complete waste.
4563,B0099071,A590118,User_4562,30,58,5,1433031682,Fantastic!,Perfectly packaged and freshly delivered. Very happy with this order. Best snack I have ever had. My kids absolutely love it too.
4564,B0083020,A921702,User_4563,10,39,4,1266054551,5 stars!,Perfectly packaged and freshly delivered. Very happy with this order. Top notch quality. I am very satisfied with my purchase.
4565,B0034453,A812442,User_4564,17,34,3,1246740840,Average,Average product. Neither good nor bad. Just acceptable. It is fine. I have had better but also much worse.
4566,B0082553,A343436,User_4565,47,50,3,1064624326,Alright,Okay product. Will consider alternatives next time. Neither impressive nor disappointing. Just a regular purchase.
4567,B0013308,A776703,User_4566,4,19,4,1299705661,Excellent!,Incredible product at a very reasonable price. Highly recommended! Fantastic taste and great value for money. Highly recommend!
4568,B0053400,A651746,User_4567,26,32,5,1173845545,Great product!,Really good product. I order this every month for my family. Great purchase. The product tastes exactly as described.
4569,B0016037,A552769,User_4568,22,36,1,1104711046,Horrible,Poor quality packaging. Items were damaged when received. Very bad experience. Product did not match the description at all.
4570,B0042706,A923260,User_4569,26,45,1,1383709878,Very bad,I regret buying this. The smell is awful and taste is worse. Horrible product. Returned it immediately. Do not buy this.
4571,B0042999,A818873,User_4570,32,34,5,1215447441,Perfect!,Great purchase. The product tastes exactly as described. Very happy with this purchase. Arrived quickly and well packaged.
4572,B0054093,A389018,User_4571,33,63,4,1001085811,Excellent!,Very happy with this purchase. Arrived quickly and well packaged. Best snack I have ever had. My kids absolutely love it too.
4573,B0057909,A136386,User_4572,31,33,5,1412236683,Good!,Great quality and fast shipping. Will definitely buy again. Fantastic taste and great value for money. Highly recommend!
4574,B0040199,A164700,User_4573,7,19,5,1341009123,Highly recommend,Loved the flavor and texture. Will be ordering more very soon. Superb quality and flavor. This is now a staple in my household.
4575,B0082616,A498357,User_4574,4,19,4,1057347655,Loved it!,Very happy with this purchase. Arrived quickly and well packaged. Great purchase. The product tastes exactly as described.
4576,B0079109,A939286,User_4575,2,26,5,1255262735,Fantastic!,Best snack I have ever had. My kids absolutely love it too. Really good product. I order this every month for my family.
4577,B0034469,A602218,User_4576,15,30,2,1155411119,Terrible,Product was stale and expired. Very unhappy with this purchase. I regret buying this. The smell is awful and taste is worse.
4578,B0076949,A246478,User_4577,23,39,2,1498423772,Awful,Very bad experience. Product did not match the description at all. The flavor is disgusting and the texture is completely off.
4579,B0071830,A420119,User_4578,15,36,1,1120473400,Waste of money,Extremely bitter and unpleasant. Could not eat it at all. Worst purchase I have ever made. Do not waste your money.
4580,B0030819,A535039,User_4579,30,57,4,1376153249,Highly recommend,The taste is divine and it keeps me energized throughout the day. Incredible product at a very reasonable price. Highly recommended!
4581,B0010932,A552767,User_4580,20,44,5,1010748476,Highly recommend,Very happy with this purchase. Arrived quickly and well packaged. Perfectly packaged and freshly delivered. Very happy with this order.
4582,B0044340,A311989,User_4581,4,30,3,1138075150,Acceptable,Okay product. Will consider alternatives next time. Average product. Neither good nor bad. Just acceptable.
4583,B0067852,A712532,User_4582,31,58,4,1032892751,Amazing!,Excellent product! The quality is outstanding and it tastes wonderful. Really good product. I order this every month for my family.
4584,B0061997,A139240,User_4583,25,50,5,1496457673,Loved it!,Excellent product! The quality is outstanding and it tastes wonderful. Fantastic taste and great value for money. Highly recommend!
4585,B0071972,A357691,User_4584,38,46,5,1084721110,Fantastic!,Incredible product at a very reasonable price. Highly recommended! Absolutely delicious and healthy. I cannot imagine my life without it.
4586,B0067035,A270107,User_4585,14,17,5,1188009116,5 stars!,Fantastic taste and great value for money. Highly recommend! Very happy with this purchase. Arrived quickly and well packaged.
4587,B0059766,A938966,User_4586,49,74,5,1202411414,Good!,Very happy with this purchase. Arrived quickly and well packaged. Great quality and fast shipping. Will definitely buy again.
1557,B0071638,A653984,User_1556,15,17,3,1123277409,Passable,Neither impressive nor disappointing. Just a regular purchase. Neither impressive nor disappointing. Just a regular purchase.
4589,B0015801,A369424,User_4588,40,48,5,1031606881,Highly recommend,"Wonderful taste, great packaging, and arrived on time. Love it! Superb quality and flavor. This is now a staple in my household."
4590,B0079766,A359178,User_4589,29,44,3,1025094086,Average,It is okay. Nothing special but does the job. Meets basic expectations. Nothing stands out about it.
4591,B0026843,A158311,User_4590,25,41,4,1157580813,Excellent!,Very happy with this purchase. Arrived quickly and well packaged. Really good product. I order this every month for my family.
4592,B0080822,A303403,User_4591,27,41,5,1064917102,Loved it!,Very happy with this purchase. Arrived quickly and well packaged. Very happy with this purchase. Arrived quickly and well packaged.
4593,B0081562,A193283,User_4592,45,54,5,1107899321,Loved it!,Perfect in every way. My family loves it and we keep buying more. Fantastic taste and great value for money. Highly recommend!
4594,B0074899,A670410,User_4593,41,46,3,1483387775,Decent,Decent enough for the price. Not amazing but not terrible either. Average taste. Expected better but it is passable.
4595,B0049220,A830121,User_4594,33,61,2,1053473745,Disgusting,Product was stale and expired. Very unhappy with this purchase. Very disappointed. The taste was nothing like described.
4596,B0052067,A299143,User_4595,43,72,1,1219584907,Waste of money,I regret buying this. The smell is awful and taste is worse. Worst purchase I have ever made. Do not waste your money.
4597,B0075608,A694197,User_4596,0,3,5,1366187488,Amazing!,Outstanding product. Five stars without any hesitation. Great purchase. The product tastes exactly as described.
4598,B0068555,A960630,User_4597,10,19,3,1213054962,Acceptable,Average product. Neither good nor bad. Just acceptable. Average taste. Expected better but it is passable.
4599,B0020358,A350678,User_4598,42,63,1,1454580638,Not recommended,Extremely bitter and unpleasant. Could not eat it at all. Horrible product. Returned it immediately. Do not buy this.
4600,B0097179,A353560,User_4599,44,63,5,1265323086,Good!,This is the best food product I have tried in years. So delicious! Outstanding product. Five stars without any hesitation.
4601,B0026958,A960668,User_4600,42,65,4,1249563488,Great product!,Great purchase. The product tastes exactly as described. Superb quality and flavor. This is now a staple in my household.
4602,B0017289,A120780,User_4601,0,19,5,1189044391,Amazing!,I love this product so much. It exceeded all my expectations. Really good product. I order this every month for my family.
4603,B0092020,A182816,User_4602,22,28,1,1079274065,Poor quality,Product was stale and expired. Very unhappy with this purchase. Very disappointed. The taste was nothing like described.
4604,B0071949,A213764,User_4603,2,12,5,1257857391,Wonderful!,Perfectly packaged and freshly delivered. Very happy with this order. I love this product so much. It exceeded all my expectations.
4605,B0051078,A217480,User_4604,43,63,5,1416832485,Great product!,"Perfect in every way. My family loves it and we keep buying more. Wonderful taste, great packaging, and arrived on time. Love it!"
4606,B0037211,A939879,User_4605,42,70,5,1000320931,Great product!,Best snack I have ever had. My kids absolutely love it too. Excellent product! The quality is outstanding and it tastes wonderful.
4607,B0019470,A633001,User_4606,20,32,2,1235052037,Disappointed,Very disappointed. The taste was nothing like described. Terrible product. Arrived broken and smelled awful. Never again.
4608,B0099655,A375613,User_4607,40,70,5,1059323795,Good!,This is the best food product I have tried in years. So delicious! Excellent product! The quality is outstanding and it tastes wonderful.
4609,B0038199,A801061,User_4608,37,58,5,1083617394,Excellent!,Loved the flavor and texture. Will be ordering more very soon. Absolutely delicious and healthy. I cannot imagine my life without it.
4610,B0061121,A122494,User_4609,36,47,3,1473169286,Decent,Neither impressive nor disappointing. Just a regular purchase. Middling product. Not excited to reorder but might anyway.
4611,B0082803,A519937,User_4610,16,18,4,1240454034,Fantastic!,Incredible product at a very reasonable price. Highly recommended! Absolutely delicious and healthy. I cannot imagine my life without it.
4612,B0057173,A470820,User_4611,38,59,2,1309051457,Disappointed,Tasted terrible. Threw it straight in the bin. Complete waste. Horrible product. Returned it immediately. Do not buy this.
4613,B0089190,A363813,User_4612,17,37,5,1379366189,Highly recommend,Perfectly packaged and freshly delivered. Very happy with this order. Outstanding product. Five stars without any hesitation.
4614,B0034848,A626141,User_4613,27,48,4,1394590412,Excellent!,"Perfect in every way. My family loves it and we keep buying more. Wonderful taste, great packaging, and arrived on time. Love it!"
4615,B0023464,A657608,User_4614,12,37,5,1369652574,Loved it!,Very happy with this purchase. Arrived quickly and well packaged. This is the best food product I have tried in years. So delicious!
4616,B0058682,A439091,User_4615,16,22,5,1251638453,Loved it!,Best snack I have ever had. My kids absolutely love it too. Incredible product at a very reasonable price. Highly recommended!
4617,B0027860,A459806,User_4616,39,47,5,1055075380,Excellent!,Fantastic taste and great value for money. Highly recommend! Best snack I have ever had. My kids absolutely love it too.
4618,B0061921,A648478,User_4617,11,20,1,1235728505,Awful,Extremely bitter and unpleasant. Could not eat it at all. Nothing as advertised. Feels like a scam. Very unhappy.
4619,B0026828,A622350,User_4618,8,25,5,1230840790,Fantastic!,Incredible product at a very reasonable price. Highly recommended! Excellent product! The quality is outstanding and it tastes wonderful.
4620,B0022488,A435316,User_4619,21,47,5,1114348557,Loved it!,This product is absolutely amazing! Best purchase I have ever made. Top notch quality. I am very satisfied with my purchase.
4621,B0096070,A489578,User_4620,48,75,1,1397976612,Not recommended,Very bad experience. Product did not match the description at all. Horrible product. Returned it immediately. Do not buy this.
4622,B0095831,A239911,User_4621,17,45,5,1174909997,Fantastic!,Best snack I have ever had. My kids absolutely love it too. Perfectly packaged and freshly delivered. Very happy with this order.
4623,B0014517,A830364,User_4622,27,52,3,1004977114,Passable,It is fine. I have had better but also much worse. It is okay. Nothing special but does the job.
4624,B0073014,A403614,User_4623,20,39,3,1220350522,Fine,Neither impressive nor disappointing. Just a regular purchase. Average taste. Expected better but it is passable.
4625,B0048736,A472746,User_4624,16,30,5,1468874033,Good!,Loved the flavor and texture. Will be ordering more very soon. Absolutely delicious and healthy. I cannot imagine my life without it.
4626,B0020774,A260935,User_4625,2,26,5,1427755755,Good!,Incredible product at a very reasonable price. Highly recommended! Best snack I have ever had. My kids absolutely love it too.
4627,B0043675,A697177,User_4626,35,51,5,1408599397,Highly recommend,The taste is divine and it keeps me energized throughout the day. Really good product. I order this every month for my family.
4628,B0044514,A511770,User_4627,41,53,3,1158714798,Passable,"It does what it says. Nothing more, nothing less. Average taste. Expected better but it is passable."
4629,B0038818,A209410,User_4628,37,54,1,1095803482,Poor quality,Extremely bitter and unpleasant. Could not eat it at all. Nothing as advertised. Feels like a scam. Very unhappy.
4630,B0010497,A460293,User_4629,44,47,4,1373823570,Excellent!,This is the best food product I have tried in years. So delicious! Top notch quality. I am very satisfied with my purchase.
4631,B0093305,A178454,User_4630,16,35,4,1246165609,Great product!,This product is absolutely amazing! Best purchase I have ever made. Great purchase. The product tastes exactly as described.
4632,B0025962,A389910,User_4631,33,41,4,1084441290,Loved it!,I love this product so much. It exceeded all my expectations. I love this product so much. It exceeded all my expectations.
4633,B0011995,A302225,User_4632,21,33,1,1305731795,Very bad,I regret buying this. The smell is awful and taste is worse. Disappointed and frustrated. This product ruined my meal.
4634,B0060815,A532084,User_4633,0,20,5,1386922914,5 stars!,Superb quality and flavor. This is now a staple in my household. Great purchase. The product tastes exactly as described.
4635,B0020698,A738176,User_4634,43,46,5,1326143438,Good!,Incredible product at a very reasonable price. Highly recommended! Best snack I have ever had. My kids absolutely love it too.
4636,B0046354,A579680,User_4635,18,40,5,1492189370,Loved it!,"Wonderful taste, great packaging, and arrived on time. Love it! This is the best food product I have tried in years. So delicious!"
3260,B0073755,A528715,User_3259,42,43,5,1034437238,Perfect!,This product is absolutely amazing! Best purchase I have ever made. Superb quality and flavor. This is now a staple in my household.
4638,B0056592,A463270,User_4637,50,63,4,1369127818,5 stars!,This is the best food product I have tried in years. So delicious! Really good product. I order this every month for my family.
4639,B0028656,A576916,User_4638,19,20,5,1157898791,5 stars!,The taste is divine and it keeps me energized throughout the day. Outstanding product. Five stars without any hesitation.
4640,B0087447,A841879,User_4639,30,56,5,1113096809,Great product!,This is the best food product I have tried in years. So delicious! Excellent product! The quality is outstanding and it tastes wonderful.
4641,B0088315,A648701,User_4640,7,16,1,1274728026,Poor quality,Very bad experience. Product did not match the description at all. Poor quality packaging. Items were damaged when received.
4642,B0060063,A321376,User_4641,34,44,3,1294075352,Fine,Decent enough for the price. Not amazing but not terrible either. Okay product. Will consider alternatives next time.
4643,B0050093,A432798,User_4642,19,35,3,1337731818,So so,It is fine. I have had better but also much worse. Neither impressive nor disappointing. Just a regular purchase.
4644,B0056206,A176397,User_4643,41,50,3,1054058484,Alright,Average product. Neither good nor bad. Just acceptable. Neither impressive nor disappointing. Just a regular purchase.
4645,B0070471,A575074,User_4644,12,22,4,1261499480,Excellent!,Great purchase. The product tastes exactly as described. Incredible product at a very reasonable price. Highly recommended!
4646,B0050879,A699649,User_4645,49,51,4,1487718867,Good!,Outstanding product. Five stars without any hesitation. This product is absolutely amazing! Best purchase I have ever made.
4647,B0045549,A672739,User_4646,21,23,3,1386165675,Passable,Decent enough for the price. Not amazing but not terrible either. It is fine. I have had better but also much worse.
4648,B0036835,A309420,User_4647,41,70,3,1218615069,Acceptable,"Middling product. Not excited to reorder but might anyway. It does what it says. Nothing more, nothing less."
4649,B0037988,A781749,User_4648,22,38,5,1247956513,Wonderful!,Superb quality and flavor. This is now a staple in my household. Perfect in every way. My family loves it and we keep buying more.
4650,B0019060,A626040,User_4649,20,33,5,1213480962,Excellent!,Loved the flavor and texture. Will be ordering more very soon. Great quality and fast shipping. Will definitely buy again.
4651,B0088008,A578440,User_4650,19,40,5,1072742464,Amazing!,Very happy with this purchase. Arrived quickly and well packaged. Great purchase. The product tastes exactly as described.
4652,B0090259,A847235,User_4651,49,68,5,1464183499,Perfect!,Perfectly packaged and freshly delivered. Very happy with this order. This is the best food product I have tried in years. So delicious!
4653,B0072760,A193315,User_4652,4,25,4,1090167468,Perfect!,Outstanding product. Five stars without any hesitation. Outstanding product. Five stars without any hesitation.
4654,B0022672,A788632,User_4653,43,56,3,1455366464,Not bad,"It does what it says. Nothing more, nothing less. It does what it says. Nothing more, nothing less."
4655,B0026053,A353268,User_4654,28,37,5,1474501097,Great product!,Great quality and fast shipping. Will definitely buy again. Top notch quality. I am very satisfied with my purchase.
4656,B0099591,A444120,User_4655,11,32,5,1235365902,Excellent!,Superb quality and flavor. This is now a staple in my household. Top notch quality. I am very satisfied with my purchase.
2904,B0020070,A127626,User_2903,39,41,5,1256794058,Highly recommend,The taste is divine and it keeps me energized throughout the day. Great quality and fast shipping. Will definitely buy again.
4658,B0039724,A516721,User_4657,16,41,5,1077221680,Wonderful!,Great quality and fast shipping. Will definitely buy again. Best snack I have ever had. My kids absolutely love it too.
4659,B0039764,A544820,User_4658,41,48,5,1396340962,Amazing!,Superb quality and flavor. This is now a staple in my household. Perfectly packaged and freshly delivered. Very happy with this order.
4660,B0041855,A747629,User_4659,22,49,3,1186691896,Passable,Meets basic expectations. Nothing stands out about it. Okay product. Will consider alternatives next time.
4661,B0046258,A553012,User_4660,30,42,4,1167509517,Loved it!,Top notch quality. I am very satisfied with my purchase. This is the best food product I have tried in years. So delicious!
4662,B0086104,A359462,User_4661,16,43,5,1132378772,Good!,Incredible product at a very reasonable price. Highly recommended! Loved the flavor and texture. Will be ordering more very soon.
4663,B0069103,A788966,User_4662,5,14,5,1038580932,5 stars!,Loved the flavor and texture. Will be ordering more very soon. Great purchase. The product tastes exactly as described.
4664,B0031578,A313210,User_4663,4,14,5,1212744079,Great product!,Superb quality and flavor. This is now a staple in my household. Very happy with this purchase. Arrived quickly and well packaged.
4665,B0091555,A947129,User_4664,3,22,2,1343785078,Disappointed,Not worth a single penny. Quality is shockingly bad. Worst purchase I have ever made. Do not waste your money.
4666,B0066640,A981822,User_4665,50,63,5,1124626293,Good!,Great quality and fast shipping. Will definitely buy again. Great quality and fast shipping. Will definitely buy again.
4667,B0090643,A668966,User_4666,47,56,5,1308461217,Loved it!,Superb quality and flavor. This is now a staple in my household. Best snack I have ever had. My kids absolutely love it too.
4668,B0071263,A846636,User_4667,41,62,2,1035833687,Horrible,The flavor is disgusting and the texture is completely off. Worst purchase I have ever made. Do not waste your money.
4669,B0013734,A944747,User_4668,43,47,5,1171029529,Loved it!,Outstanding product. Five stars without any hesitation. Really good product. I order this every month for my family.
4670,B0022089,A703107,User_4669,16,30,3,1273951856,Okay,Neither impressive nor disappointing. Just a regular purchase. It is okay. Nothing special but does the job.
4671,B0013296,A472665,User_4670,47,54,4,1165882704,Good!,The taste is divine and it keeps me energized throughout the day. I love this product so much. It exceeded all my expectations.
4672,B0015991,A845108,User_4671,26,28,2,1226026822,Horrible,Very bad experience. Product did not match the description at all. Not worth a single penny. Quality is shockingly bad.
4673,B0037003,A880716,User_4672,5,7,5,1146409609,5 stars!,Perfectly packaged and freshly delivered. Very happy with this order. Best snack I have ever had. My kids absolutely love it too.
4674,B0092992,A663293,User_4673,50,79,5,1475554945,Wonderful!,Really good product. I order this every month for my family. Best snack I have ever had. My kids absolutely love it too.
4675,B0049655,A558608,User_4674,30,44,5,1259036037,Amazing!,Great purchase. The product tastes exactly as described. I love this product so much. It exceeded all my expectations.
4676,B0039659,A796563,User_4675,31,52,5,1067705159,Perfect!,I love this product so much. It exceeded all my expectations. Best snack I have ever had. My kids absolutely love it too.
4677,B0048599,A362496,User_4676,42,62,5,1180100573,Excellent!,Top notch quality. I am very satisfied with my purchase. The taste is divine and it keeps me energized throughout the day.
4678,B0049521,A171609,User_4677,1,24,3,1224702871,Passable,Neither impressive nor disappointing. Just a regular purchase. Meets basic expectations. Nothing stands out about it.
4679,B0088611,A586513,User_4678,38,56,5,1029087097,5 stars!,Perfect in every way. My family loves it and we keep buying more. Superb quality and flavor. This is now a staple in my household.
4680,B0088597,A785062,User_4679,45,50,4,1443541884,Amazing!,Best snack I have ever had. My kids absolutely love it too. Perfectly packaged and freshly delivered. Very happy with this order.
4681,B0075055,A659818,User_4680,36,58,1,1151805487,Not recommended,I regret buying this. The smell is awful and taste is worse. Worst purchase I have ever made. Do not waste your money.
4682,B0057749,A247709,User_4681,17,43,4,1206131645,5 stars!,"Great purchase. The product tastes exactly as described. Wonderful taste, great packaging, and arrived on time. Love it!"
4683,B0081137,A442906,User_4682,9,11,5,1433200539,Highly recommend,Outstanding product. Five stars without any hesitation. Perfectly packaged and freshly delivered. Very happy with this order.
4684,B0056654,A815670,User_4683,34,46,5,1250929777,Great product!,Superb quality and flavor. This is now a staple in my household. I love this product so much. It exceeded all my expectations.
4685,B0082292,A505877,User_4684,15,21,5,1478529155,Wonderful!,"Wonderful taste, great packaging, and arrived on time. Love it! Loved the flavor and texture. Will be ordering more very soon."
4686,B0064179,A148140,User_4685,21,26,5,1275078078,Perfect!,I love this product so much. It exceeded all my expectations. This is the best food product I have tried in years. So delicious!
4687,B0092168,A826139,User_4686,12,22,5,1084597540,Good!,"Wonderful taste, great packaging, and arrived on time. Love it! Wonderful taste, great packaging, and arrived on time. Love it!"
4688,B0019020,A228625,User_4687,46,53,4,1350776235,Highly recommend,"Wonderful taste, great packaging, and arrived on time. Love it! Fantastic taste and great value for money. Highly recommend!"
4689,B0079557,A729151,User_4688,5,22,1,1024053532,Horrible,Packaging was horrible and the product leaked everywhere. Tasted terrible. Threw it straight in the bin. Complete waste.
4690,B0078615,A744588,User_4689,30,39,3,1366174597,Not bad,Neither impressive nor disappointing. Just a regular purchase. Neither impressive nor disappointing. Just a regular purchase.
4691,B0076399,A886402,User_4690,32,53,5,1109609926,Great product!,I love this product so much. It exceeded all my expectations. Very happy with this purchase. Arrived quickly and well packaged.
4692,B0022100,A711481,User_4691,17,45,5,1233988158,Loved it!,Perfect in every way. My family loves it and we keep buying more. Superb quality and flavor. This is now a staple in my household.
4693,B0072411,A216224,User_4692,13,43,3,1333050259,Normal,Neither impressive nor disappointing. Just a regular purchase. Okay product. Will consider alternatives next time.
4694,B0077074,A912555,User_4693,44,47,5,1011511858,Highly recommend,Best snack I have ever had. My kids absolutely love it too. Incredible product at a very reasonable price. Highly recommended!
4695,B0062883,A962170,User_4694,39,40,5,1209798923,Fantastic!,Perfectly packaged and freshly delivered. Very happy with this order. Really good product. I order this every month for my family.
4696,B0017036,A870670,User_4695,10,27,2,1372429873,Very bad,Extremely bitter and unpleasant. Could not eat it at all. Product was stale and expired. Very unhappy with this purchase.
4697,B0027148,A553157,User_4696,29,40,3,1487504226,So so,Okay product. Will consider alternatives next time. Okay product. Will consider alternatives next time.
4698,B0025152,A235170,User_4697,6,24,2,1057713288,Disappointed,Poor quality packaging. Items were damaged when received. Worst purchase I have ever made. Do not waste your money.
4699,B0058019,A376548,User_4698,45,69,4,1171944969,Perfect!,Incredible product at a very reasonable price. Highly recommended! The taste is divine and it keeps me energized throughout the day.
4700,B0085063,A545192,User_4699,24,30,4,1381194019,Amazing!,Great quality and fast shipping. Will definitely buy again. Very happy with this purchase. Arrived quickly and well packaged.
4701,B0087432,A732036,User_4700,6,28,5,1427101842,Highly recommend,Perfectly packaged and freshly delivered. Very happy with this order. Excellent product! The quality is outstanding and it tastes wonderful.
4702,B0030112,A421408,User_4701,48,75,5,1377386250,Loved it!,Superb quality and flavor. This is now a staple in my household. The taste is divine and it keeps me energized throughout the day.
4703,B0075423,A764609,User_4702,32,42,5,1188399348,Great product!,The taste is divine and it keeps me energized throughout the day. Fantastic taste and great value for money. Highly recommend!
4704,B0089561,A593383,User_4703,18,41,4,1017617156,Great product!,"Very happy with this purchase. Arrived quickly and well packaged. Wonderful taste, great packaging, and arrived on time. Love it!"
4705,B0043440,A541351,User_4704,41,52,4,1356011760,5 stars!,Very happy with this purchase. Arrived quickly and well packaged. Outstanding product. Five stars without any hesitation.
4706,B0038488,A837863,User_4705,2,8,5,1436551907,Loved it!,Great quality and fast shipping. Will definitely buy again. I love this product so much. It exceeded all my expectations.
4707,B0069813,A276287,User_4706,28,45,4,1099204738,Wonderful!,"Wonderful taste, great packaging, and arrived on time. Love it! Wonderful taste, great packaging, and arrived on time. Love it!"
4708,B0067292,A720663,User_4707,39,56,5,1210921019,5 stars!,Fantastic taste and great value for money. Highly recommend! Great quality and fast shipping. Will definitely buy again.
4709,B0038782,A305443,User_4708,47,73,5,1488706258,Excellent!,Really good product. I order this every month for my family. Really good product. I order this every month for my family.
4710,B0077498,A512440,User_4709,19,22,1,1034717738,Horrible,Worst purchase I have ever made. Do not waste your money. I regret buying this. The smell is awful and taste is worse.
4711,B0026720,A940651,User_4710,6,10,2,1127538060,Disgusting,I regret buying this. The smell is awful and taste is worse. Poor quality packaging. Items were damaged when received.
4712,B0074362,A817230,User_4711,9,10,5,1138172510,5 stars!,Perfectly packaged and freshly delivered. Very happy with this order. Perfectly packaged and freshly delivered. Very happy with this order.
4713,B0047809,A662750,User_4712,26,29,4,1015843979,Good!,I love this product so much. It exceeded all my expectations. Perfectly packaged and freshly delivered. Very happy with this order.
4714,B0086463,A397750,User_4713,3,31,3,1376653399,Okay,Neither impressive nor disappointing. Just a regular purchase. Neither impressive nor disappointing. Just a regular purchase.
4715,B0015902,A244061,User_4714,40,44,2,1334917629,Don't buy,Horrible product. Returned it immediately. Do not buy this. Horrible product. Returned it immediately. Do not buy this.
4716,B0037611,A552580,User_4715,34,38,4,1467532805,Excellent!,This is the best food product I have tried in years. So delicious! Perfect in every way. My family loves it and we keep buying more.
4717,B0038100,A650723,User_4716,40,65,5,1253008275,Great product!,Best snack I have ever had. My kids absolutely love it too. Perfect in every way. My family loves it and we keep buying more.
4718,B0025404,A479466,User_4717,36,60,5,1121566408,Fantastic!,Absolutely delicious and healthy. I cannot imagine my life without it. Excellent product! The quality is outstanding and it tastes wonderful.
4719,B0030994,A977144,User_4718,31,49,5,1050249332,Amazing!,Perfect in every way. My family loves it and we keep buying more. This product is absolutely amazing! Best purchase I have ever made.
4720,B0031938,A222602,User_4719,0,11,2,1464467144,Terrible,I regret buying this. The smell is awful and taste is worse. Very disappointed. The taste was nothing like described.
4721,B0034407,A608817,User_4720,48,52,5,1072513041,Highly recommend,Perfect in every way. My family loves it and we keep buying more. Superb quality and flavor. This is now a staple in my household.
4722,B0040030,A718507,User_4721,9,9,5,1083069457,Highly recommend,Top notch quality. I am very satisfied with my purchase. Great quality and fast shipping. Will definitely buy again.
4723,B0088916,A579801,User_4722,31,54,5,1425718789,Fantastic!,Top notch quality. I am very satisfied with my purchase. This is the best food product I have tried in years. So delicious!
4724,B0052138,A300528,User_4723,9,28,5,1413821013,Great product!,Very happy with this purchase. Arrived quickly and well packaged. Incredible product at a very reasonable price. Highly recommended!
4725,B0044608,A555194,User_4724,21,42,5,1360785300,Good!,"Wonderful taste, great packaging, and arrived on time. Love it! Really good product. I order this every month for my family."
4726,B0082974,A604770,User_4725,24,25,3,1029754915,Okay,It is okay. Nothing special but does the job. Decent enough for the price. Not amazing but not terrible either.
4727,B0015368,A692014,User_4726,0,13,5,1437838234,Amazing!,This product is absolutely amazing! Best purchase I have ever made. Excellent product! The quality is outstanding and it tastes wonderful.
4728,B0067536,A862195,User_4727,28,58,1,1436981247,Awful,Horrible product. Returned it immediately. Do not buy this. Product was stale and expired. Very unhappy with this purchase.
4729,B0011806,A979186,User_4728,45,63,1,1382366497,Terrible,I regret buying this. The smell is awful and taste is worse. Very bad experience. Product did not match the description at all.
4730,B0047989,A735649,User_4729,25,55,5,1231906564,Excellent!,I love this product so much. It exceeded all my expectations. Best snack I have ever had. My kids absolutely love it too.
4731,B0069043,A150972,User_4730,21,41,1,1206092921,Waste of money,Worst purchase I have ever made. Do not waste your money. Terrible product. Arrived broken and smelled awful. Never again.
4732,B0037097,A194849,User_4731,32,49,1,1235714562,Disappointed,Nothing as advertised. Feels like a scam. Very unhappy. Not worth a single penny. Quality is shockingly bad.
4733,B0099884,A952128,User_4732,22,35,5,1233768012,Excellent!,Best snack I have ever had. My kids absolutely love it too. Best snack I have ever had. My kids absolutely love it too.
4734,B0025421,A104115,User_4733,4,10,2,1217940007,Disappointed,Disappointed and frustrated. This product ruined my meal. Very bad experience. Product did not match the description at all.
4735,B0050920,A237485,User_4734,37,37,5,1173394079,Highly recommend,Great quality and fast shipping. Will definitely buy again. Great purchase. The product tastes exactly as described.
4736,B0078860,A786795,User_4735,17,32,3,1153806540,Okay,"Average product. Neither good nor bad. Just acceptable. It does what it says. Nothing more, nothing less."
4737,B0038618,A956418,User_4736,48,66,1,1352178816,Very bad,Product was stale and expired. Very unhappy with this purchase. Tasted terrible. Threw it straight in the bin. Complete waste.
4738,B0061949,A990447,User_4737,21,24,4,1002284179,Loved it!,Very happy with this purchase. Arrived quickly and well packaged. Best snack I have ever had. My kids absolutely love it too.
4739,B0082820,A618471,User_4738,48,58,2,1174118962,Disgusting,I regret buying this. The smell is awful and taste is worse. Product was stale and expired. Very unhappy with this purchase.
4740,B0070728,A952691,User_4739,18,27,2,1125795149,Disgusting,Extremely bitter and unpleasant. Could not eat it at all. Poor quality packaging. Items were damaged when received.
4008,B0048107,A467819,User_4007,19,42,1,1436013404,Waste of money,I regret buying this. The smell is awful and taste is worse. Terrible product. Arrived broken and smelled awful. Never again.
4742,B0070271,A736189,User_4741,35,42,3,1340872701,Decent,"It does what it says. Nothing more, nothing less. Average taste. Expected better but it is passable."
4743,B0071813,A895871,User_4742,40,41,5,1095971027,Loved it!,I love this product so much. It exceeded all my expectations. Great purchase. The product tastes exactly as described.
4744,B0075060,A160951,User_4743,42,65,1,1149097730,Not recommended,The flavor is disgusting and the texture is completely off. I regret buying this. The smell is awful and taste is worse.
4745,B0043533,A812691,User_4744,48,64,5,1084166448,Perfect!,This product is absolutely amazing! Best purchase I have ever made. Incredible product at a very reasonable price. Highly recommended!
4746,B0010835,A924837,User_4745,44,65,5,1336730751,Excellent!,Best snack I have ever had. My kids absolutely love it too. Great purchase. The product tastes exactly as described.
4747,B0070167,A750275,User_4746,33,61,5,1350001831,Highly recommend,Excellent product! The quality is outstanding and it tastes wonderful. Superb quality and flavor. This is now a staple in my household.
4748,B0012359,A428002,User_4747,13,17,4,1061159968,Perfect!,Incredible product at a very reasonable price. Highly recommended! This product is absolutely amazing! Best purchase I have ever made.
4749,B0038990,A997645,User_4748,32,42,5,1371303190,Perfect!,Very happy with this purchase. Arrived quickly and well packaged. Great quality and fast shipping. Will definitely buy again.
4750,B0062781,A855287,User_4749,40,55,5,1463016277,Excellent!,"Wonderful taste, great packaging, and arrived on time. Love it! Great purchase. The product tastes exactly as described."
4751,B0060462,A877210,User_4750,35,42,5,1221122952,5 stars!,Perfectly packaged and freshly delivered. Very happy with this order. Absolutely delicious and healthy. I cannot imagine my life without it.
4752,B0063887,A808939,User_4751,30,40,5,1303437696,Fantastic!,This is the best food product I have tried in years. So delicious! This is the best food product I have tried in years. So delicious!
4753,B0056301,A233386,User_4752,30,40,5,1149003673,Great product!,Outstanding product. Five stars without any hesitation. Superb quality and flavor. This is now a staple in my household.
4754,B0062719,A977327,User_4753,44,63,3,1118785185,Alright,Okay product. Will consider alternatives next time. Middling product. Not excited to reorder but might anyway.
4755,B0011641,A109466,User_4754,43,45,5,1179819567,Great product!,Incredible product at a very reasonable price. Highly recommended! Top notch quality. I am very satisfied with my purchase.
4756,B0010489,A296998,User_4755,27,41,1,1120078469,Not recommended,Product was stale and expired. Very unhappy with this purchase. Extremely bitter and unpleasant. Could not eat it at all.
4757,B0098107,A666258,User_4756,16,26,5,1376494273,Excellent!,Fantastic taste and great value for money. Highly recommend! Fantastic taste and great value for money. Highly recommend!
4758,B0068888,A792488,User_4757,4,28,5,1089477335,5 stars!,Perfectly packaged and freshly delivered. Very happy with this order. Great purchase. The product tastes exactly as described.
4759,B0059496,A576259,User_4758,25,39,4,1268746346,Fantastic!,"Great purchase. The product tastes exactly as described. Wonderful taste, great packaging, and arrived on time. Love it!"
4760,B0028251,A266561,User_4759,36,66,4,1400191139,Good!,Great purchase. The product tastes exactly as described. Outstanding product. Five stars without any hesitation.
4761,B0031240,A205758,User_4760,25,50,4,1233182352,Great product!,Best snack I have ever had. My kids absolutely love it too. Excellent product! The quality is outstanding and it tastes wonderful.
4762,B0082040,A234853,User_4761,30,50,5,1490424951,Fantastic!,Great quality and fast shipping. Will definitely buy again. I love this product so much. It exceeded all my expectations.
4763,B0030270,A230233,User_4762,33,41,5,1039341167,Highly recommend,Excellent product! The quality is outstanding and it tastes wonderful. This is the best food product I have tried in years. So delicious!
4764,B0025747,A913533,User_4763,49,70,1,1250376097,Awful,Not worth a single penny. Quality is shockingly bad. I regret buying this. The smell is awful and taste is worse.
4765,B0033722,A940592,User_4764,3,21,5,1295359378,Perfect!,Loved the flavor and texture. Will be ordering more very soon. Absolutely delicious and healthy. I cannot imagine my life without it.
4766,B0094543,A483076,User_4765,40,67,4,1357303404,Great product!,This is the best food product I have tried in years. So delicious! Great purchase. The product tastes exactly as described.
4767,B0080617,A767881,User_4766,12,41,4,1006456709,Loved it!,Great quality and fast shipping. Will definitely buy again. This is the best food product I have tried in years. So delicious!
4768,B0026653,A178885,User_4767,28,51,5,1196329950,Loved it!,This product is absolutely amazing! Best purchase I have ever made. I love this product so much. It exceeded all my expectations.
4769,B0025849,A699923,User_4768,6,35,5,1297437505,Wonderful!,Best snack I have ever had. My kids absolutely love it too. Absolutely delicious and healthy. I cannot imagine my life without it.
4770,B0086156,A143479,User_4769,22,29,5,1477529084,Good!,This is the best food product I have tried in years. So delicious! This is the best food product I have tried in years. So delicious!
4771,B0037856,A764704,User_4770,17,46,5,1036390153,Wonderful!,Absolutely delicious and healthy. I cannot imagine my life without it. Great quality and fast shipping. Will definitely buy again.
4772,B0075987,A387326,User_4771,31,35,2,1128720408,Not recommended,Nothing as advertised. Feels like a scam. Very unhappy. Tasted terrible. Threw it straight in the bin. Complete waste.
4773,B0064439,A468934,User_4772,39,57,5,1278793773,Amazing!,Really good product. I order this every month for my family. Very happy with this purchase. Arrived quickly and well packaged.
4774,B0080409,A866519,User_4773,28,51,5,1017191792,Excellent!,Perfectly packaged and freshly delivered. Very happy with this order. Perfect in every way. My family loves it and we keep buying more.
4775,B0031631,A935200,User_4774,10,12,5,1178741141,Good!,Perfect in every way. My family loves it and we keep buying more. Best snack I have ever had. My kids absolutely love it too.
4776,B0073014,A501280,User_4775,15,42,3,1243247631,Alright,Okay product. Will consider alternatives next time. Okay product. Will consider alternatives next time.
4777,B0082823,A279853,User_4776,35,39,5,1120447712,5 stars!,Loved the flavor and texture. Will be ordering more very soon. Top notch quality. I am very satisfied with my purchase.
4778,B0044287,A966396,User_4777,16,22,5,1100282608,Excellent!,Excellent product! The quality is outstanding and it tastes wonderful. Absolutely delicious and healthy. I cannot imagine my life without it.
4779,B0067719,A419549,User_4778,17,26,3,1062139881,Alright,Okay product. Will consider alternatives next time. Neither impressive nor disappointing. Just a regular purchase.
4780,B0027519,A955123,User_4779,49,75,2,1120032532,Disgusting,Terrible product. Arrived broken and smelled awful. Never again. Packaging was horrible and the product leaked everywhere.
4781,B0065923,A858252,User_4780,44,62,4,1203025233,Fantastic!,Loved the flavor and texture. Will be ordering more very soon. Really good product. I order this every month for my family.
4782,B0044265,A383809,User_4781,30,41,3,1416486508,Not bad,Middling product. Not excited to reorder but might anyway. Meets basic expectations. Nothing stands out about it.
4783,B0038245,A537332,User_4782,6,31,5,1432962441,Amazing!,Perfect in every way. My family loves it and we keep buying more. The taste is divine and it keeps me energized throughout the day.
4784,B0088472,A822078,User_4783,27,56,5,1238146124,Great product!,Excellent product! The quality is outstanding and it tastes wonderful. Really good product. I order this every month for my family.
4785,B0036999,A291755,User_4784,49,69,5,1460236705,Perfect!,Incredible product at a very reasonable price. Highly recommended! Excellent product! The quality is outstanding and it tastes wonderful.
4786,B0035894,A257815,User_4785,28,41,5,1299532193,Wonderful!,The taste is divine and it keeps me energized throughout the day. Loved the flavor and texture. Will be ordering more very soon.
4787,B0011454,A137383,User_4786,1,12,4,1406522950,Wonderful!,Really good product. I order this every month for my family. The taste is divine and it keeps me energized throughout the day.
4788,B0049238,A198409,User_4787,14,38,5,1489958436,Amazing!,Perfectly packaged and freshly delivered. Very happy with this order. This is the best food product I have tried in years. So delicious!
4789,B0057205,A509664,User_4788,26,51,4,1350854758,5 stars!,Loved the flavor and texture. Will be ordering more very soon. Loved the flavor and texture. Will be ordering more very soon.
4790,B0094390,A452931,User_4789,3,18,5,1300696570,Fantastic!,Perfect in every way. My family loves it and we keep buying more. This product is absolutely amazing! Best purchase I have ever made.
1042,B0090356,A294609,User_1041,44,69,5,1428709673,Excellent!,Excellent product! The quality is outstanding and it tastes wonderful. I love this product so much. It exceeded all my expectations.
4792,B0066477,A527854,User_4791,7,10,4,1159242628,Good!,Top notch quality. I am very satisfied with my purchase. Fantastic taste and great value for money. Highly recommend!
4793,B0084700,A327610,User_4792,49,58,3,1191608214,Fine,Average taste. Expected better but it is passable. It is fine. I have had better but also much worse.
4794,B0031771,A762877,User_4793,44,61,4,1178374540,Amazing!,This is the best food product I have tried in years. So delicious! Outstanding product. Five stars without any hesitation.
4795,B0096803,A930462,User_4794,32,42,5,1446761860,Wonderful!,Excellent product! The quality is outstanding and it tastes wonderful. Superb quality and flavor. This is now a staple in my household.
4796,B0014808,A347277,User_4795,41,71,5,1199871533,Amazing!,Fantastic taste and great value for money. Highly recommend! Outstanding product. Five stars without any hesitation.
4797,B0062729,A730850,User_4796,34,44,1,1071609506,Waste of money,Packaging was horrible and the product leaked everywhere. Product was stale and expired. Very unhappy with this purchase.
4798,B0062545,A322442,User_4797,42,52,3,1219452368,Passable,Okay product. Will consider alternatives next time. It is fine. I have had better but also much worse.
4799,B0096524,A811053,User_4798,22,39,5,1059170443,5 stars!,Perfect in every way. My family loves it and we keep buying more. Incredible product at a very reasonable price. Highly recommended!
4800,B0062047,A469945,User_4799,19,45,5,1169276937,Fantastic!,The taste is divine and it keeps me energized throughout the day. Superb quality and flavor. This is now a staple in my household.
4801,B0014254,A138241,User_4800,2,6,5,1063964169,Excellent!,Best snack I have ever had. My kids absolutely love it too. Fantastic taste and great value for money. Highly recommend!
4802,B0045804,A647276,User_4801,49,55,1,1016198669,Very bad,Disappointed and frustrated. This product ruined my meal. Extremely bitter and unpleasant. Could not eat it at all.
4803,B0081182,A263220,User_4802,0,9,5,1236474168,Wonderful!,Outstanding product. Five stars without any hesitation. Very happy with this purchase. Arrived quickly and well packaged.
4804,B0056178,A401936,User_4803,28,48,5,1005977756,Fantastic!,Fantastic taste and great value for money. Highly recommend! This is the best food product I have tried in years. So delicious!
4805,B0040357,A297772,User_4804,31,54,1,1394639410,Disgusting,Product was stale and expired. Very unhappy with this purchase. I regret buying this. The smell is awful and taste is worse.
4806,B0022386,A867340,User_4805,7,24,1,1186713288,Awful,Horrible product. Returned it immediately. Do not buy this. I regret buying this. The smell is awful and taste is worse.
4807,B0033816,A237863,User_4806,33,55,5,1357338137,Good!,Really good product. I order this every month for my family. The taste is divine and it keeps me energized throughout the day.
4808,B0036526,A501878,User_4807,7,21,5,1196170767,Good!,"Wonderful taste, great packaging, and arrived on time. Love it! Superb quality and flavor. This is now a staple in my household."
4809,B0043079,A234455,User_4808,4,18,4,1267214588,Good!,Perfectly packaged and freshly delivered. Very happy with this order. Absolutely delicious and healthy. I cannot imagine my life without it.
4810,B0095646,A438724,User_4809,47,48,4,1004509062,Wonderful!,This product is absolutely amazing! Best purchase I have ever made. Great quality and fast shipping. Will definitely buy again.
4811,B0044684,A352268,User_4810,2,17,3,1195512337,Passable,It is fine. I have had better but also much worse. Middling product. Not excited to reorder but might anyway.
4812,B0036946,A806317,User_4811,43,46,5,1083987828,5 stars!,Perfectly packaged and freshly delivered. Very happy with this order. Excellent product! The quality is outstanding and it tastes wonderful.
4813,B0054571,A664616,User_4812,49,56,5,1334413923,Fantastic!,Perfect in every way. My family loves it and we keep buying more. Fantastic taste and great value for money. Highly recommend!
4814,B0078295,A195780,User_4813,28,40,2,1200511389,Waste of money,Not worth a single penny. Quality is shockingly bad. Not worth a single penny. Quality is shockingly bad.
4815,B0046322,A389947,User_4814,15,26,1,1019390649,Poor quality,The flavor is disgusting and the texture is completely off. Worst purchase I have ever made. Do not waste your money.
4816,B0085796,A115197,User_4815,31,32,3,1301790806,Okay,Okay product. Will consider alternatives next time. Meets basic expectations. Nothing stands out about it.
4817,B0083717,A346433,User_4816,49,51,5,1213931072,Amazing!,Perfect in every way. My family loves it and we keep buying more. Incredible product at a very reasonable price. Highly recommended!
4818,B0022002,A156260,User_4817,39,39,3,1285401980,Fine,"It does what it says. Nothing more, nothing less. Okay product. Will consider alternatives next time."
4819,B0024741,A774449,User_4818,10,25,5,1264522724,Amazing!,Very happy with this purchase. Arrived quickly and well packaged. Great quality and fast shipping. Will definitely buy again.
4820,B0078269,A618537,User_4819,43,72,5,1477537892,Excellent!,Perfectly packaged and freshly delivered. Very happy with this order. Outstanding product. Five stars without any hesitation.
4821,B0096222,A429125,User_4820,49,75,5,1428338935,Wonderful!,Loved the flavor and texture. Will be ordering more very soon. The taste is divine and it keeps me energized throughout the day.
4822,B0050538,A428591,User_4821,45,69,3,1143310455,Fine,Average taste. Expected better but it is passable. Meets basic expectations. Nothing stands out about it.
4823,B0066753,A996665,User_4822,23,47,3,1155313412,Fine,It is okay. Nothing special but does the job. It is okay. Nothing special but does the job.
4824,B0056069,A724217,User_4823,1,17,5,1049719546,Excellent!,Superb quality and flavor. This is now a staple in my household. Incredible product at a very reasonable price. Highly recommended!
4825,B0022855,A893475,User_4824,46,61,5,1068025498,Loved it!,Really good product. I order this every month for my family. Excellent product! The quality is outstanding and it tastes wonderful.
4826,B0030187,A652654,User_4825,32,59,1,1414700673,Not recommended,Product was stale and expired. Very unhappy with this purchase. I regret buying this. The smell is awful and taste is worse.
4827,B0044260,A978899,User_4826,5,30,2,1102516449,Very bad,Nothing as advertised. Feels like a scam. Very unhappy. Nothing as advertised. Feels like a scam. Very unhappy.
4828,B0033765,A397604,User_4827,16,36,5,1184507943,Great product!,Perfect in every way. My family loves it and we keep buying more. Very happy with this purchase. Arrived quickly and well packaged.
4829,B0025512,A168729,User_4828,5,34,1,1498423589,Waste of money,The flavor is disgusting and the texture is completely off. Horrible product. Returned it immediately. Do not buy this.
4830,B0013812,A805232,User_4829,39,66,5,1361652471,5 stars!,Loved the flavor and texture. Will be ordering more very soon. Incredible product at a very reasonable price. Highly recommended!
4831,B0060960,A386947,User_4830,24,53,5,1314970901,Amazing!,Really good product. I order this every month for my family. Top notch quality. I am very satisfied with my purchase.
4832,B0040807,A267378,User_4831,17,26,5,1312748214,5 stars!,Very happy with this purchase. Arrived quickly and well packaged. Excellent product! The quality is outstanding and it tastes wonderful.
4833,B0071300,A164265,User_4832,42,69,3,1449560169,Alright,Average product. Neither good nor bad. Just acceptable. Meets basic expectations. Nothing stands out about it.
4834,B0083050,A247999,User_4833,24,53,1,1456804952,Disappointed,I regret buying this. The smell is awful and taste is worse. The flavor is disgusting and the texture is completely off.
4835,B0099418,A396833,User_4834,3,9,5,1375089502,Highly recommend,Best snack I have ever had. My kids absolutely love it too. This product is absolutely amazing! Best purchase I have ever made.
4836,B0021579,A654926,User_4835,46,59,5,1293218894,Wonderful!,
4837,B0072107,A411978,User_4836,5,13,5,1316392305,Wonderful!,Fantastic taste and great value for money. Highly recommend! Incredible product at a very reasonable price. Highly recommended!
4838,B0012487,A298837,User_4837,16,37,4,1233012117,Great product!,Perfect in every way. My family loves it and we keep buying more. Excellent product! The quality is outstanding and it tastes wonderful.
4839,B0050229,A889602,User_4838,3,31,5,1352080150,Amazing!,Very happy with this purchase. Arrived quickly and well packaged. Outstanding product. Five stars without any hesitation.
4840,B0083283,A463357,User_4839,13,42,5,1093058452,Perfect!,Excellent product! The quality is outstanding and it tastes wonderful. Top notch quality. I am very satisfied with my purchase.
4841,B0039559,A151663,User_4840,18,32,5,1170705476,Excellent!,Very happy with this purchase. Arrived quickly and well packaged. This product is absolutely amazing! Best purchase I have ever made.
4842,B0059317,A611557,User_4841,42,63,3,1301354437,So so,It is okay. Nothing special but does the job. Middling product. Not excited to reorder but might anyway.
4843,B0043085,A393622,User_4842,24,28,5,1213216235,Wonderful!,Fantastic taste and great value for money. Highly recommend! Incredible product at a very reasonable price. Highly recommended!
4844,B0092040,A487000,User_4843,41,56,1,1320351786,Waste of money,The flavor is disgusting and the texture is completely off. Terrible product. Arrived broken and smelled awful. Never again.
4845,B0079340,A115186,User_4844,6,21,1,1080782491,Not recommended,
4846,B0022431,A896883,User_4845,3,24,5,1469362629,Perfect!,"Wonderful taste, great packaging, and arrived on time. Love it! Incredible product at a very reasonable price. Highly recommended!"
4847,B0020900,A881849,User_4846,14,42,5,1214301693,Good!,Best snack I have ever had. My kids absolutely love it too. Absolutely delicious and healthy. I cannot imagine my life without it.
4848,B0063840,A729406,User_4847,50,62,1,1132343607,Horrible,Poor quality packaging. Items were damaged when received. Nothing as advertised. Feels like a scam. Very unhappy.
4849,B0054308,A322673,User_4848,37,56,5,1168385018,Great product!,Great purchase. The product tastes exactly as described. Top notch quality. I am very satisfied with my purchase.
4850,B0085941,A873326,User_4849,43,43,5,1231329938,Fantastic!,Great quality and fast shipping. Will definitely buy again. Really good product. I order this every month for my family.
4851,B0055824,A358738,User_4850,46,68,4,1013397960,Fantastic!,This is the best food product I have tried in years. So delicious! The taste is divine and it keeps me energized throughout the day.
4852,B0057373,A293039,User_4851,8,18,1,1018786094,Awful,Tasted terrible. Threw it straight in the bin. Complete waste. Terrible product. Arrived broken and smelled awful. Never again.
4853,B0082415,A640531,User_4852,43,44,2,1205554814,Poor quality,Very disappointed. The taste was nothing like described. I regret buying this. The smell is awful and taste is worse.
4854,B0091975,A156736,User_4853,25,42,4,1347976725,Loved it!,I love this product so much. It exceeded all my expectations. Superb quality and flavor. This is now a staple in my household.
4855,B0058794,A996499,User_4854,17,22,4,1100441188,Wonderful!,Absolutely delicious and healthy. I cannot imagine my life without it. Top notch quality. I am very satisfied with my purchase.
4856,B0085067,A712638,User_4855,15,35,4,1179704753,Fantastic!,
4857,B0043817,A770722,User_4856,50,50,3,1357294073,So so,Decent enough for the price. Not amazing but not terrible either. Okay product. Will consider alternatives next time.
4858,B0031878,A692451,User_4857,45,61,4,1185670620,Perfect!,Fantastic taste and great value for money. Highly recommend! Great purchase. The product tastes exactly as described.
4859,B0019601,A737640,User_4858,38,45,4,1033773802,Highly recommend,This is the best food product I have tried in years. So delicious! Best snack I have ever had. My kids absolutely love it too.
4860,B0091613,A929651,User_4859,19,25,5,1196604535,Perfect!,Superb quality and flavor. This is now a staple in my household. Incredible product at a very reasonable price. Highly recommended!
4861,B0042341,A588249,User_4860,26,37,1,1046918491,Terrible,Very bad experience. Product did not match the description at all. Tasted terrible. Threw it straight in the bin. Complete waste.
4862,B0075488,A125630,User_4861,21,50,5,1259077042,Amazing!,Really good product. I order this every month for my family. I love this product so much. It exceeded all my expectations.
4863,B0085210,A246500,User_4862,1,29,5,1429678437,Great product!,The taste is divine and it keeps me energized throughout the day. Very happy with this purchase. Arrived quickly and well packaged.
4864,B0035864,A377870,User_4863,9,38,4,1408754380,Great product!,"I love this product so much. It exceeded all my expectations. Wonderful taste, great packaging, and arrived on time. Love it!"
4865,B0023684,A382937,User_4864,32,62,5,1315346698,5 stars!,Very happy with this purchase. Arrived quickly and well packaged. I love this product so much. It exceeded all my expectations.
4866,B0037338,A104099,User_4865,21,46,4,1468449766,Loved it!,Loved the flavor and texture. Will be ordering more very soon. The taste is divine and it keeps me energized throughout the day.
4867,B0063754,A416963,User_4866,31,33,1,1405493005,Poor quality,Very bad experience. Product did not match the description at all. Packaging was horrible and the product leaked everywhere.
4868,B0035352,A925999,User_4867,26,42,3,1239839527,Normal,"It is okay. Nothing special but does the job. It does what it says. Nothing more, nothing less."
4869,B0061626,A312034,User_4868,8,16,5,1373011034,Great product!,Great quality and fast shipping. Will definitely buy again. The taste is divine and it keeps me energized throughout the day.
4870,B0054099,A190218,User_4869,25,33,3,1195008487,Average,Neither impressive nor disappointing. Just a regular purchase. It is okay. Nothing special but does the job.
4871,B0085523,A125216,User_4870,15,29,5,1040563963,Loved it!,Outstanding product. Five stars without any hesitation. Incredible product at a very reasonable price. Highly recommended!
4872,B0075083,A749839,User_4871,29,43,5,1464929737,Excellent!,This is the best food product I have tried in years. So delicious! Fantastic taste and great value for money. Highly recommend!
4873,B0033234,A112608,User_4872,17,24,3,1314085704,So so,Neither impressive nor disappointing. Just a regular purchase. It is okay. Nothing special but does the job.
4874,B0074076,A590793,User_4873,40,64,5,1107780130,Great product!,The taste is divine and it keeps me energized throughout the day. Top notch quality. I am very satisfied with my purchase.
4875,B0062395,A607737,User_4874,11,19,5,1254810732,Loved it!,Outstanding product. Five stars without any hesitation. Great quality and fast shipping. Will definitely buy again.
4876,B0070452,A200865,User_4875,16,43,5,1471101350,Wonderful!,Great purchase. The product tastes exactly as described. Top notch quality. I am very satisfied with my purchase.
4877,B0066055,A801785,User_4876,2,20,5,1279699987,Perfect!,"This product is absolutely amazing! Best purchase I have ever made. Wonderful taste, great packaging, and arrived on time. Love it!"
4878,B0078113,A684331,User_4877,5,16,4,1134466857,Perfect!,Top notch quality. I am very satisfied with my purchase. Very happy with this purchase. Arrived quickly and well packaged.
4879,B0074536,A282337,User_4878,3,17,5,1315659479,Wonderful!,"Really good product. I order this every month for my family. Wonderful taste, great packaging, and arrived on time. Love it!"
4880,B0072421,A347054,User_4879,26,52,5,1179623842,Wonderful!,The taste is divine and it keeps me energized throughout the day. Superb quality and flavor. This is now a staple in my household.
4881,B0073978,A810597,User_4880,30,42,5,1116973216,Fantastic!,Fantastic taste and great value for money. Highly recommend! Great quality and fast shipping. Will definitely buy again.
4882,B0057986,A444504,User_4881,26,36,5,1035925801,5 stars!,Top notch quality. I am very satisfied with my purchase. Superb quality and flavor. This is now a staple in my household.
4883,B0084443,A836733,User_4882,10,22,5,1448346772,Highly recommend,Best snack I have ever had. My kids absolutely love it too. The taste is divine and it keeps me energized throughout the day.
4884,B0037472,A822950,User_4883,17,47,2,1092695197,Horrible,Worst purchase I have ever made. Do not waste your money. Product was stale and expired. Very unhappy with this purchase.
4885,B0057301,A353258,User_4884,32,40,3,1243923240,Passable,"It is okay. Nothing special but does the job. It does what it says. Nothing more, nothing less."
4886,B0083269,A235495,User_4885,0,26,3,1430900815,So so,Neither impressive nor disappointing. Just a regular purchase. Meets basic expectations. Nothing stands out about it.
4887,B0065724,A893238,User_4886,4,10,5,1106238979,Excellent!,The taste is divine and it keeps me energized throughout the day. Perfectly packaged and freshly delivered. Very happy with this order.
4888,B0019424,A612715,User_4887,39,63,5,1143407980,Good!,Great purchase. The product tastes exactly as described. Incredible product at a very reasonable price. Highly recommended!
4889,B0037344,A597774,User_4888,23,37,3,1410830387,Passable,It is fine. I have had better but also much worse. It is fine. I have had better but also much worse.
4890,B0050448,A760183,User_4889,24,31,5,1466166038,Highly recommend,Very happy with this purchase. Arrived quickly and well packaged. The taste is divine and it keeps me energized throughout the day.
4891,B0021704,A774307,User_4890,42,67,5,1134850226,Great product!,The taste is divine and it keeps me energized throughout the day. Excellent product! The quality is outstanding and it tastes wonderful.
4892,B0073638,A331328,User_4891,8,25,5,1433380828,Great product!,Top notch quality. I am very satisfied with my purchase. Outstanding product. Five stars without any hesitation.
4893,B0043664,A613297,User_4892,34,64,4,1466068699,Excellent!,Excellent product! The quality is outstanding and it tastes wonderful. Excellent product! The quality is outstanding and it tastes wonderful.
4894,B0088068,A557352,User_4893,14,20,3,1179438751,Decent,Decent enough for the price. Not amazing but not terrible either. Average taste. Expected better but it is passable.
4895,B0019564,A471823,User_4894,13,32,1,1284520315,Not recommended,Not worth a single penny. Quality is shockingly bad. Worst purchase I have ever made. Do not waste your money.
4896,B0086654,A459816,User_4895,1,26,5,1347014947,Excellent!,Outstanding product. Five stars without any hesitation. This is the best food product I have tried in years. So delicious!
4897,B0055356,A369751,User_4896,43,72,5,1010680477,Loved it!,This product is absolutely amazing! Best purchase I have ever made. Absolutely delicious and healthy. I cannot imagine my life without it.
4898,B0038843,A562250,User_4897,21,35,5,1359186999,Loved it!,Perfectly packaged and freshly delivered. Very happy with this order. Superb quality and flavor. This is now a staple in my household.
4899,B0082797,A517162,User_4898,19,21,5,1035507220,Fantastic!,Absolutely delicious and healthy. I cannot imagine my life without it. Really good product. I order this every month for my family.
4900,B0013078,A168022,User_4899,2,27,5,1335228818,Good!,Really good product. I order this every month for my family. Outstanding product. Five stars without any hesitation.
4901,B0081791,A558826,User_4900,34,49,5,1264415923,Amazing!,This is the best food product I have tried in years. So delicious! This is the best food product I have tried in years. So delicious!
4902,B0095505,A233456,User_4901,37,57,1,1227155674,Very bad,The flavor is disgusting and the texture is completely off. Worst purchase I have ever made. Do not waste your money.
4903,B0081358,A565371,User_4902,10,21,1,1369215657,Awful,Not worth a single penny. Quality is shockingly bad. Extremely bitter and unpleasant. Could not eat it at all.
4904,B0049030,A474307,User_4903,15,29,4,1085632847,5 stars!,"Wonderful taste, great packaging, and arrived on time. Love it! Perfect in every way. My family loves it and we keep buying more."
4905,B0033482,A598928,User_4904,1,16,5,1060128738,5 stars!,"Wonderful taste, great packaging, and arrived on time. Love it! Perfect in every way. My family loves it and we keep buying more."
189,B0084467,A736656,User_188,5,26,4,1490227098,Wonderful!,This is the best food product I have tried in years. So delicious! Very happy with this purchase. Arrived quickly and well packaged.
4907,B0074407,A453950,User_4906,8,13,2,1144334748,Disgusting,Terrible product. Arrived broken and smelled awful. Never again. Worst purchase I have ever made. Do not waste your money.
4908,B0027075,A436058,User_4907,39,61,4,1223809067,Great product!,I love this product so much. It exceeded all my expectations. Loved the flavor and texture. Will be ordering more very soon.
4909,B0035164,A425042,User_4908,37,61,3,1409790465,Fine,Meets basic expectations. Nothing stands out about it. Neither impressive nor disappointing. Just a regular purchase.
4910,B0036277,A684493,User_4909,33,57,5,1047877961,Fantastic!,Perfect in every way. My family loves it and we keep buying more. Incredible product at a very reasonable price. Highly recommended!
4911,B0089666,A211924,User_4910,16,41,5,1212982640,Great product!,Best snack I have ever had. My kids absolutely love it too. Loved the flavor and texture. Will be ordering more very soon.
4912,B0089551,A402095,User_4911,11,29,5,1148837612,Excellent!,"Wonderful taste, great packaging, and arrived on time. Love it! The taste is divine and it keeps me energized throughout the day."
4913,B0011702,A590893,User_4912,25,34,2,1366813383,Disgusting,Packaging was horrible and the product leaked everywhere. Disappointed and frustrated. This product ruined my meal.
4914,B0099073,A202051,User_4913,48,53,5,1202243037,Loved it!,Great purchase. The product tastes exactly as described. This product is absolutely amazing! Best purchase I have ever made.
4915,B0074226,A288454,User_4914,1,11,5,1041309601,Good!,Best snack I have ever had. My kids absolutely love it too. This product is absolutely amazing! Best purchase I have ever made.
4916,B0063220,A508560,User_4915,21,42,5,1171714737,Amazing!,Great quality and fast shipping. Will definitely buy again. Excellent product! The quality is outstanding and it tastes wonderful.
4917,B0025070,A526022,User_4916,5,28,5,1079831091,Good!,This product is absolutely amazing! Best purchase I have ever made. Perfect in every way. My family loves it and we keep buying more.
4918,B0057621,A548780,User_4917,4,16,3,1375762705,Acceptable,Okay product. Will consider alternatives next time. Average taste. Expected better but it is passable.
4919,B0013613,A210889,User_4918,3,30,5,1431929944,Great product!,Loved the flavor and texture. Will be ordering more very soon. Perfectly packaged and freshly delivered. Very happy with this order.
4920,B0014346,A456081,User_4919,20,40,3,1491742733,Not bad,Neither impressive nor disappointing. Just a regular purchase. Neither impressive nor disappointing. Just a regular purchase.
4921,B0022317,A816535,User_4920,25,46,1,1231676239,Not recommended,Not worth a single penny. Quality is shockingly bad. Very disappointed. The taste was nothing like described.
4922,B0019829,A359064,User_4921,3,10,1,1413402053,Not recommended,Packaging was horrible and the product leaked everywhere. Product was stale and expired. Very unhappy with this purchase.
4923,B0020747,A708276,User_4922,49,59,3,1180059147,Alright,Neither impressive nor disappointing. Just a regular purchase. It is okay. Nothing special but does the job.
4924,B0039352,A327704,User_4923,36,66,5,1133284156,Good!,Incredible product at a very reasonable price. Highly recommended! Very happy with this purchase. Arrived quickly and well packaged.
4925,B0089926,A937431,User_4924,13,25,5,1081157909,Perfect!,Loved the flavor and texture. Will be ordering more very soon. Perfect in every way. My family loves it and we keep buying more.
4926,B0023928,A909395,User_4925,16,26,4,1436158145,Great product!,This product is absolutely amazing! Best purchase I have ever made. Great purchase. The product tastes exactly as described.
4927,B0053818,A705133,User_4926,25,40,5,1075772552,Highly recommend,Perfectly packaged and freshly delivered. Very happy with this order. Perfect in every way. My family loves it and we keep buying more.
4928,B0050363,A881163,User_4927,40,54,4,1068454480,Fantastic!,Incredible product at a very reasonable price. Highly recommended! Really good product. I order this every month for my family.
4929,B0078903,A233732,User_4928,27,42,4,1454650651,Fantastic!,Superb quality and flavor. This is now a staple in my household. Great quality and fast shipping. Will definitely buy again.
4930,B0010029,A736712,User_4929,8,19,4,1362467239,Fantastic!,Loved the flavor and texture. Will be ordering more very soon. Perfect in every way. My family loves it and we keep buying more.
4931,B0050346,A379189,User_4930,9,26,4,1424592601,Perfect!,Perfect in every way. My family loves it and we keep buying more. Great quality and fast shipping. Will definitely buy again.
4932,B0047101,A287938,User_4931,45,49,1,1140504479,Disappointed,The flavor is disgusting and the texture is completely off. Poor quality packaging. Items were damaged when received.
4933,B0034042,A585146,User_4932,41,68,3,1484766315,Passable,It is fine. I have had better but also much worse. It is okay. Nothing special but does the job.
4934,B0036058,A842184,User_4933,10,28,5,1471773256,Perfect!,Loved the flavor and texture. Will be ordering more very soon. The taste is divine and it keeps me energized throughout the day.
4935,B0064093,A153481,User_4934,7,9,3,1415420234,Normal,Okay product. Will consider alternatives next time. Meets basic expectations. Nothing stands out about it.
4936,B0042914,A972697,User_4935,18,37,5,1241405178,Great product!,Very happy with this purchase. Arrived quickly and well packaged. Perfectly packaged and freshly delivered. Very happy with this order.
4937,B0075456,A245580,User_4936,19,41,5,1021005673,Wonderful!,This product is absolutely amazing! Best purchase I have ever made. Top notch quality. I am very satisfied with my purchase.
4938,B0091064,A172324,User_4937,29,55,3,1398069391,Alright,Average taste. Expected better but it is passable. Decent enough for the price. Not amazing but not terrible either.
4939,B0030484,A462540,User_4938,22,41,5,1363197434,Highly recommend,Great purchase. The product tastes exactly as described. Excellent product! The quality is outstanding and it tastes wonderful.
4940,B0019776,A161728,User_4939,19,39,4,1273835285,Highly recommend,Incredible product at a very reasonable price. Highly recommended! Outstanding product. Five stars without any hesitation.
4941,B0044281,A772838,User_4940,45,70,5,1050884861,Excellent!,Loved the flavor and texture. Will be ordering more very soon. Top notch quality. I am very satisfied with my purchase.
4942,B0086680,A202993,User_4941,40,49,5,1001294445,Loved it!,Excellent product! The quality is outstanding and it tastes wonderful. This is the best food product I have tried in years. So delicious!
4943,B0089129,A317783,User_4942,31,36,5,1057558526,Perfect!,"Really good product. I order this every month for my family. Wonderful taste, great packaging, and arrived on time. Love it!"
4944,B0011673,A367054,User_4943,21,49,5,1144832517,Great product!,Absolutely delicious and healthy. I cannot imagine my life without it. Superb quality and flavor. This is now a staple in my household.
4945,B0021407,A970849,User_4944,39,68,4,1283481520,Highly recommend,"Wonderful taste, great packaging, and arrived on time. Love it! Outstanding product. Five stars without any hesitation."
4946,B0010332,A995492,User_4945,8,17,4,1370971440,Amazing!,Outstanding product. Five stars without any hesitation. This is the best food product I have tried in years. So delicious!
4947,B0078757,A333395,User_4946,36,45,4,1058057476,Good!,Great purchase. The product tastes exactly as described. Great quality and fast shipping. Will definitely buy again.
4948,B0061613,A767510,User_4947,14,29,5,1090099699,Wonderful!,I love this product so much. It exceeded all my expectations. Great purchase. The product tastes exactly as described.
4949,B0022746,A361683,User_4948,44,68,5,1312919962,Excellent!,"Wonderful taste, great packaging, and arrived on time. Love it! Excellent product! The quality is outstanding and it tastes wonderful."
4950,B0060393,A697052,User_4949,38,42,3,1386837632,Acceptable,Decent enough for the price. Not amazing but not terrible either. Decent enough for the price. Not amazing but not terrible either.
4951,B0042779,A152994,User_4950,38,62,3,1237688057,Okay,"It does what it says. Nothing more, nothing less. Neither impressive nor disappointing. Just a regular purchase."
4952,B0070328,A557875,User_4951,9,23,4,1038816686,5 stars!,This is the best food product I have tried in years. So delicious! Great quality and fast shipping. Will definitely buy again.
4953,B0089377,A265252,User_4952,25,34,5,1330403002,Highly recommend,Fantastic taste and great value for money. Highly recommend! Top notch quality. I am very satisfied with my purchase.
4954,B0012431,A595504,User_4953,36,61,3,1299772632,So so,Average taste. Expected better but it is passable. It is fine. I have had better but also much worse.
4955,B0050876,A748785,User_4954,39,64,5,1287356976,Highly recommend,This product is absolutely amazing! Best purchase I have ever made. I love this product so much. It exceeded all my expectations.
4956,B0092423,A996194,User_4955,19,24,5,1146280989,Wonderful!,Really good product. I order this every month for my family. Perfectly packaged and freshly delivered. Very happy with this order.
4957,B0096333,A876842,User_4956,26,47,5,1023386215,Fantastic!,Incredible product at a very reasonable price. Highly recommended! Outstanding product. Five stars without any hesitation.
4958,B0089008,A665805,User_4957,15,42,4,1415749540,5 stars!,Loved the flavor and texture. Will be ordering more very soon. Loved the flavor and texture. Will be ordering more very soon.
4959,B0084801,A742812,User_4958,47,56,5,1451009731,Highly recommend,Excellent product! The quality is outstanding and it tastes wonderful. Excellent product! The quality is outstanding and it tastes wonderful.
4960,B0021739,A775318,User_4959,2,25,5,1298262110,Good!,Outstanding product. Five stars without any hesitation. Absolutely delicious and healthy. I cannot imagine my life without it.
4961,B0054908,A446619,User_4960,2,24,4,1322708139,Fantastic!,Perfectly packaged and freshly delivered. Very happy with this order. The taste is divine and it keeps me energized throughout the day.
4962,B0073072,A628740,User_4961,26,28,3,1472296995,Not bad,It is okay. Nothing special but does the job. Neither impressive nor disappointing. Just a regular purchase.
4963,B0039382,A289724,User_4962,32,47,3,1353419957,Not bad,Average taste. Expected better but it is passable. Average taste. Expected better but it is passable.
4964,B0079509,A402012,User_4963,45,74,5,1134792339,Good!,Really good product. I order this every month for my family. Really good product. I order this every month for my family.
4965,B0096701,A951817,User_4964,31,50,5,1132209050,Fantastic!,Outstanding product. Five stars without any hesitation. Fantastic taste and great value for money. Highly recommend!
4966,B0013507,A568150,User_4965,17,47,5,1240216051,5 stars!,Great quality and fast shipping. Will definitely buy again. Great purchase. The product tastes exactly as described.
4967,B0059993,A596138,User_4966,43,61,5,1412345905,Loved it!,Perfectly packaged and freshly delivered. Very happy with this order. Very happy with this purchase. Arrived quickly and well packaged.
4968,B0069531,A298121,User_4967,47,71,5,1424625831,Loved it!,This product is absolutely amazing! Best purchase I have ever made. This is the best food product I have tried in years. So delicious!
4969,B0090359,A325672,User_4968,11,27,2,1162156903,Horrible,Horrible product. Returned it immediately. Do not buy this. Poor quality packaging. Items were damaged when received.
4970,B0085011,A839094,User_4969,15,41,5,1297320894,Loved it!,Outstanding product. Five stars without any hesitation. Really good product. I order this every month for my family.
4971,B0059924,A972660,User_4970,1,30,1,1357570143,Disappointed,Extremely bitter and unpleasant. Could not eat it at all. Very disappointed. The taste was nothing like described.
4972,B0070527,A692415,User_4971,3,8,5,1410335322,Loved it!,This is the best food product I have tried in years. So delicious! Really good product. I order this every month for my family.
4973,B0097334,A173264,User_4972,9,18,3,1492479298,Decent,Neither impressive nor disappointing. Just a regular purchase. Average taste. Expected better but it is passable.
4974,B0040299,A971729,User_4973,34,45,1,1464142255,Disgusting,Disappointed and frustrated. This product ruined my meal. Product was stale and expired. Very unhappy with this purchase.
4975,B0060738,A237989,User_4974,14,25,4,1347828818,Loved it!,Top notch quality. I am very satisfied with my purchase. Excellent product! The quality is outstanding and it tastes wonderful.
4976,B0069256,A732313,User_4975,15,41,4,1390523688,Highly recommend,I love this product so much. It exceeded all my expectations. Absolutely delicious and healthy. I cannot imagine my life without it.
4977,B0033790,A732997,User_4976,23,53,5,1439557837,Great product!,Fantastic taste and great value for money. Highly recommend! This product is absolutely amazing! Best purchase I have ever made.
4978,B0014793,A145509,User_4977,17,37,4,1393672434,Fantastic!,Incredible product at a very reasonable price. Highly recommended! Loved the flavor and texture. Will be ordering more very soon.
4979,B0086550,A331784,User_4978,41,67,3,1473361946,Decent,It is okay. Nothing special but does the job. Average taste. Expected better but it is passable.
4980,B0098550,A571777,User_4979,4,6,1,1064094795,Awful,Product was stale and expired. Very unhappy with this purchase. The flavor is disgusting and the texture is completely off.
4981,B0061695,A217358,User_4980,8,18,5,1434595575,Great product!,
4982,B0025488,A822108,User_4981,5,32,4,1072885509,Fantastic!,Great quality and fast shipping. Will definitely buy again. Loved the flavor and texture. Will be ordering more very soon.
4983,B0015905,A729684,User_4982,46,68,5,1480092285,Loved it!,Superb quality and flavor. This is now a staple in my household. This product is absolutely amazing! Best purchase I have ever made.
4984,B0033753,A214968,User_4983,21,43,5,1215741566,Great product!,This is the best food product I have tried in years. So delicious! I love this product so much. It exceeded all my expectations.
4985,B0035384,A255229,User_4984,25,38,5,1276663771,Great product!,Really good product. I order this every month for my family. Superb quality and flavor. This is now a staple in my household.
4986,B0070040,A563055,User_4985,17,30,2,1059037362,Not recommended,Poor quality packaging. Items were damaged when received. Extremely bitter and unpleasant. Could not eat it at all.
4987,B0033750,A463475,User_4986,4,25,5,1261742568,Highly recommend,Great purchase. The product tastes exactly as described. Fantastic taste and great value for money. Highly recommend!
4988,B0066668,A728573,User_4987,15,25,1,1404841508,Waste of money,Extremely bitter and unpleasant. Could not eat it at all. Tasted terrible. Threw it straight in the bin. Complete waste.
4989,B0050049,A354196,User_4988,20,21,5,1497117099,Great product!,This product is absolutely amazing! Best purchase I have ever made. Top notch quality. I am very satisfied with my purchase.
4990,B0039323,A694919,User_4989,22,43,5,1322913844,Perfect!,Great quality and fast shipping. Will definitely buy again. Really good product. I order this every month for my family.
4991,B0098424,A830666,User_4990,19,25,1,1134077634,Very bad,Very bad experience. Product did not match the description at all. Packaging was horrible and the product leaked everywhere.
4992,B0032734,A925766,User_4991,2,25,1,1004448496,Don't buy,I regret buying this. The smell is awful and taste is worse. Nothing as advertised. Feels like a scam. Very unhappy.
4993,B0017488,A480246,User_4992,18,42,1,1390749789,Very bad,Terrible product. Arrived broken and smelled awful. Never again. Very disappointed. The taste was nothing like described.
4994,B0057688,A430362,User_4993,38,42,1,1007626271,Disappointed,I regret buying this. The smell is awful and taste is worse. Very disappointed. The taste was nothing like described.
4995,B0076704,A584399,User_4994,38,44,4,1279814778,Perfect!,Best snack I have ever had. My kids absolutely love it too. Best snack I have ever had. My kids absolutely love it too.
4996,B0060718,A800404,User_4995,35,51,5,1457240777,Loved it!,Absolutely delicious and healthy. I cannot imagine my life without it. Fantastic taste and great value for money. Highly recommend!
4997,B0084398,A191786,User_4996,33,59,5,1009726670,Great product!,Best snack I have ever had. My kids absolutely love it too. Loved the flavor and texture. Will be ordering more very soon.
4998,B0084174,A401804,User_4997,22,42,2,1173747813,Terrible,Disappointed and frustrated. This product ruined my meal. Nothing as advertised. Feels like a scam. Very unhappy.
4999,B0067518,A941001,User_4998,48,65,5,1276480497,Excellent!,The taste is divine and it keeps me energized throughout the day. Absolutely delicious and healthy. I cannot imagine my life without it.
5000,B0030739,A289540,User_4999,33,34,5,1290898048,Highly recommend,Excellent product! The quality is outstanding and it tastes wonderful. Absolutely delicious and healthy. I cannot imagine my life without it.
